gameplay_floor,support_block_x,support_block_y,support_block_z,spawn_x,spawn_y,spawn_z
2,-1002,4,2980,-1001.5,5,2980.5
2,-1004,4,2981,-1003.5,5,2981.5
2,-1003,4,2981,-1002.5,5,2981.5
2,-1002,4,2981,-1001.5,5,2981.5
2,-1001,4,2981,-1000.5,5,2981.5
2,-1000,4,2981,-999.5,5,2981.5
2,-1006,4,2982,-1005.5,5,2982.5
2,-1005,4,2982,-1004.5,5,2982.5
2,-1004,4,2982,-1003.5,5,2982.5
2,-1003,4,2982,-1002.5,5,2982.5
2,-1002,4,2982,-1001.5,5,2982.5
2,-1001,4,2982,-1000.5,5,2982.5
2,-1000,4,2982,-999.5,5,2982.5
2,-999,4,2982,-998.5,5,2982.5
2,-998,4,2982,-997.5,5,2982.5
2,-1009,4,2983,-1008.5,5,2983.5
2,-1008,4,2983,-1007.5,5,2983.5
2,-1007,4,2983,-1006.5,5,2983.5
2,-1006,4,2983,-1005.5,5,2983.5
2,-1005,4,2983,-1004.5,5,2983.5
2,-1004,4,2983,-1003.5,5,2983.5
2,-1003,4,2983,-1002.5,5,2983.5
2,-1002,4,2983,-1001.5,5,2983.5
2,-1001,4,2983,-1000.5,5,2983.5
2,-1000,4,2983,-999.5,5,2983.5
2,-999,4,2983,-998.5,5,2983.5
2,-998,4,2983,-997.5,5,2983.5
2,-997,4,2983,-996.5,5,2983.5
2,-996,4,2983,-995.5,5,2983.5
2,-995,4,2983,-994.5,5,2983.5
2,-1011,4,2984,-1010.5,5,2984.5
2,-1010,4,2984,-1009.5,5,2984.5
2,-1009,4,2984,-1008.5,5,2984.5
2,-1008,4,2984,-1007.5,5,2984.5
2,-1007,4,2984,-1006.5,5,2984.5
2,-1006,4,2984,-1005.5,5,2984.5
2,-1005,4,2984,-1004.5,5,2984.5
2,-1004,4,2984,-1003.5,5,2984.5
2,-1003,4,2984,-1002.5,5,2984.5
2,-1002,4,2984,-1001.5,5,2984.5
2,-1001,4,2984,-1000.5,5,2984.5
2,-1000,4,2984,-999.5,5,2984.5
2,-999,4,2984,-998.5,5,2984.5
2,-998,4,2984,-997.5,5,2984.5
2,-997,4,2984,-996.5,5,2984.5
2,-996,4,2984,-995.5,5,2984.5
2,-995,4,2984,-994.5,5,2984.5
2,-994,4,2984,-993.5,5,2984.5
2,-993,4,2984,-992.5,5,2984.5
2,-1014,4,2985,-1013.5,5,2985.5
2,-1013,4,2985,-1012.5,5,2985.5
2,-1012,4,2985,-1011.5,5,2985.5
2,-1011,4,2985,-1010.5,5,2985.5
2,-1010,4,2985,-1009.5,5,2985.5
2,-1009,4,2985,-1008.5,5,2985.5
2,-1008,4,2985,-1007.5,5,2985.5
2,-1007,4,2985,-1006.5,5,2985.5
2,-1006,4,2985,-1005.5,5,2985.5
2,-1005,4,2985,-1004.5,5,2985.5
2,-1004,4,2985,-1003.5,5,2985.5
2,-1003,4,2985,-1002.5,5,2985.5
2,-1002,4,2985,-1001.5,5,2985.5
2,-1001,4,2985,-1000.5,5,2985.5
2,-1000,4,2985,-999.5,5,2985.5
2,-999,4,2985,-998.5,5,2985.5
2,-998,4,2985,-997.5,5,2985.5
2,-997,4,2985,-996.5,5,2985.5
2,-996,4,2985,-995.5,5,2985.5
2,-995,4,2985,-994.5,5,2985.5
2,-994,4,2985,-993.5,5,2985.5
2,-993,4,2985,-992.5,5,2985.5
2,-992,4,2985,-991.5,5,2985.5
2,-991,4,2985,-990.5,5,2985.5
2,-990,4,2985,-989.5,5,2985.5
2,-1016,4,2986,-1015.5,5,2986.5
2,-1015,4,2986,-1014.5,5,2986.5
2,-1014,4,2986,-1013.5,5,2986.5
2,-1013,4,2986,-1012.5,5,2986.5
2,-1012,4,2986,-1011.5,5,2986.5
2,-1011,4,2986,-1010.5,5,2986.5
2,-1010,4,2986,-1009.5,5,2986.5
2,-1009,4,2986,-1008.5,5,2986.5
2,-1008,4,2986,-1007.5,5,2986.5
2,-1007,4,2986,-1006.5,5,2986.5
2,-1006,4,2986,-1005.5,5,2986.5
2,-1005,4,2986,-1004.5,5,2986.5
2,-1004,4,2986,-1003.5,5,2986.5
2,-1003,4,2986,-1002.5,5,2986.5
2,-1002,4,2986,-1001.5,5,2986.5
2,-1001,4,2986,-1000.5,5,2986.5
2,-1000,4,2986,-999.5,5,2986.5
2,-999,4,2986,-998.5,5,2986.5
2,-998,4,2986,-997.5,5,2986.5
2,-997,4,2986,-996.5,5,2986.5
2,-996,4,2986,-995.5,5,2986.5
2,-995,4,2986,-994.5,5,2986.5
2,-994,4,2986,-993.5,5,2986.5
2,-993,4,2986,-992.5,5,2986.5
2,-992,4,2986,-991.5,5,2986.5
2,-991,4,2986,-990.5,5,2986.5
2,-990,4,2986,-989.5,5,2986.5
2,-989,4,2986,-988.5,5,2986.5
2,-988,4,2986,-987.5,5,2986.5
2,-1018,4,2987,-1017.5,5,2987.5
2,-1017,4,2987,-1016.5,5,2987.5
2,-1016,4,2987,-1015.5,5,2987.5
2,-1015,4,2987,-1014.5,5,2987.5
2,-1014,4,2987,-1013.5,5,2987.5
2,-1013,4,2987,-1012.5,5,2987.5
2,-1012,4,2987,-1011.5,5,2987.5
2,-1011,4,2987,-1010.5,5,2987.5
2,-1010,4,2987,-1009.5,5,2987.5
2,-1009,4,2987,-1008.5,5,2987.5
2,-1008,4,2987,-1007.5,5,2987.5
2,-1007,4,2987,-1006.5,5,2987.5
2,-1006,4,2987,-1005.5,5,2987.5
2,-1005,4,2987,-1004.5,5,2987.5
2,-1004,4,2987,-1003.5,5,2987.5
2,-1003,4,2987,-1002.5,5,2987.5
2,-1002,4,2987,-1001.5,5,2987.5
2,-1001,4,2987,-1000.5,5,2987.5
2,-1000,4,2987,-999.5,5,2987.5
2,-999,4,2987,-998.5,5,2987.5
2,-998,4,2987,-997.5,5,2987.5
2,-997,4,2987,-996.5,5,2987.5
2,-996,4,2987,-995.5,5,2987.5
2,-995,4,2987,-994.5,5,2987.5
2,-994,4,2987,-993.5,5,2987.5
2,-993,4,2987,-992.5,5,2987.5
2,-992,4,2987,-991.5,5,2987.5
2,-991,4,2987,-990.5,5,2987.5
2,-990,4,2987,-989.5,5,2987.5
2,-989,4,2987,-988.5,5,2987.5
2,-988,4,2987,-987.5,5,2987.5
2,-987,4,2987,-986.5,5,2987.5
2,-986,4,2987,-985.5,5,2987.5
2,-1020,4,2988,-1019.5,5,2988.5
2,-1019,4,2988,-1018.5,5,2988.5
2,-1018,4,2988,-1017.5,5,2988.5
2,-1017,4,2988,-1016.5,5,2988.5
2,-1016,4,2988,-1015.5,5,2988.5
2,-1015,4,2988,-1014.5,5,2988.5
2,-1014,4,2988,-1013.5,5,2988.5
2,-1013,4,2988,-1012.5,5,2988.5
2,-1012,4,2988,-1011.5,5,2988.5
2,-1011,4,2988,-1010.5,5,2988.5
2,-1010,4,2988,-1009.5,5,2988.5
2,-1009,4,2988,-1008.5,5,2988.5
2,-1008,4,2988,-1007.5,5,2988.5
2,-1007,4,2988,-1006.5,5,2988.5
2,-1006,4,2988,-1005.5,5,2988.5
2,-1005,4,2988,-1004.5,5,2988.5
2,-1004,4,2988,-1003.5,5,2988.5
2,-1003,4,2988,-1002.5,5,2988.5
2,-1002,4,2988,-1001.5,5,2988.5
2,-1001,4,2988,-1000.5,5,2988.5
2,-1000,4,2988,-999.5,5,2988.5
2,-999,4,2988,-998.5,5,2988.5
2,-998,4,2988,-997.5,5,2988.5
2,-997,4,2988,-996.5,5,2988.5
2,-996,4,2988,-995.5,5,2988.5
2,-995,4,2988,-994.5,5,2988.5
2,-994,4,2988,-993.5,5,2988.5
2,-993,4,2988,-992.5,5,2988.5
2,-992,4,2988,-991.5,5,2988.5
2,-991,4,2988,-990.5,5,2988.5
2,-990,4,2988,-989.5,5,2988.5
2,-989,4,2988,-988.5,5,2988.5
2,-988,4,2988,-987.5,5,2988.5
2,-987,4,2988,-986.5,5,2988.5
2,-986,4,2988,-985.5,5,2988.5
2,-985,4,2988,-984.5,5,2988.5
2,-984,4,2988,-983.5,5,2988.5
2,-1020,4,2989,-1019.5,5,2989.5
2,-1019,4,2989,-1018.5,5,2989.5
2,-1018,4,2989,-1017.5,5,2989.5
2,-1017,4,2989,-1016.5,5,2989.5
2,-1016,4,2989,-1015.5,5,2989.5
2,-1015,4,2989,-1014.5,5,2989.5
2,-1014,4,2989,-1013.5,5,2989.5
2,-1013,4,2989,-1012.5,5,2989.5
2,-1012,4,2989,-1011.5,5,2989.5
2,-1011,4,2989,-1010.5,5,2989.5
2,-1010,4,2989,-1009.5,5,2989.5
2,-1009,4,2989,-1008.5,5,2989.5
2,-1008,4,2989,-1007.5,5,2989.5
2,-1007,4,2989,-1006.5,5,2989.5
2,-1006,4,2989,-1005.5,5,2989.5
2,-1005,4,2989,-1004.5,5,2989.5
2,-1004,4,2989,-1003.5,5,2989.5
2,-1003,4,2989,-1002.5,5,2989.5
2,-1002,4,2989,-1001.5,5,2989.5
2,-1001,4,2989,-1000.5,5,2989.5
2,-1000,4,2989,-999.5,5,2989.5
2,-999,4,2989,-998.5,5,2989.5
2,-998,4,2989,-997.5,5,2989.5
2,-997,4,2989,-996.5,5,2989.5
2,-996,4,2989,-995.5,5,2989.5
2,-995,4,2989,-994.5,5,2989.5
2,-994,4,2989,-993.5,5,2989.5
2,-993,4,2989,-992.5,5,2989.5
2,-992,4,2989,-991.5,5,2989.5
2,-991,4,2989,-990.5,5,2989.5
2,-990,4,2989,-989.5,5,2989.5
2,-989,4,2989,-988.5,5,2989.5
2,-988,4,2989,-987.5,5,2989.5
2,-987,4,2989,-986.5,5,2989.5
2,-986,4,2989,-985.5,5,2989.5
2,-985,4,2989,-984.5,5,2989.5
2,-984,4,2989,-983.5,5,2989.5
2,-1021,4,2990,-1020.5,5,2990.5
2,-1020,4,2990,-1019.5,5,2990.5
2,-1019,4,2990,-1018.5,5,2990.5
2,-1018,4,2990,-1017.5,5,2990.5
2,-1017,4,2990,-1016.5,5,2990.5
2,-1016,4,2990,-1015.5,5,2990.5
2,-1015,4,2990,-1014.5,5,2990.5
2,-1014,4,2990,-1013.5,5,2990.5
2,-1013,4,2990,-1012.5,5,2990.5
2,-1012,4,2990,-1011.5,5,2990.5
2,-1011,4,2990,-1010.5,5,2990.5
2,-1010,4,2990,-1009.5,5,2990.5
2,-1009,4,2990,-1008.5,5,2990.5
2,-1008,4,2990,-1007.5,5,2990.5
2,-1007,4,2990,-1006.5,5,2990.5
2,-1006,4,2990,-1005.5,5,2990.5
2,-1005,4,2990,-1004.5,5,2990.5
2,-1004,4,2990,-1003.5,5,2990.5
2,-1003,4,2990,-1002.5,5,2990.5
2,-1002,4,2990,-1001.5,5,2990.5
2,-1001,4,2990,-1000.5,5,2990.5
2,-1000,4,2990,-999.5,5,2990.5
2,-999,4,2990,-998.5,5,2990.5
2,-998,4,2990,-997.5,5,2990.5
2,-997,4,2990,-996.5,5,2990.5
2,-996,4,2990,-995.5,5,2990.5
2,-995,4,2990,-994.5,5,2990.5
2,-994,4,2990,-993.5,5,2990.5
2,-993,4,2990,-992.5,5,2990.5
2,-992,4,2990,-991.5,5,2990.5
2,-991,4,2990,-990.5,5,2990.5
2,-990,4,2990,-989.5,5,2990.5
2,-989,4,2990,-988.5,5,2990.5
2,-988,4,2990,-987.5,5,2990.5
2,-987,4,2990,-986.5,5,2990.5
2,-986,4,2990,-985.5,5,2990.5
2,-985,4,2990,-984.5,5,2990.5
2,-984,4,2990,-983.5,5,2990.5
2,-983,4,2990,-982.5,5,2990.5
2,-1021,4,2991,-1020.5,5,2991.5
2,-1020,4,2991,-1019.5,5,2991.5
2,-1019,4,2991,-1018.5,5,2991.5
2,-1018,4,2991,-1017.5,5,2991.5
2,-1017,4,2991,-1016.5,5,2991.5
2,-1016,4,2991,-1015.5,5,2991.5
2,-1015,4,2991,-1014.5,5,2991.5
2,-1014,4,2991,-1013.5,5,2991.5
2,-1013,4,2991,-1012.5,5,2991.5
2,-1012,4,2991,-1011.5,5,2991.5
2,-1011,4,2991,-1010.5,5,2991.5
2,-1010,4,2991,-1009.5,5,2991.5
2,-1009,4,2991,-1008.5,5,2991.5
2,-1008,4,2991,-1007.5,5,2991.5
2,-1007,4,2991,-1006.5,5,2991.5
2,-1006,4,2991,-1005.5,5,2991.5
2,-1005,4,2991,-1004.5,5,2991.5
2,-1004,4,2991,-1003.5,5,2991.5
2,-1003,4,2991,-1002.5,5,2991.5
2,-1002,4,2991,-1001.5,5,2991.5
2,-1001,4,2991,-1000.5,5,2991.5
2,-1000,4,2991,-999.5,5,2991.5
2,-999,4,2991,-998.5,5,2991.5
2,-998,4,2991,-997.5,5,2991.5
2,-997,4,2991,-996.5,5,2991.5
2,-996,4,2991,-995.5,5,2991.5
2,-995,4,2991,-994.5,5,2991.5
2,-994,4,2991,-993.5,5,2991.5
2,-993,4,2991,-992.5,5,2991.5
2,-992,4,2991,-991.5,5,2991.5
2,-991,4,2991,-990.5,5,2991.5
2,-990,4,2991,-989.5,5,2991.5
2,-989,4,2991,-988.5,5,2991.5
2,-988,4,2991,-987.5,5,2991.5
2,-987,4,2991,-986.5,5,2991.5
2,-986,4,2991,-985.5,5,2991.5
2,-985,4,2991,-984.5,5,2991.5
2,-984,4,2991,-983.5,5,2991.5
2,-983,4,2991,-982.5,5,2991.5
2,-1022,4,2992,-1021.5,5,2992.5
2,-1021,4,2992,-1020.5,5,2992.5
2,-1020,4,2992,-1019.5,5,2992.5
2,-1019,4,2992,-1018.5,5,2992.5
2,-1018,4,2992,-1017.5,5,2992.5
2,-1017,4,2992,-1016.5,5,2992.5
2,-1016,4,2992,-1015.5,5,2992.5
2,-1015,4,2992,-1014.5,5,2992.5
2,-1014,4,2992,-1013.5,5,2992.5
2,-1013,4,2992,-1012.5,5,2992.5
2,-1012,4,2992,-1011.5,5,2992.5
2,-1011,4,2992,-1010.5,5,2992.5
2,-1010,4,2992,-1009.5,5,2992.5
2,-1009,4,2992,-1008.5,5,2992.5
2,-1008,4,2992,-1007.5,5,2992.5
2,-1007,4,2992,-1006.5,5,2992.5
2,-1006,4,2992,-1005.5,5,2992.5
2,-1005,4,2992,-1004.5,5,2992.5
2,-1004,4,2992,-1003.5,5,2992.5
2,-1003,4,2992,-1002.5,5,2992.5
2,-1002,4,2992,-1001.5,5,2992.5
2,-1001,4,2992,-1000.5,5,2992.5
2,-1000,4,2992,-999.5,5,2992.5
2,-999,4,2992,-998.5,5,2992.5
2,-998,4,2992,-997.5,5,2992.5
2,-997,4,2992,-996.5,5,2992.5
2,-996,4,2992,-995.5,5,2992.5
2,-995,4,2992,-994.5,5,2992.5
2,-994,4,2992,-993.5,5,2992.5
2,-993,4,2992,-992.5,5,2992.5
2,-992,4,2992,-991.5,5,2992.5
2,-991,4,2992,-990.5,5,2992.5
2,-990,4,2992,-989.5,5,2992.5
2,-989,4,2992,-988.5,5,2992.5
2,-988,4,2992,-987.5,5,2992.5
2,-987,4,2992,-986.5,5,2992.5
2,-986,4,2992,-985.5,5,2992.5
2,-985,4,2992,-984.5,5,2992.5
2,-984,4,2992,-983.5,5,2992.5
2,-983,4,2992,-982.5,5,2992.5
2,-982,4,2992,-981.5,5,2992.5
2,-1022,4,2993,-1021.5,5,2993.5
2,-1021,4,2993,-1020.5,5,2993.5
2,-1020,4,2993,-1019.5,5,2993.5
2,-1019,4,2993,-1018.5,5,2993.5
2,-1018,4,2993,-1017.5,5,2993.5
2,-1017,4,2993,-1016.5,5,2993.5
2,-1016,4,2993,-1015.5,5,2993.5
2,-1015,4,2993,-1014.5,5,2993.5
2,-1014,4,2993,-1013.5,5,2993.5
2,-1013,4,2993,-1012.5,5,2993.5
2,-1012,4,2993,-1011.5,5,2993.5
2,-1011,4,2993,-1010.5,5,2993.5
2,-1010,4,2993,-1009.5,5,2993.5
2,-1009,4,2993,-1008.5,5,2993.5
2,-1008,4,2993,-1007.5,5,2993.5
2,-1007,4,2993,-1006.5,5,2993.5
2,-1006,4,2993,-1005.5,5,2993.5
2,-1005,4,2993,-1004.5,5,2993.5
2,-1004,4,2993,-1003.5,5,2993.5
2,-1003,4,2993,-1002.5,5,2993.5
2,-1002,4,2993,-1001.5,5,2993.5
2,-1001,4,2993,-1000.5,5,2993.5
2,-1000,4,2993,-999.5,5,2993.5
2,-999,4,2993,-998.5,5,2993.5
2,-998,4,2993,-997.5,5,2993.5
2,-997,4,2993,-996.5,5,2993.5
2,-996,4,2993,-995.5,5,2993.5
2,-995,4,2993,-994.5,5,2993.5
2,-994,4,2993,-993.5,5,2993.5
2,-993,4,2993,-992.5,5,2993.5
2,-992,4,2993,-991.5,5,2993.5
2,-991,4,2993,-990.5,5,2993.5
2,-990,4,2993,-989.5,5,2993.5
2,-989,4,2993,-988.5,5,2993.5
2,-988,4,2993,-987.5,5,2993.5
2,-987,4,2993,-986.5,5,2993.5
2,-986,4,2993,-985.5,5,2993.5
2,-985,4,2993,-984.5,5,2993.5
2,-984,4,2993,-983.5,5,2993.5
2,-983,4,2993,-982.5,5,2993.5
2,-982,4,2993,-981.5,5,2993.5
2,-1023,4,2994,-1022.5,5,2994.5
2,-1022,4,2994,-1021.5,5,2994.5
2,-1021,4,2994,-1020.5,5,2994.5
2,-1020,4,2994,-1019.5,5,2994.5
2,-1019,4,2994,-1018.5,5,2994.5
2,-1018,4,2994,-1017.5,5,2994.5
2,-1017,4,2994,-1016.5,5,2994.5
2,-1016,4,2994,-1015.5,5,2994.5
2,-1015,4,2994,-1014.5,5,2994.5
2,-1014,4,2994,-1013.5,5,2994.5
2,-1013,4,2994,-1012.5,5,2994.5
2,-1012,4,2994,-1011.5,5,2994.5
2,-1011,4,2994,-1010.5,5,2994.5
2,-1010,4,2994,-1009.5,5,2994.5
2,-1009,4,2994,-1008.5,5,2994.5
2,-1008,4,2994,-1007.5,5,2994.5
2,-1007,4,2994,-1006.5,5,2994.5
2,-1006,4,2994,-1005.5,5,2994.5
2,-1005,4,2994,-1004.5,5,2994.5
2,-1004,4,2994,-1003.5,5,2994.5
2,-1003,4,2994,-1002.5,5,2994.5
2,-1002,4,2994,-1001.5,5,2994.5
2,-1001,4,2994,-1000.5,5,2994.5
2,-1000,4,2994,-999.5,5,2994.5
2,-999,4,2994,-998.5,5,2994.5
2,-998,4,2994,-997.5,5,2994.5
2,-997,4,2994,-996.5,5,2994.5
2,-996,4,2994,-995.5,5,2994.5
2,-995,4,2994,-994.5,5,2994.5
2,-994,4,2994,-993.5,5,2994.5
2,-993,4,2994,-992.5,5,2994.5
2,-992,4,2994,-991.5,5,2994.5
2,-991,4,2994,-990.5,5,2994.5
2,-990,4,2994,-989.5,5,2994.5
2,-989,4,2994,-988.5,5,2994.5
2,-988,4,2994,-987.5,5,2994.5
2,-987,4,2994,-986.5,5,2994.5
2,-986,4,2994,-985.5,5,2994.5
2,-985,4,2994,-984.5,5,2994.5
2,-984,4,2994,-983.5,5,2994.5
2,-983,4,2994,-982.5,5,2994.5
2,-982,4,2994,-981.5,5,2994.5
2,-981,4,2994,-980.5,5,2994.5
2,-1023,4,2995,-1022.5,5,2995.5
2,-1022,4,2995,-1021.5,5,2995.5
2,-1021,4,2995,-1020.5,5,2995.5
2,-1020,4,2995,-1019.5,5,2995.5
2,-1019,4,2995,-1018.5,5,2995.5
2,-1018,4,2995,-1017.5,5,2995.5
2,-1017,4,2995,-1016.5,5,2995.5
2,-1016,4,2995,-1015.5,5,2995.5
2,-1015,4,2995,-1014.5,5,2995.5
2,-1014,4,2995,-1013.5,5,2995.5
2,-1008,4,2995,-1007.5,5,2995.5
2,-1007,4,2995,-1006.5,5,2995.5
2,-1006,4,2995,-1005.5,5,2995.5
2,-1005,4,2995,-1004.5,5,2995.5
2,-1004,4,2995,-1003.5,5,2995.5
2,-1003,4,2995,-1002.5,5,2995.5
2,-1002,4,2995,-1001.5,5,2995.5
2,-1001,4,2995,-1000.5,5,2995.5
2,-1000,4,2995,-999.5,5,2995.5
2,-999,4,2995,-998.5,5,2995.5
2,-998,4,2995,-997.5,5,2995.5
2,-997,4,2995,-996.5,5,2995.5
2,-996,4,2995,-995.5,5,2995.5
2,-990,4,2995,-989.5,5,2995.5
2,-989,4,2995,-988.5,5,2995.5
2,-988,4,2995,-987.5,5,2995.5
2,-987,4,2995,-986.5,5,2995.5
2,-986,4,2995,-985.5,5,2995.5
2,-985,4,2995,-984.5,5,2995.5
2,-984,4,2995,-983.5,5,2995.5
2,-983,4,2995,-982.5,5,2995.5
2,-982,4,2995,-981.5,5,2995.5
2,-981,4,2995,-980.5,5,2995.5
2,-1023,4,2996,-1022.5,5,2996.5
2,-1022,4,2996,-1021.5,5,2996.5
2,-1021,4,2996,-1020.5,5,2996.5
2,-1020,4,2996,-1019.5,5,2996.5
2,-1019,4,2996,-1018.5,5,2996.5
2,-1018,4,2996,-1017.5,5,2996.5
2,-1017,4,2996,-1016.5,5,2996.5
2,-1016,4,2996,-1015.5,5,2996.5
2,-1015,4,2996,-1014.5,5,2996.5
2,-1014,4,2996,-1013.5,5,2996.5
2,-1008,4,2996,-1007.5,5,2996.5
2,-1007,4,2996,-1006.5,5,2996.5
2,-1006,4,2996,-1005.5,5,2996.5
2,-1005,4,2996,-1004.5,5,2996.5
2,-1004,4,2996,-1003.5,5,2996.5
2,-1003,4,2996,-1002.5,5,2996.5
2,-1002,4,2996,-1001.5,5,2996.5
2,-1001,4,2996,-1000.5,5,2996.5
2,-1000,4,2996,-999.5,5,2996.5
2,-999,4,2996,-998.5,5,2996.5
2,-998,4,2996,-997.5,5,2996.5
2,-997,4,2996,-996.5,5,2996.5
2,-996,4,2996,-995.5,5,2996.5
2,-990,4,2996,-989.5,5,2996.5
2,-989,4,2996,-988.5,5,2996.5
2,-988,4,2996,-987.5,5,2996.5
2,-987,4,2996,-986.5,5,2996.5
2,-986,4,2996,-985.5,5,2996.5
2,-985,4,2996,-984.5,5,2996.5
2,-984,4,2996,-983.5,5,2996.5
2,-983,4,2996,-982.5,5,2996.5
2,-982,4,2996,-981.5,5,2996.5
2,-981,4,2996,-980.5,5,2996.5
2,-1024,4,2997,-1023.5,5,2997.5
2,-1023,4,2997,-1022.5,5,2997.5
2,-1022,4,2997,-1021.5,5,2997.5
2,-1021,4,2997,-1020.5,5,2997.5
2,-1020,4,2997,-1019.5,5,2997.5
2,-1019,4,2997,-1018.5,5,2997.5
2,-1018,4,2997,-1017.5,5,2997.5
2,-1017,4,2997,-1016.5,5,2997.5
2,-1016,4,2997,-1015.5,5,2997.5
2,-1015,4,2997,-1014.5,5,2997.5
2,-1014,4,2997,-1013.5,5,2997.5
2,-1008,4,2997,-1007.5,5,2997.5
2,-1007,4,2997,-1006.5,5,2997.5
2,-1006,4,2997,-1005.5,5,2997.5
2,-1005,4,2997,-1004.5,5,2997.5
2,-1004,4,2997,-1003.5,5,2997.5
2,-1003,4,2997,-1002.5,5,2997.5
2,-1002,4,2997,-1001.5,5,2997.5
2,-1001,4,2997,-1000.5,5,2997.5
2,-1000,4,2997,-999.5,5,2997.5
2,-999,4,2997,-998.5,5,2997.5
2,-998,4,2997,-997.5,5,2997.5
2,-997,4,2997,-996.5,5,2997.5
2,-996,4,2997,-995.5,5,2997.5
2,-990,4,2997,-989.5,5,2997.5
2,-989,4,2997,-988.5,5,2997.5
2,-988,4,2997,-987.5,5,2997.5
2,-987,4,2997,-986.5,5,2997.5
2,-986,4,2997,-985.5,5,2997.5
2,-985,4,2997,-984.5,5,2997.5
2,-984,4,2997,-983.5,5,2997.5
2,-983,4,2997,-982.5,5,2997.5
2,-982,4,2997,-981.5,5,2997.5
2,-981,4,2997,-980.5,5,2997.5
2,-980,4,2997,-979.5,5,2997.5
2,-1024,4,2998,-1023.5,5,2998.5
2,-1023,4,2998,-1022.5,5,2998.5
2,-1022,4,2998,-1021.5,5,2998.5
2,-1021,4,2998,-1020.5,5,2998.5
2,-1020,4,2998,-1019.5,5,2998.5
2,-1019,4,2998,-1018.5,5,2998.5
2,-1018,4,2998,-1017.5,5,2998.5
2,-1017,4,2998,-1016.5,5,2998.5
2,-1016,4,2998,-1015.5,5,2998.5
2,-1015,4,2998,-1014.5,5,2998.5
2,-1014,4,2998,-1013.5,5,2998.5
2,-1008,4,2998,-1007.5,5,2998.5
2,-1007,4,2998,-1006.5,5,2998.5
2,-1006,4,2998,-1005.5,5,2998.5
2,-1005,4,2998,-1004.5,5,2998.5
2,-1004,4,2998,-1003.5,5,2998.5
2,-1003,4,2998,-1002.5,5,2998.5
2,-1002,4,2998,-1001.5,5,2998.5
2,-1001,4,2998,-1000.5,5,2998.5
2,-1000,4,2998,-999.5,5,2998.5
2,-999,4,2998,-998.5,5,2998.5
2,-998,4,2998,-997.5,5,2998.5
2,-997,4,2998,-996.5,5,2998.5
2,-996,4,2998,-995.5,5,2998.5
2,-990,4,2998,-989.5,5,2998.5
2,-989,4,2998,-988.5,5,2998.5
2,-988,4,2998,-987.5,5,2998.5
2,-987,4,2998,-986.5,5,2998.5
2,-986,4,2998,-985.5,5,2998.5
2,-985,4,2998,-984.5,5,2998.5
2,-984,4,2998,-983.5,5,2998.5
2,-983,4,2998,-982.5,5,2998.5
2,-982,4,2998,-981.5,5,2998.5
2,-981,4,2998,-980.5,5,2998.5
2,-980,4,2998,-979.5,5,2998.5
2,-1025,4,2999,-1024.5,5,2999.5
2,-1024,4,2999,-1023.5,5,2999.5
2,-1023,4,2999,-1022.5,5,2999.5
2,-1022,4,2999,-1021.5,5,2999.5
2,-1021,4,2999,-1020.5,5,2999.5
2,-1020,4,2999,-1019.5,5,2999.5
2,-1019,4,2999,-1018.5,5,2999.5
2,-1018,4,2999,-1017.5,5,2999.5
2,-1017,4,2999,-1016.5,5,2999.5
2,-1016,4,2999,-1015.5,5,2999.5
2,-1015,4,2999,-1014.5,5,2999.5
2,-1014,4,2999,-1013.5,5,2999.5
2,-1008,4,2999,-1007.5,5,2999.5
2,-1007,4,2999,-1006.5,5,2999.5
2,-1006,4,2999,-1005.5,5,2999.5
2,-1005,4,2999,-1004.5,5,2999.5
2,-1004,4,2999,-1003.5,5,2999.5
2,-1003,4,2999,-1002.5,5,2999.5
2,-1002,4,2999,-1001.5,5,2999.5
2,-1001,4,2999,-1000.5,5,2999.5
2,-1000,4,2999,-999.5,5,2999.5
2,-999,4,2999,-998.5,5,2999.5
2,-998,4,2999,-997.5,5,2999.5
2,-997,4,2999,-996.5,5,2999.5
2,-996,4,2999,-995.5,5,2999.5
2,-990,4,2999,-989.5,5,2999.5
2,-989,4,2999,-988.5,5,2999.5
2,-988,4,2999,-987.5,5,2999.5
2,-987,4,2999,-986.5,5,2999.5
2,-986,4,2999,-985.5,5,2999.5
2,-985,4,2999,-984.5,5,2999.5
2,-984,4,2999,-983.5,5,2999.5
2,-983,4,2999,-982.5,5,2999.5
2,-982,4,2999,-981.5,5,2999.5
2,-981,4,2999,-980.5,5,2999.5
2,-980,4,2999,-979.5,5,2999.5
2,-979,4,2999,-978.5,5,2999.5
2,-1025,4,3000,-1024.5,5,3000.5
2,-1024,4,3000,-1023.5,5,3000.5
2,-1023,4,3000,-1022.5,5,3000.5
2,-1022,4,3000,-1021.5,5,3000.5
2,-1021,4,3000,-1020.5,5,3000.5
2,-1020,4,3000,-1019.5,5,3000.5
2,-1019,4,3000,-1018.5,5,3000.5
2,-1018,4,3000,-1017.5,5,3000.5
2,-1017,4,3000,-1016.5,5,3000.5
2,-1016,4,3000,-1015.5,5,3000.5
2,-1015,4,3000,-1014.5,5,3000.5
2,-1014,4,3000,-1013.5,5,3000.5
2,-1013,4,3000,-1012.5,5,3000.5
2,-1012,4,3000,-1011.5,5,3000.5
2,-1011,4,3000,-1010.5,5,3000.5
2,-1010,4,3000,-1009.5,5,3000.5
2,-1009,4,3000,-1008.5,5,3000.5
2,-1008,4,3000,-1007.5,5,3000.5
2,-1007,4,3000,-1006.5,5,3000.5
2,-1006,4,3000,-1005.5,5,3000.5
2,-1005,4,3000,-1004.5,5,3000.5
2,-1004,4,3000,-1003.5,5,3000.5
2,-1003,4,3000,-1002.5,5,3000.5
2,-1002,4,3000,-1001.5,5,3000.5
2,-1001,4,3000,-1000.5,5,3000.5
2,-1000,4,3000,-999.5,5,3000.5
2,-999,4,3000,-998.5,5,3000.5
2,-998,4,3000,-997.5,5,3000.5
2,-997,4,3000,-996.5,5,3000.5
2,-996,4,3000,-995.5,5,3000.5
2,-995,4,3000,-994.5,5,3000.5
2,-994,4,3000,-993.5,5,3000.5
2,-993,4,3000,-992.5,5,3000.5
2,-992,4,3000,-991.5,5,3000.5
2,-991,4,3000,-990.5,5,3000.5
2,-990,4,3000,-989.5,5,3000.5
2,-989,4,3000,-988.5,5,3000.5
2,-988,4,3000,-987.5,5,3000.5
2,-987,4,3000,-986.5,5,3000.5
2,-986,4,3000,-985.5,5,3000.5
2,-985,4,3000,-984.5,5,3000.5
2,-984,4,3000,-983.5,5,3000.5
2,-983,4,3000,-982.5,5,3000.5
2,-982,4,3000,-981.5,5,3000.5
2,-981,4,3000,-980.5,5,3000.5
2,-980,4,3000,-979.5,5,3000.5
2,-979,4,3000,-978.5,5,3000.5
2,-1025,4,3001,-1024.5,5,3001.5
2,-1024,4,3001,-1023.5,5,3001.5
2,-1023,4,3001,-1022.5,5,3001.5
2,-1022,4,3001,-1021.5,5,3001.5
2,-1021,4,3001,-1020.5,5,3001.5
2,-1020,4,3001,-1019.5,5,3001.5
2,-1019,4,3001,-1018.5,5,3001.5
2,-1018,4,3001,-1017.5,5,3001.5
2,-1017,4,3001,-1016.5,5,3001.5
2,-1016,4,3001,-1015.5,5,3001.5
2,-1015,4,3001,-1014.5,5,3001.5
2,-1014,4,3001,-1013.5,5,3001.5
2,-1013,4,3001,-1012.5,5,3001.5
2,-1012,4,3001,-1011.5,5,3001.5
2,-1011,4,3001,-1010.5,5,3001.5
2,-1010,4,3001,-1009.5,5,3001.5
2,-1009,4,3001,-1008.5,5,3001.5
2,-1008,4,3001,-1007.5,5,3001.5
2,-1007,4,3001,-1006.5,5,3001.5
2,-1006,4,3001,-1005.5,5,3001.5
2,-1005,4,3001,-1004.5,5,3001.5
2,-1004,4,3001,-1003.5,5,3001.5
2,-1003,4,3001,-1002.5,5,3001.5
2,-1002,4,3001,-1001.5,5,3001.5
2,-1001,4,3001,-1000.5,5,3001.5
2,-1000,4,3001,-999.5,5,3001.5
2,-999,4,3001,-998.5,5,3001.5
2,-998,4,3001,-997.5,5,3001.5
2,-997,4,3001,-996.5,5,3001.5
2,-996,4,3001,-995.5,5,3001.5
2,-995,4,3001,-994.5,5,3001.5
2,-994,4,3001,-993.5,5,3001.5
2,-993,4,3001,-992.5,5,3001.5
2,-992,4,3001,-991.5,5,3001.5
2,-991,4,3001,-990.5,5,3001.5
2,-990,4,3001,-989.5,5,3001.5
2,-989,4,3001,-988.5,5,3001.5
2,-988,4,3001,-987.5,5,3001.5
2,-987,4,3001,-986.5,5,3001.5
2,-986,4,3001,-985.5,5,3001.5
2,-985,4,3001,-984.5,5,3001.5
2,-984,4,3001,-983.5,5,3001.5
2,-983,4,3001,-982.5,5,3001.5
2,-982,4,3001,-981.5,5,3001.5
2,-981,4,3001,-980.5,5,3001.5
2,-980,4,3001,-979.5,5,3001.5
2,-979,4,3001,-978.5,5,3001.5
2,-1026,4,3002,-1025.5,5,3002.5
2,-1025,4,3002,-1024.5,5,3002.5
2,-1024,4,3002,-1023.5,5,3002.5
2,-1023,4,3002,-1022.5,5,3002.5
2,-1022,4,3002,-1021.5,5,3002.5
2,-1021,4,3002,-1020.5,5,3002.5
2,-1020,4,3002,-1019.5,5,3002.5
2,-1019,4,3002,-1018.5,5,3002.5
2,-1018,4,3002,-1017.5,5,3002.5
2,-1017,4,3002,-1016.5,5,3002.5
2,-1016,4,3002,-1015.5,5,3002.5
2,-1015,4,3002,-1014.5,5,3002.5
2,-1014,4,3002,-1013.5,5,3002.5
2,-1013,4,3002,-1012.5,5,3002.5
2,-1012,4,3002,-1011.5,5,3002.5
2,-1011,4,3002,-1010.5,5,3002.5
2,-1010,4,3002,-1009.5,5,3002.5
2,-1009,4,3002,-1008.5,5,3002.5
2,-1008,4,3002,-1007.5,5,3002.5
2,-1007,4,3002,-1006.5,5,3002.5
2,-1006,4,3002,-1005.5,5,3002.5
2,-1005,4,3002,-1004.5,5,3002.5
2,-1004,4,3002,-1003.5,5,3002.5
2,-1003,4,3002,-1002.5,5,3002.5
2,-1002,4,3002,-1001.5,5,3002.5
2,-1001,4,3002,-1000.5,5,3002.5
2,-1000,4,3002,-999.5,5,3002.5
2,-999,4,3002,-998.5,5,3002.5
2,-998,4,3002,-997.5,5,3002.5
2,-997,4,3002,-996.5,5,3002.5
2,-996,4,3002,-995.5,5,3002.5
2,-995,4,3002,-994.5,5,3002.5
2,-994,4,3002,-993.5,5,3002.5
2,-993,4,3002,-992.5,5,3002.5
2,-992,4,3002,-991.5,5,3002.5
2,-991,4,3002,-990.5,5,3002.5
2,-990,4,3002,-989.5,5,3002.5
2,-989,4,3002,-988.5,5,3002.5
2,-988,4,3002,-987.5,5,3002.5
2,-987,4,3002,-986.5,5,3002.5
2,-986,4,3002,-985.5,5,3002.5
2,-985,4,3002,-984.5,5,3002.5
2,-984,4,3002,-983.5,5,3002.5
2,-983,4,3002,-982.5,5,3002.5
2,-982,4,3002,-981.5,5,3002.5
2,-981,4,3002,-980.5,5,3002.5
2,-980,4,3002,-979.5,5,3002.5
2,-979,4,3002,-978.5,5,3002.5
2,-978,4,3002,-977.5,5,3002.5
2,-1026,4,3003,-1025.5,5,3003.5
2,-1025,4,3003,-1024.5,5,3003.5
2,-1024,4,3003,-1023.5,5,3003.5
2,-1023,4,3003,-1022.5,5,3003.5
2,-1022,4,3003,-1021.5,5,3003.5
2,-1021,4,3003,-1020.5,5,3003.5
2,-1020,4,3003,-1019.5,5,3003.5
2,-1019,4,3003,-1018.5,5,3003.5
2,-1018,4,3003,-1017.5,5,3003.5
2,-1017,4,3003,-1016.5,5,3003.5
2,-1016,4,3003,-1015.5,5,3003.5
2,-1015,4,3003,-1014.5,5,3003.5
2,-1014,4,3003,-1013.5,5,3003.5
2,-1013,4,3003,-1012.5,5,3003.5
2,-1012,4,3003,-1011.5,5,3003.5
2,-1011,4,3003,-1010.5,5,3003.5
2,-1010,4,3003,-1009.5,5,3003.5
2,-1009,4,3003,-1008.5,5,3003.5
2,-1008,4,3003,-1007.5,5,3003.5
2,-1007,4,3003,-1006.5,5,3003.5
2,-1006,4,3003,-1005.5,5,3003.5
2,-1005,4,3003,-1004.5,5,3003.5
2,-1004,4,3003,-1003.5,5,3003.5
2,-1003,4,3003,-1002.5,5,3003.5
2,-1002,4,3003,-1001.5,5,3003.5
2,-1001,4,3003,-1000.5,5,3003.5
2,-1000,4,3003,-999.5,5,3003.5
2,-999,4,3003,-998.5,5,3003.5
2,-998,4,3003,-997.5,5,3003.5
2,-997,4,3003,-996.5,5,3003.5
2,-996,4,3003,-995.5,5,3003.5
2,-995,4,3003,-994.5,5,3003.5
2,-994,4,3003,-993.5,5,3003.5
2,-993,4,3003,-992.5,5,3003.5
2,-992,4,3003,-991.5,5,3003.5
2,-991,4,3003,-990.5,5,3003.5
2,-990,4,3003,-989.5,5,3003.5
2,-989,4,3003,-988.5,5,3003.5
2,-988,4,3003,-987.5,5,3003.5
2,-987,4,3003,-986.5,5,3003.5
2,-986,4,3003,-985.5,5,3003.5
2,-985,4,3003,-984.5,5,3003.5
2,-984,4,3003,-983.5,5,3003.5
2,-983,4,3003,-982.5,5,3003.5
2,-982,4,3003,-981.5,5,3003.5
2,-981,4,3003,-980.5,5,3003.5
2,-980,4,3003,-979.5,5,3003.5
2,-979,4,3003,-978.5,5,3003.5
2,-978,4,3003,-977.5,5,3003.5
2,-1027,4,3004,-1026.5,5,3004.5
2,-1026,4,3004,-1025.5,5,3004.5
2,-1025,4,3004,-1024.5,5,3004.5
2,-1024,4,3004,-1023.5,5,3004.5
2,-1023,4,3004,-1022.5,5,3004.5
2,-1022,4,3004,-1021.5,5,3004.5
2,-1021,4,3004,-1020.5,5,3004.5
2,-1020,4,3004,-1019.5,5,3004.5
2,-1019,4,3004,-1018.5,5,3004.5
2,-1018,4,3004,-1017.5,5,3004.5
2,-1017,4,3004,-1016.5,5,3004.5
2,-1016,4,3004,-1015.5,5,3004.5
2,-1015,4,3004,-1014.5,5,3004.5
2,-1014,4,3004,-1013.5,5,3004.5
2,-1013,4,3004,-1012.5,5,3004.5
2,-1012,4,3004,-1011.5,5,3004.5
2,-1011,4,3004,-1010.5,5,3004.5
2,-1010,4,3004,-1009.5,5,3004.5
2,-1009,4,3004,-1008.5,5,3004.5
2,-1008,4,3004,-1007.5,5,3004.5
2,-1007,4,3004,-1006.5,5,3004.5
2,-1006,4,3004,-1005.5,5,3004.5
2,-1005,4,3004,-1004.5,5,3004.5
2,-1004,4,3004,-1003.5,5,3004.5
2,-1003,4,3004,-1002.5,5,3004.5
2,-1002,4,3004,-1001.5,5,3004.5
2,-1001,4,3004,-1000.5,5,3004.5
2,-1000,4,3004,-999.5,5,3004.5
2,-999,4,3004,-998.5,5,3004.5
2,-998,4,3004,-997.5,5,3004.5
2,-997,4,3004,-996.5,5,3004.5
2,-996,4,3004,-995.5,5,3004.5
2,-995,4,3004,-994.5,5,3004.5
2,-994,4,3004,-993.5,5,3004.5
2,-993,4,3004,-992.5,5,3004.5
2,-992,4,3004,-991.5,5,3004.5
2,-991,4,3004,-990.5,5,3004.5
2,-990,4,3004,-989.5,5,3004.5
2,-989,4,3004,-988.5,5,3004.5
2,-988,4,3004,-987.5,5,3004.5
2,-987,4,3004,-986.5,5,3004.5
2,-986,4,3004,-985.5,5,3004.5
2,-985,4,3004,-984.5,5,3004.5
2,-984,4,3004,-983.5,5,3004.5
2,-983,4,3004,-982.5,5,3004.5
2,-982,4,3004,-981.5,5,3004.5
2,-981,4,3004,-980.5,5,3004.5
2,-980,4,3004,-979.5,5,3004.5
2,-979,4,3004,-978.5,5,3004.5
2,-978,4,3004,-977.5,5,3004.5
2,-977,4,3004,-976.5,5,3004.5
2,-1027,4,3005,-1026.5,5,3005.5
2,-1026,4,3005,-1025.5,5,3005.5
2,-1025,4,3005,-1024.5,5,3005.5
2,-1024,4,3005,-1023.5,5,3005.5
2,-1023,4,3005,-1022.5,5,3005.5
2,-1022,4,3005,-1021.5,5,3005.5
2,-1021,4,3005,-1020.5,5,3005.5
2,-1020,4,3005,-1019.5,5,3005.5
2,-1019,4,3005,-1018.5,5,3005.5
2,-1018,4,3005,-1017.5,5,3005.5
2,-1017,4,3005,-1016.5,5,3005.5
2,-1016,4,3005,-1015.5,5,3005.5
2,-1015,4,3005,-1014.5,5,3005.5
2,-1014,4,3005,-1013.5,5,3005.5
2,-1013,4,3005,-1012.5,5,3005.5
2,-1012,4,3005,-1011.5,5,3005.5
2,-1011,4,3005,-1010.5,5,3005.5
2,-1010,4,3005,-1009.5,5,3005.5
2,-1009,4,3005,-1008.5,5,3005.5
2,-1008,4,3005,-1007.5,5,3005.5
2,-1007,4,3005,-1006.5,5,3005.5
2,-1006,4,3005,-1005.5,5,3005.5
2,-1005,4,3005,-1004.5,5,3005.5
2,-1004,4,3005,-1003.5,5,3005.5
2,-1003,4,3005,-1002.5,5,3005.5
2,-1002,4,3005,-1001.5,5,3005.5
2,-1001,4,3005,-1000.5,5,3005.5
2,-1000,4,3005,-999.5,5,3005.5
2,-999,4,3005,-998.5,5,3005.5
2,-998,4,3005,-997.5,5,3005.5
2,-997,4,3005,-996.5,5,3005.5
2,-996,4,3005,-995.5,5,3005.5
2,-995,4,3005,-994.5,5,3005.5
2,-994,4,3005,-993.5,5,3005.5
2,-993,4,3005,-992.5,5,3005.5
2,-992,4,3005,-991.5,5,3005.5
2,-991,4,3005,-990.5,5,3005.5
2,-990,4,3005,-989.5,5,3005.5
2,-989,4,3005,-988.5,5,3005.5
2,-988,4,3005,-987.5,5,3005.5
2,-987,4,3005,-986.5,5,3005.5
2,-986,4,3005,-985.5,5,3005.5
2,-985,4,3005,-984.5,5,3005.5
2,-984,4,3005,-983.5,5,3005.5
2,-983,4,3005,-982.5,5,3005.5
2,-982,4,3005,-981.5,5,3005.5
2,-981,4,3005,-980.5,5,3005.5
2,-980,4,3005,-979.5,5,3005.5
2,-979,4,3005,-978.5,5,3005.5
2,-978,4,3005,-977.5,5,3005.5
2,-977,4,3005,-976.5,5,3005.5
2,-1028,4,3006,-1027.5,5,3006.5
2,-1027,4,3006,-1026.5,5,3006.5
2,-1026,4,3006,-1025.5,5,3006.5
2,-1025,4,3006,-1024.5,5,3006.5
2,-1024,4,3006,-1023.5,5,3006.5
2,-1023,4,3006,-1022.5,5,3006.5
2,-1022,4,3006,-1021.5,5,3006.5
2,-1021,4,3006,-1020.5,5,3006.5
2,-1020,4,3006,-1019.5,5,3006.5
2,-1019,4,3006,-1018.5,5,3006.5
2,-1018,4,3006,-1017.5,5,3006.5
2,-1017,4,3006,-1016.5,5,3006.5
2,-1016,4,3006,-1015.5,5,3006.5
2,-1015,4,3006,-1014.5,5,3006.5
2,-1014,4,3006,-1013.5,5,3006.5
2,-1013,4,3006,-1012.5,5,3006.5
2,-1012,4,3006,-1011.5,5,3006.5
2,-1011,4,3006,-1010.5,5,3006.5
2,-1010,4,3006,-1009.5,5,3006.5
2,-1009,4,3006,-1008.5,5,3006.5
2,-1008,4,3006,-1007.5,5,3006.5
2,-1007,4,3006,-1006.5,5,3006.5
2,-1006,4,3006,-1005.5,5,3006.5
2,-1005,4,3006,-1004.5,5,3006.5
2,-1004,4,3006,-1003.5,5,3006.5
2,-1003,4,3006,-1002.5,5,3006.5
2,-1002,4,3006,-1001.5,5,3006.5
2,-1001,4,3006,-1000.5,5,3006.5
2,-1000,4,3006,-999.5,5,3006.5
2,-999,4,3006,-998.5,5,3006.5
2,-998,4,3006,-997.5,5,3006.5
2,-997,4,3006,-996.5,5,3006.5
2,-996,4,3006,-995.5,5,3006.5
2,-995,4,3006,-994.5,5,3006.5
2,-994,4,3006,-993.5,5,3006.5
2,-993,4,3006,-992.5,5,3006.5
2,-992,4,3006,-991.5,5,3006.5
2,-991,4,3006,-990.5,5,3006.5
2,-990,4,3006,-989.5,5,3006.5
2,-989,4,3006,-988.5,5,3006.5
2,-988,4,3006,-987.5,5,3006.5
2,-987,4,3006,-986.5,5,3006.5
2,-986,4,3006,-985.5,5,3006.5
2,-985,4,3006,-984.5,5,3006.5
2,-984,4,3006,-983.5,5,3006.5
2,-983,4,3006,-982.5,5,3006.5
2,-982,4,3006,-981.5,5,3006.5
2,-981,4,3006,-980.5,5,3006.5
2,-980,4,3006,-979.5,5,3006.5
2,-979,4,3006,-978.5,5,3006.5
2,-978,4,3006,-977.5,5,3006.5
2,-977,4,3006,-976.5,5,3006.5
2,-976,4,3006,-975.5,5,3006.5
2,-1027,4,3007,-1026.5,5,3007.5
2,-1026,4,3007,-1025.5,5,3007.5
2,-1025,4,3007,-1024.5,5,3007.5
2,-1024,4,3007,-1023.5,5,3007.5
2,-1023,4,3007,-1022.5,5,3007.5
2,-1022,4,3007,-1021.5,5,3007.5
2,-1021,4,3007,-1020.5,5,3007.5
2,-1020,4,3007,-1019.5,5,3007.5
2,-1019,4,3007,-1018.5,5,3007.5
2,-1018,4,3007,-1017.5,5,3007.5
2,-1017,4,3007,-1016.5,5,3007.5
2,-1016,4,3007,-1015.5,5,3007.5
2,-1015,4,3007,-1014.5,5,3007.5
2,-1014,4,3007,-1013.5,5,3007.5
2,-1013,4,3007,-1012.5,5,3007.5
2,-1012,4,3007,-1011.5,5,3007.5
2,-1011,4,3007,-1010.5,5,3007.5
2,-1010,4,3007,-1009.5,5,3007.5
2,-1009,4,3007,-1008.5,5,3007.5
2,-1008,4,3007,-1007.5,5,3007.5
2,-1007,4,3007,-1006.5,5,3007.5
2,-1006,4,3007,-1005.5,5,3007.5
2,-1005,4,3007,-1004.5,5,3007.5
2,-1004,4,3007,-1003.5,5,3007.5
2,-1003,4,3007,-1002.5,5,3007.5
2,-1002,4,3007,-1001.5,5,3007.5
2,-1001,4,3007,-1000.5,5,3007.5
2,-1000,4,3007,-999.5,5,3007.5
2,-999,4,3007,-998.5,5,3007.5
2,-998,4,3007,-997.5,5,3007.5
2,-997,4,3007,-996.5,5,3007.5
2,-996,4,3007,-995.5,5,3007.5
2,-995,4,3007,-994.5,5,3007.5
2,-994,4,3007,-993.5,5,3007.5
2,-993,4,3007,-992.5,5,3007.5
2,-992,4,3007,-991.5,5,3007.5
2,-991,4,3007,-990.5,5,3007.5
2,-990,4,3007,-989.5,5,3007.5
2,-989,4,3007,-988.5,5,3007.5
2,-988,4,3007,-987.5,5,3007.5
2,-987,4,3007,-986.5,5,3007.5
2,-986,4,3007,-985.5,5,3007.5
2,-985,4,3007,-984.5,5,3007.5
2,-984,4,3007,-983.5,5,3007.5
2,-983,4,3007,-982.5,5,3007.5
2,-982,4,3007,-981.5,5,3007.5
2,-981,4,3007,-980.5,5,3007.5
2,-980,4,3007,-979.5,5,3007.5
2,-979,4,3007,-978.5,5,3007.5
2,-978,4,3007,-977.5,5,3007.5
2,-977,4,3007,-976.5,5,3007.5
2,-1027,4,3008,-1026.5,5,3008.5
2,-1026,4,3008,-1025.5,5,3008.5
2,-1025,4,3008,-1024.5,5,3008.5
2,-1024,4,3008,-1023.5,5,3008.5
2,-1023,4,3008,-1022.5,5,3008.5
2,-1022,4,3008,-1021.5,5,3008.5
2,-1021,4,3008,-1020.5,5,3008.5
2,-1020,4,3008,-1019.5,5,3008.5
2,-1019,4,3008,-1018.5,5,3008.5
2,-1018,4,3008,-1017.5,5,3008.5
2,-1017,4,3008,-1016.5,5,3008.5
2,-1016,4,3008,-1015.5,5,3008.5
2,-1015,4,3008,-1014.5,5,3008.5
2,-1014,4,3008,-1013.5,5,3008.5
2,-1013,4,3008,-1012.5,5,3008.5
2,-1012,4,3008,-1011.5,5,3008.5
2,-1011,4,3008,-1010.5,5,3008.5
2,-1010,4,3008,-1009.5,5,3008.5
2,-1009,4,3008,-1008.5,5,3008.5
2,-1008,4,3008,-1007.5,5,3008.5
2,-1007,4,3008,-1006.5,5,3008.5
2,-1006,4,3008,-1005.5,5,3008.5
2,-1005,4,3008,-1004.5,5,3008.5
2,-1004,4,3008,-1003.5,5,3008.5
2,-1003,4,3008,-1002.5,5,3008.5
2,-1002,4,3008,-1001.5,5,3008.5
2,-1001,4,3008,-1000.5,5,3008.5
2,-1000,4,3008,-999.5,5,3008.5
2,-999,4,3008,-998.5,5,3008.5
2,-998,4,3008,-997.5,5,3008.5
2,-997,4,3008,-996.5,5,3008.5
2,-996,4,3008,-995.5,5,3008.5
2,-995,4,3008,-994.5,5,3008.5
2,-994,4,3008,-993.5,5,3008.5
2,-993,4,3008,-992.5,5,3008.5
2,-992,4,3008,-991.5,5,3008.5
2,-991,4,3008,-990.5,5,3008.5
2,-990,4,3008,-989.5,5,3008.5
2,-989,4,3008,-988.5,5,3008.5
2,-988,4,3008,-987.5,5,3008.5
2,-987,4,3008,-986.5,5,3008.5
2,-986,4,3008,-985.5,5,3008.5
2,-985,4,3008,-984.5,5,3008.5
2,-984,4,3008,-983.5,5,3008.5
2,-983,4,3008,-982.5,5,3008.5
2,-982,4,3008,-981.5,5,3008.5
2,-981,4,3008,-980.5,5,3008.5
2,-980,4,3008,-979.5,5,3008.5
2,-979,4,3008,-978.5,5,3008.5
2,-978,4,3008,-977.5,5,3008.5
2,-977,4,3008,-976.5,5,3008.5
2,-1026,4,3009,-1025.5,5,3009.5
2,-1025,4,3009,-1024.5,5,3009.5
2,-1024,4,3009,-1023.5,5,3009.5
2,-1023,4,3009,-1022.5,5,3009.5
2,-1022,4,3009,-1021.5,5,3009.5
2,-1021,4,3009,-1020.5,5,3009.5
2,-1020,4,3009,-1019.5,5,3009.5
2,-1019,4,3009,-1018.5,5,3009.5
2,-1018,4,3009,-1017.5,5,3009.5
2,-1017,4,3009,-1016.5,5,3009.5
2,-1016,4,3009,-1015.5,5,3009.5
2,-1015,4,3009,-1014.5,5,3009.5
2,-1014,4,3009,-1013.5,5,3009.5
2,-1013,4,3009,-1012.5,5,3009.5
2,-1012,4,3009,-1011.5,5,3009.5
2,-1011,4,3009,-1010.5,5,3009.5
2,-1010,4,3009,-1009.5,5,3009.5
2,-1009,4,3009,-1008.5,5,3009.5
2,-1008,4,3009,-1007.5,5,3009.5
2,-1007,4,3009,-1006.5,5,3009.5
2,-1006,4,3009,-1005.5,5,3009.5
2,-1005,4,3009,-1004.5,5,3009.5
2,-1004,4,3009,-1003.5,5,3009.5
2,-1003,4,3009,-1002.5,5,3009.5
2,-1002,4,3009,-1001.5,5,3009.5
2,-1001,4,3009,-1000.5,5,3009.5
2,-1000,4,3009,-999.5,5,3009.5
2,-999,4,3009,-998.5,5,3009.5
2,-998,4,3009,-997.5,5,3009.5
2,-997,4,3009,-996.5,5,3009.5
2,-996,4,3009,-995.5,5,3009.5
2,-995,4,3009,-994.5,5,3009.5
2,-994,4,3009,-993.5,5,3009.5
2,-993,4,3009,-992.5,5,3009.5
2,-992,4,3009,-991.5,5,3009.5
2,-991,4,3009,-990.5,5,3009.5
2,-990,4,3009,-989.5,5,3009.5
2,-989,4,3009,-988.5,5,3009.5
2,-988,4,3009,-987.5,5,3009.5
2,-987,4,3009,-986.5,5,3009.5
2,-986,4,3009,-985.5,5,3009.5
2,-985,4,3009,-984.5,5,3009.5
2,-984,4,3009,-983.5,5,3009.5
2,-983,4,3009,-982.5,5,3009.5
2,-982,4,3009,-981.5,5,3009.5
2,-981,4,3009,-980.5,5,3009.5
2,-980,4,3009,-979.5,5,3009.5
2,-979,4,3009,-978.5,5,3009.5
2,-978,4,3009,-977.5,5,3009.5
2,-1026,4,3010,-1025.5,5,3010.5
2,-1025,4,3010,-1024.5,5,3010.5
2,-1024,4,3010,-1023.5,5,3010.5
2,-1023,4,3010,-1022.5,5,3010.5
2,-1022,4,3010,-1021.5,5,3010.5
2,-1021,4,3010,-1020.5,5,3010.5
2,-1020,4,3010,-1019.5,5,3010.5
2,-1019,4,3010,-1018.5,5,3010.5
2,-1018,4,3010,-1017.5,5,3010.5
2,-1017,4,3010,-1016.5,5,3010.5
2,-1016,4,3010,-1015.5,5,3010.5
2,-1015,4,3010,-1014.5,5,3010.5
2,-1014,4,3010,-1013.5,5,3010.5
2,-1013,4,3010,-1012.5,5,3010.5
2,-1012,4,3010,-1011.5,5,3010.5
2,-1011,4,3010,-1010.5,5,3010.5
2,-1010,4,3010,-1009.5,5,3010.5
2,-1009,4,3010,-1008.5,5,3010.5
2,-1008,4,3010,-1007.5,5,3010.5
2,-1007,4,3010,-1006.5,5,3010.5
2,-1006,4,3010,-1005.5,5,3010.5
2,-1005,4,3010,-1004.5,5,3010.5
2,-1004,4,3010,-1003.5,5,3010.5
2,-1003,4,3010,-1002.5,5,3010.5
2,-1002,4,3010,-1001.5,5,3010.5
2,-1001,4,3010,-1000.5,5,3010.5
2,-1000,4,3010,-999.5,5,3010.5
2,-999,4,3010,-998.5,5,3010.5
2,-998,4,3010,-997.5,5,3010.5
2,-997,4,3010,-996.5,5,3010.5
2,-996,4,3010,-995.5,5,3010.5
2,-995,4,3010,-994.5,5,3010.5
2,-994,4,3010,-993.5,5,3010.5
2,-993,4,3010,-992.5,5,3010.5
2,-992,4,3010,-991.5,5,3010.5
2,-991,4,3010,-990.5,5,3010.5
2,-990,4,3010,-989.5,5,3010.5
2,-989,4,3010,-988.5,5,3010.5
2,-988,4,3010,-987.5,5,3010.5
2,-987,4,3010,-986.5,5,3010.5
2,-986,4,3010,-985.5,5,3010.5
2,-985,4,3010,-984.5,5,3010.5
2,-984,4,3010,-983.5,5,3010.5
2,-983,4,3010,-982.5,5,3010.5
2,-982,4,3010,-981.5,5,3010.5
2,-981,4,3010,-980.5,5,3010.5
2,-980,4,3010,-979.5,5,3010.5
2,-979,4,3010,-978.5,5,3010.5
2,-978,4,3010,-977.5,5,3010.5
2,-1025,4,3011,-1024.5,5,3011.5
2,-1024,4,3011,-1023.5,5,3011.5
2,-1023,4,3011,-1022.5,5,3011.5
2,-1022,4,3011,-1021.5,5,3011.5
2,-1021,4,3011,-1020.5,5,3011.5
2,-1020,4,3011,-1019.5,5,3011.5
2,-1019,4,3011,-1018.5,5,3011.5
2,-1018,4,3011,-1017.5,5,3011.5
2,-1017,4,3011,-1016.5,5,3011.5
2,-1016,4,3011,-1015.5,5,3011.5
2,-1015,4,3011,-1014.5,5,3011.5
2,-1014,4,3011,-1013.5,5,3011.5
2,-1013,4,3011,-1012.5,5,3011.5
2,-1012,4,3011,-1011.5,5,3011.5
2,-1011,4,3011,-1010.5,5,3011.5
2,-1010,4,3011,-1009.5,5,3011.5
2,-1009,4,3011,-1008.5,5,3011.5
2,-1008,4,3011,-1007.5,5,3011.5
2,-1007,4,3011,-1006.5,5,3011.5
2,-1006,4,3011,-1005.5,5,3011.5
2,-1005,4,3011,-1004.5,5,3011.5
2,-1004,4,3011,-1003.5,5,3011.5
2,-1003,4,3011,-1002.5,5,3011.5
2,-1002,4,3011,-1001.5,5,3011.5
2,-1001,4,3011,-1000.5,5,3011.5
2,-1000,4,3011,-999.5,5,3011.5
2,-999,4,3011,-998.5,5,3011.5
2,-998,4,3011,-997.5,5,3011.5
2,-997,4,3011,-996.5,5,3011.5
2,-996,4,3011,-995.5,5,3011.5
2,-995,4,3011,-994.5,5,3011.5
2,-994,4,3011,-993.5,5,3011.5
2,-993,4,3011,-992.5,5,3011.5
2,-992,4,3011,-991.5,5,3011.5
2,-991,4,3011,-990.5,5,3011.5
2,-990,4,3011,-989.5,5,3011.5
2,-989,4,3011,-988.5,5,3011.5
2,-988,4,3011,-987.5,5,3011.5
2,-987,4,3011,-986.5,5,3011.5
2,-986,4,3011,-985.5,5,3011.5
2,-985,4,3011,-984.5,5,3011.5
2,-984,4,3011,-983.5,5,3011.5
2,-983,4,3011,-982.5,5,3011.5
2,-982,4,3011,-981.5,5,3011.5
2,-981,4,3011,-980.5,5,3011.5
2,-980,4,3011,-979.5,5,3011.5
2,-979,4,3011,-978.5,5,3011.5
2,-1025,4,3012,-1024.5,5,3012.5
2,-1024,4,3012,-1023.5,5,3012.5
2,-1023,4,3012,-1022.5,5,3012.5
2,-1022,4,3012,-1021.5,5,3012.5
2,-1021,4,3012,-1020.5,5,3012.5
2,-1020,4,3012,-1019.5,5,3012.5
2,-1019,4,3012,-1018.5,5,3012.5
2,-1018,4,3012,-1017.5,5,3012.5
2,-1017,4,3012,-1016.5,5,3012.5
2,-1016,4,3012,-1015.5,5,3012.5
2,-1015,4,3012,-1014.5,5,3012.5
2,-1014,4,3012,-1013.5,5,3012.5
2,-1013,4,3012,-1012.5,5,3012.5
2,-1012,4,3012,-1011.5,5,3012.5
2,-1011,4,3012,-1010.5,5,3012.5
2,-1010,4,3012,-1009.5,5,3012.5
2,-1009,4,3012,-1008.5,5,3012.5
2,-1008,4,3012,-1007.5,5,3012.5
2,-1007,4,3012,-1006.5,5,3012.5
2,-1006,4,3012,-1005.5,5,3012.5
2,-1005,4,3012,-1004.5,5,3012.5
2,-1004,4,3012,-1003.5,5,3012.5
2,-1003,4,3012,-1002.5,5,3012.5
2,-1002,4,3012,-1001.5,5,3012.5
2,-1001,4,3012,-1000.5,5,3012.5
2,-1000,4,3012,-999.5,5,3012.5
2,-999,4,3012,-998.5,5,3012.5
2,-998,4,3012,-997.5,5,3012.5
2,-997,4,3012,-996.5,5,3012.5
2,-996,4,3012,-995.5,5,3012.5
2,-995,4,3012,-994.5,5,3012.5
2,-994,4,3012,-993.5,5,3012.5
2,-993,4,3012,-992.5,5,3012.5
2,-992,4,3012,-991.5,5,3012.5
2,-991,4,3012,-990.5,5,3012.5
2,-990,4,3012,-989.5,5,3012.5
2,-989,4,3012,-988.5,5,3012.5
2,-988,4,3012,-987.5,5,3012.5
2,-987,4,3012,-986.5,5,3012.5
2,-986,4,3012,-985.5,5,3012.5
2,-985,4,3012,-984.5,5,3012.5
2,-984,4,3012,-983.5,5,3012.5
2,-983,4,3012,-982.5,5,3012.5
2,-982,4,3012,-981.5,5,3012.5
2,-981,4,3012,-980.5,5,3012.5
2,-980,4,3012,-979.5,5,3012.5
2,-979,4,3012,-978.5,5,3012.5
2,-1025,4,3013,-1024.5,5,3013.5
2,-1024,4,3013,-1023.5,5,3013.5
2,-1023,4,3013,-1022.5,5,3013.5
2,-1022,4,3013,-1021.5,5,3013.5
2,-1021,4,3013,-1020.5,5,3013.5
2,-1020,4,3013,-1019.5,5,3013.5
2,-1019,4,3013,-1018.5,5,3013.5
2,-1018,4,3013,-1017.5,5,3013.5
2,-1017,4,3013,-1016.5,5,3013.5
2,-1016,4,3013,-1015.5,5,3013.5
2,-1015,4,3013,-1014.5,5,3013.5
2,-1014,4,3013,-1013.5,5,3013.5
2,-1008,4,3013,-1007.5,5,3013.5
2,-1007,4,3013,-1006.5,5,3013.5
2,-1006,4,3013,-1005.5,5,3013.5
2,-1005,4,3013,-1004.5,5,3013.5
2,-1004,4,3013,-1003.5,5,3013.5
2,-1003,4,3013,-1002.5,5,3013.5
2,-1002,4,3013,-1001.5,5,3013.5
2,-1001,4,3013,-1000.5,5,3013.5
2,-1000,4,3013,-999.5,5,3013.5
2,-999,4,3013,-998.5,5,3013.5
2,-998,4,3013,-997.5,5,3013.5
2,-997,4,3013,-996.5,5,3013.5
2,-996,4,3013,-995.5,5,3013.5
2,-990,4,3013,-989.5,5,3013.5
2,-989,4,3013,-988.5,5,3013.5
2,-988,4,3013,-987.5,5,3013.5
2,-987,4,3013,-986.5,5,3013.5
2,-986,4,3013,-985.5,5,3013.5
2,-985,4,3013,-984.5,5,3013.5
2,-984,4,3013,-983.5,5,3013.5
2,-983,4,3013,-982.5,5,3013.5
2,-982,4,3013,-981.5,5,3013.5
2,-981,4,3013,-980.5,5,3013.5
2,-980,4,3013,-979.5,5,3013.5
2,-979,4,3013,-978.5,5,3013.5
2,-1024,4,3014,-1023.5,5,3014.5
2,-1023,4,3014,-1022.5,5,3014.5
2,-1022,4,3014,-1021.5,5,3014.5
2,-1021,4,3014,-1020.5,5,3014.5
2,-1020,4,3014,-1019.5,5,3014.5
2,-1019,4,3014,-1018.5,5,3014.5
2,-1018,4,3014,-1017.5,5,3014.5
2,-1017,4,3014,-1016.5,5,3014.5
2,-1016,4,3014,-1015.5,5,3014.5
2,-1015,4,3014,-1014.5,5,3014.5
2,-1014,4,3014,-1013.5,5,3014.5
2,-1008,4,3014,-1007.5,5,3014.5
2,-1007,4,3014,-1006.5,5,3014.5
2,-1006,4,3014,-1005.5,5,3014.5
2,-1005,4,3014,-1004.5,5,3014.5
2,-1004,4,3014,-1003.5,5,3014.5
2,-1003,4,3014,-1002.5,5,3014.5
2,-1002,4,3014,-1001.5,5,3014.5
2,-1001,4,3014,-1000.5,5,3014.5
2,-1000,4,3014,-999.5,5,3014.5
2,-999,4,3014,-998.5,5,3014.5
2,-998,4,3014,-997.5,5,3014.5
2,-997,4,3014,-996.5,5,3014.5
2,-996,4,3014,-995.5,5,3014.5
2,-990,4,3014,-989.5,5,3014.5
2,-989,4,3014,-988.5,5,3014.5
2,-988,4,3014,-987.5,5,3014.5
2,-987,4,3014,-986.5,5,3014.5
2,-986,4,3014,-985.5,5,3014.5
2,-985,4,3014,-984.5,5,3014.5
2,-984,4,3014,-983.5,5,3014.5
2,-983,4,3014,-982.5,5,3014.5
2,-982,4,3014,-981.5,5,3014.5
2,-981,4,3014,-980.5,5,3014.5
2,-980,4,3014,-979.5,5,3014.5
2,-1024,4,3015,-1023.5,5,3015.5
2,-1023,4,3015,-1022.5,5,3015.5
2,-1022,4,3015,-1021.5,5,3015.5
2,-1021,4,3015,-1020.5,5,3015.5
2,-1020,4,3015,-1019.5,5,3015.5
2,-1019,4,3015,-1018.5,5,3015.5
2,-1018,4,3015,-1017.5,5,3015.5
2,-1017,4,3015,-1016.5,5,3015.5
2,-1016,4,3015,-1015.5,5,3015.5
2,-1015,4,3015,-1014.5,5,3015.5
2,-1014,4,3015,-1013.5,5,3015.5
2,-1008,4,3015,-1007.5,5,3015.5
2,-1007,4,3015,-1006.5,5,3015.5
2,-1006,4,3015,-1005.5,5,3015.5
2,-1005,4,3015,-1004.5,5,3015.5
2,-1004,4,3015,-1003.5,5,3015.5
2,-1003,4,3015,-1002.5,5,3015.5
2,-1002,4,3015,-1001.5,5,3015.5
2,-1001,4,3015,-1000.5,5,3015.5
2,-1000,4,3015,-999.5,5,3015.5
2,-999,4,3015,-998.5,5,3015.5
2,-998,4,3015,-997.5,5,3015.5
2,-997,4,3015,-996.5,5,3015.5
2,-996,4,3015,-995.5,5,3015.5
2,-990,4,3015,-989.5,5,3015.5
2,-989,4,3015,-988.5,5,3015.5
2,-988,4,3015,-987.5,5,3015.5
2,-987,4,3015,-986.5,5,3015.5
2,-986,4,3015,-985.5,5,3015.5
2,-985,4,3015,-984.5,5,3015.5
2,-984,4,3015,-983.5,5,3015.5
2,-983,4,3015,-982.5,5,3015.5
2,-982,4,3015,-981.5,5,3015.5
2,-981,4,3015,-980.5,5,3015.5
2,-980,4,3015,-979.5,5,3015.5
2,-1023,4,3016,-1022.5,5,3016.5
2,-1022,4,3016,-1021.5,5,3016.5
2,-1021,4,3016,-1020.5,5,3016.5
2,-1020,4,3016,-1019.5,5,3016.5
2,-1019,4,3016,-1018.5,5,3016.5
2,-1018,4,3016,-1017.5,5,3016.5
2,-1017,4,3016,-1016.5,5,3016.5
2,-1016,4,3016,-1015.5,5,3016.5
2,-1015,4,3016,-1014.5,5,3016.5
2,-1014,4,3016,-1013.5,5,3016.5
2,-1008,4,3016,-1007.5,5,3016.5
2,-1007,4,3016,-1006.5,5,3016.5
2,-1006,4,3016,-1005.5,5,3016.5
2,-1005,4,3016,-1004.5,5,3016.5
2,-1004,4,3016,-1003.5,5,3016.5
2,-1003,4,3016,-1002.5,5,3016.5
2,-1002,4,3016,-1001.5,5,3016.5
2,-1001,4,3016,-1000.5,5,3016.5
2,-1000,4,3016,-999.5,5,3016.5
2,-999,4,3016,-998.5,5,3016.5
2,-998,4,3016,-997.5,5,3016.5
2,-997,4,3016,-996.5,5,3016.5
2,-996,4,3016,-995.5,5,3016.5
2,-990,4,3016,-989.5,5,3016.5
2,-989,4,3016,-988.5,5,3016.5
2,-988,4,3016,-987.5,5,3016.5
2,-987,4,3016,-986.5,5,3016.5
2,-986,4,3016,-985.5,5,3016.5
2,-985,4,3016,-984.5,5,3016.5
2,-984,4,3016,-983.5,5,3016.5
2,-983,4,3016,-982.5,5,3016.5
2,-982,4,3016,-981.5,5,3016.5
2,-981,4,3016,-980.5,5,3016.5
2,-1023,4,3017,-1022.5,5,3017.5
2,-1022,4,3017,-1021.5,5,3017.5
2,-1021,4,3017,-1020.5,5,3017.5
2,-1020,4,3017,-1019.5,5,3017.5
2,-1019,4,3017,-1018.5,5,3017.5
2,-1018,4,3017,-1017.5,5,3017.5
2,-1017,4,3017,-1016.5,5,3017.5
2,-1016,4,3017,-1015.5,5,3017.5
2,-1015,4,3017,-1014.5,5,3017.5
2,-1014,4,3017,-1013.5,5,3017.5
2,-1008,4,3017,-1007.5,5,3017.5
2,-1007,4,3017,-1006.5,5,3017.5
2,-1006,4,3017,-1005.5,5,3017.5
2,-1005,4,3017,-1004.5,5,3017.5
2,-1004,4,3017,-1003.5,5,3017.5
2,-1003,4,3017,-1002.5,5,3017.5
2,-1002,4,3017,-1001.5,5,3017.5
2,-1001,4,3017,-1000.5,5,3017.5
2,-1000,4,3017,-999.5,5,3017.5
2,-999,4,3017,-998.5,5,3017.5
2,-998,4,3017,-997.5,5,3017.5
2,-997,4,3017,-996.5,5,3017.5
2,-996,4,3017,-995.5,5,3017.5
2,-990,4,3017,-989.5,5,3017.5
2,-989,4,3017,-988.5,5,3017.5
2,-988,4,3017,-987.5,5,3017.5
2,-987,4,3017,-986.5,5,3017.5
2,-986,4,3017,-985.5,5,3017.5
2,-985,4,3017,-984.5,5,3017.5
2,-984,4,3017,-983.5,5,3017.5
2,-983,4,3017,-982.5,5,3017.5
2,-982,4,3017,-981.5,5,3017.5
2,-981,4,3017,-980.5,5,3017.5
2,-1023,4,3018,-1022.5,5,3018.5
2,-1022,4,3018,-1021.5,5,3018.5
2,-1021,4,3018,-1020.5,5,3018.5
2,-1020,4,3018,-1019.5,5,3018.5
2,-1019,4,3018,-1018.5,5,3018.5
2,-1018,4,3018,-1017.5,5,3018.5
2,-1017,4,3018,-1016.5,5,3018.5
2,-1016,4,3018,-1015.5,5,3018.5
2,-1015,4,3018,-1014.5,5,3018.5
2,-1014,4,3018,-1013.5,5,3018.5
2,-1013,4,3018,-1012.5,5,3018.5
2,-1012,4,3018,-1011.5,5,3018.5
2,-1011,4,3018,-1010.5,5,3018.5
2,-1010,4,3018,-1009.5,5,3018.5
2,-1009,4,3018,-1008.5,5,3018.5
2,-1008,4,3018,-1007.5,5,3018.5
2,-1007,4,3018,-1006.5,5,3018.5
2,-1006,4,3018,-1005.5,5,3018.5
2,-1005,4,3018,-1004.5,5,3018.5
2,-1004,4,3018,-1003.5,5,3018.5
2,-1003,4,3018,-1002.5,5,3018.5
2,-1002,4,3018,-1001.5,5,3018.5
2,-1001,4,3018,-1000.5,5,3018.5
2,-1000,4,3018,-999.5,5,3018.5
2,-999,4,3018,-998.5,5,3018.5
2,-998,4,3018,-997.5,5,3018.5
2,-997,4,3018,-996.5,5,3018.5
2,-996,4,3018,-995.5,5,3018.5
2,-995,4,3018,-994.5,5,3018.5
2,-994,4,3018,-993.5,5,3018.5
2,-993,4,3018,-992.5,5,3018.5
2,-992,4,3018,-991.5,5,3018.5
2,-991,4,3018,-990.5,5,3018.5
2,-990,4,3018,-989.5,5,3018.5
2,-989,4,3018,-988.5,5,3018.5
2,-988,4,3018,-987.5,5,3018.5
2,-987,4,3018,-986.5,5,3018.5
2,-986,4,3018,-985.5,5,3018.5
2,-985,4,3018,-984.5,5,3018.5
2,-984,4,3018,-983.5,5,3018.5
2,-983,4,3018,-982.5,5,3018.5
2,-982,4,3018,-981.5,5,3018.5
2,-981,4,3018,-980.5,5,3018.5
2,-1022,4,3019,-1021.5,5,3019.5
2,-1021,4,3019,-1020.5,5,3019.5
2,-1020,4,3019,-1019.5,5,3019.5
2,-1019,4,3019,-1018.5,5,3019.5
2,-1018,4,3019,-1017.5,5,3019.5
2,-1017,4,3019,-1016.5,5,3019.5
2,-1016,4,3019,-1015.5,5,3019.5
2,-1015,4,3019,-1014.5,5,3019.5
2,-1014,4,3019,-1013.5,5,3019.5
2,-1013,4,3019,-1012.5,5,3019.5
2,-1012,4,3019,-1011.5,5,3019.5
2,-1011,4,3019,-1010.5,5,3019.5
2,-1010,4,3019,-1009.5,5,3019.5
2,-1009,4,3019,-1008.5,5,3019.5
2,-1008,4,3019,-1007.5,5,3019.5
2,-1007,4,3019,-1006.5,5,3019.5
2,-1006,4,3019,-1005.5,5,3019.5
2,-1005,4,3019,-1004.5,5,3019.5
2,-1004,4,3019,-1003.5,5,3019.5
2,-1003,4,3019,-1002.5,5,3019.5
2,-1002,4,3019,-1001.5,5,3019.5
2,-1001,4,3019,-1000.5,5,3019.5
2,-1000,4,3019,-999.5,5,3019.5
2,-999,4,3019,-998.5,5,3019.5
2,-998,4,3019,-997.5,5,3019.5
2,-997,4,3019,-996.5,5,3019.5
2,-996,4,3019,-995.5,5,3019.5
2,-995,4,3019,-994.5,5,3019.5
2,-994,4,3019,-993.5,5,3019.5
2,-993,4,3019,-992.5,5,3019.5
2,-992,4,3019,-991.5,5,3019.5
2,-991,4,3019,-990.5,5,3019.5
2,-990,4,3019,-989.5,5,3019.5
2,-989,4,3019,-988.5,5,3019.5
2,-988,4,3019,-987.5,5,3019.5
2,-987,4,3019,-986.5,5,3019.5
2,-986,4,3019,-985.5,5,3019.5
2,-985,4,3019,-984.5,5,3019.5
2,-984,4,3019,-983.5,5,3019.5
2,-983,4,3019,-982.5,5,3019.5
2,-982,4,3019,-981.5,5,3019.5
2,-1022,4,3020,-1021.5,5,3020.5
2,-1021,4,3020,-1020.5,5,3020.5
2,-1020,4,3020,-1019.5,5,3020.5
2,-1019,4,3020,-1018.5,5,3020.5
2,-1018,4,3020,-1017.5,5,3020.5
2,-1017,4,3020,-1016.5,5,3020.5
2,-1016,4,3020,-1015.5,5,3020.5
2,-1015,4,3020,-1014.5,5,3020.5
2,-1014,4,3020,-1013.5,5,3020.5
2,-1013,4,3020,-1012.5,5,3020.5
2,-1012,4,3020,-1011.5,5,3020.5
2,-1011,4,3020,-1010.5,5,3020.5
2,-1010,4,3020,-1009.5,5,3020.5
2,-1009,4,3020,-1008.5,5,3020.5
2,-1008,4,3020,-1007.5,5,3020.5
2,-1007,4,3020,-1006.5,5,3020.5
2,-1006,4,3020,-1005.5,5,3020.5
2,-1005,4,3020,-1004.5,5,3020.5
2,-1004,4,3020,-1003.5,5,3020.5
2,-1003,4,3020,-1002.5,5,3020.5
2,-1002,4,3020,-1001.5,5,3020.5
2,-1001,4,3020,-1000.5,5,3020.5
2,-1000,4,3020,-999.5,5,3020.5
2,-999,4,3020,-998.5,5,3020.5
2,-998,4,3020,-997.5,5,3020.5
2,-997,4,3020,-996.5,5,3020.5
2,-996,4,3020,-995.5,5,3020.5
2,-995,4,3020,-994.5,5,3020.5
2,-994,4,3020,-993.5,5,3020.5
2,-993,4,3020,-992.5,5,3020.5
2,-992,4,3020,-991.5,5,3020.5
2,-991,4,3020,-990.5,5,3020.5
2,-990,4,3020,-989.5,5,3020.5
2,-989,4,3020,-988.5,5,3020.5
2,-988,4,3020,-987.5,5,3020.5
2,-987,4,3020,-986.5,5,3020.5
2,-986,4,3020,-985.5,5,3020.5
2,-985,4,3020,-984.5,5,3020.5
2,-984,4,3020,-983.5,5,3020.5
2,-983,4,3020,-982.5,5,3020.5
2,-982,4,3020,-981.5,5,3020.5
2,-1021,4,3021,-1020.5,5,3021.5
2,-1020,4,3021,-1019.5,5,3021.5
2,-1019,4,3021,-1018.5,5,3021.5
2,-1018,4,3021,-1017.5,5,3021.5
2,-1017,4,3021,-1016.5,5,3021.5
2,-1016,4,3021,-1015.5,5,3021.5
2,-1015,4,3021,-1014.5,5,3021.5
2,-1014,4,3021,-1013.5,5,3021.5
2,-1013,4,3021,-1012.5,5,3021.5
2,-1012,4,3021,-1011.5,5,3021.5
2,-1011,4,3021,-1010.5,5,3021.5
2,-1010,4,3021,-1009.5,5,3021.5
2,-1009,4,3021,-1008.5,5,3021.5
2,-1008,4,3021,-1007.5,5,3021.5
2,-1007,4,3021,-1006.5,5,3021.5
2,-1006,4,3021,-1005.5,5,3021.5
2,-1005,4,3021,-1004.5,5,3021.5
2,-1004,4,3021,-1003.5,5,3021.5
2,-1003,4,3021,-1002.5,5,3021.5
2,-1002,4,3021,-1001.5,5,3021.5
2,-1001,4,3021,-1000.5,5,3021.5
2,-1000,4,3021,-999.5,5,3021.5
2,-999,4,3021,-998.5,5,3021.5
2,-998,4,3021,-997.5,5,3021.5
2,-997,4,3021,-996.5,5,3021.5
2,-996,4,3021,-995.5,5,3021.5
2,-995,4,3021,-994.5,5,3021.5
2,-994,4,3021,-993.5,5,3021.5
2,-993,4,3021,-992.5,5,3021.5
2,-992,4,3021,-991.5,5,3021.5
2,-991,4,3021,-990.5,5,3021.5
2,-990,4,3021,-989.5,5,3021.5
2,-989,4,3021,-988.5,5,3021.5
2,-988,4,3021,-987.5,5,3021.5
2,-987,4,3021,-986.5,5,3021.5
2,-986,4,3021,-985.5,5,3021.5
2,-985,4,3021,-984.5,5,3021.5
2,-984,4,3021,-983.5,5,3021.5
2,-983,4,3021,-982.5,5,3021.5
2,-1021,4,3022,-1020.5,5,3022.5
2,-1020,4,3022,-1019.5,5,3022.5
2,-1019,4,3022,-1018.5,5,3022.5
2,-1018,4,3022,-1017.5,5,3022.5
2,-1017,4,3022,-1016.5,5,3022.5
2,-1016,4,3022,-1015.5,5,3022.5
2,-1015,4,3022,-1014.5,5,3022.5
2,-1014,4,3022,-1013.5,5,3022.5
2,-1013,4,3022,-1012.5,5,3022.5
2,-1012,4,3022,-1011.5,5,3022.5
2,-1011,4,3022,-1010.5,5,3022.5
2,-1010,4,3022,-1009.5,5,3022.5
2,-1009,4,3022,-1008.5,5,3022.5
2,-1008,4,3022,-1007.5,5,3022.5
2,-1007,4,3022,-1006.5,5,3022.5
2,-1006,4,3022,-1005.5,5,3022.5
2,-1005,4,3022,-1004.5,5,3022.5
2,-1004,4,3022,-1003.5,5,3022.5
2,-1003,4,3022,-1002.5,5,3022.5
2,-1002,4,3022,-1001.5,5,3022.5
2,-1001,4,3022,-1000.5,5,3022.5
2,-1000,4,3022,-999.5,5,3022.5
2,-999,4,3022,-998.5,5,3022.5
2,-998,4,3022,-997.5,5,3022.5
2,-997,4,3022,-996.5,5,3022.5
2,-996,4,3022,-995.5,5,3022.5
2,-995,4,3022,-994.5,5,3022.5
2,-994,4,3022,-993.5,5,3022.5
2,-993,4,3022,-992.5,5,3022.5
2,-992,4,3022,-991.5,5,3022.5
2,-991,4,3022,-990.5,5,3022.5
2,-990,4,3022,-989.5,5,3022.5
2,-989,4,3022,-988.5,5,3022.5
2,-988,4,3022,-987.5,5,3022.5
2,-987,4,3022,-986.5,5,3022.5
2,-986,4,3022,-985.5,5,3022.5
2,-985,4,3022,-984.5,5,3022.5
2,-984,4,3022,-983.5,5,3022.5
2,-983,4,3022,-982.5,5,3022.5
2,-1020,4,3023,-1019.5,5,3023.5
2,-1019,4,3023,-1018.5,5,3023.5
2,-1018,4,3023,-1017.5,5,3023.5
2,-1017,4,3023,-1016.5,5,3023.5
2,-1016,4,3023,-1015.5,5,3023.5
2,-1015,4,3023,-1014.5,5,3023.5
2,-1014,4,3023,-1013.5,5,3023.5
2,-1013,4,3023,-1012.5,5,3023.5
2,-1012,4,3023,-1011.5,5,3023.5
2,-1011,4,3023,-1010.5,5,3023.5
2,-1010,4,3023,-1009.5,5,3023.5
2,-1009,4,3023,-1008.5,5,3023.5
2,-1008,4,3023,-1007.5,5,3023.5
2,-1007,4,3023,-1006.5,5,3023.5
2,-1006,4,3023,-1005.5,5,3023.5
2,-1005,4,3023,-1004.5,5,3023.5
2,-1004,4,3023,-1003.5,5,3023.5
2,-1003,4,3023,-1002.5,5,3023.5
2,-1002,4,3023,-1001.5,5,3023.5
2,-1001,4,3023,-1000.5,5,3023.5
2,-1000,4,3023,-999.5,5,3023.5
2,-999,4,3023,-998.5,5,3023.5
2,-998,4,3023,-997.5,5,3023.5
2,-997,4,3023,-996.5,5,3023.5
2,-996,4,3023,-995.5,5,3023.5
2,-995,4,3023,-994.5,5,3023.5
2,-994,4,3023,-993.5,5,3023.5
2,-993,4,3023,-992.5,5,3023.5
2,-992,4,3023,-991.5,5,3023.5
2,-991,4,3023,-990.5,5,3023.5
2,-990,4,3023,-989.5,5,3023.5
2,-989,4,3023,-988.5,5,3023.5
2,-988,4,3023,-987.5,5,3023.5
2,-987,4,3023,-986.5,5,3023.5
2,-986,4,3023,-985.5,5,3023.5
2,-985,4,3023,-984.5,5,3023.5
2,-984,4,3023,-983.5,5,3023.5
2,-1020,4,3024,-1019.5,5,3024.5
2,-1019,4,3024,-1018.5,5,3024.5
2,-1018,4,3024,-1017.5,5,3024.5
2,-1017,4,3024,-1016.5,5,3024.5
2,-1016,4,3024,-1015.5,5,3024.5
2,-1015,4,3024,-1014.5,5,3024.5
2,-1014,4,3024,-1013.5,5,3024.5
2,-1013,4,3024,-1012.5,5,3024.5
2,-1012,4,3024,-1011.5,5,3024.5
2,-1011,4,3024,-1010.5,5,3024.5
2,-1010,4,3024,-1009.5,5,3024.5
2,-1009,4,3024,-1008.5,5,3024.5
2,-1008,4,3024,-1007.5,5,3024.5
2,-1007,4,3024,-1006.5,5,3024.5
2,-1006,4,3024,-1005.5,5,3024.5
2,-1005,4,3024,-1004.5,5,3024.5
2,-1004,4,3024,-1003.5,5,3024.5
2,-1003,4,3024,-1002.5,5,3024.5
2,-1002,4,3024,-1001.5,5,3024.5
2,-1001,4,3024,-1000.5,5,3024.5
2,-1000,4,3024,-999.5,5,3024.5
2,-999,4,3024,-998.5,5,3024.5
2,-998,4,3024,-997.5,5,3024.5
2,-997,4,3024,-996.5,5,3024.5
2,-996,4,3024,-995.5,5,3024.5
2,-995,4,3024,-994.5,5,3024.5
2,-994,4,3024,-993.5,5,3024.5
2,-993,4,3024,-992.5,5,3024.5
2,-992,4,3024,-991.5,5,3024.5
2,-991,4,3024,-990.5,5,3024.5
2,-990,4,3024,-989.5,5,3024.5
2,-989,4,3024,-988.5,5,3024.5
2,-988,4,3024,-987.5,5,3024.5
2,-987,4,3024,-986.5,5,3024.5
2,-986,4,3024,-985.5,5,3024.5
2,-985,4,3024,-984.5,5,3024.5
2,-984,4,3024,-983.5,5,3024.5
2,-1018,4,3025,-1017.5,5,3025.5
2,-1017,4,3025,-1016.5,5,3025.5
2,-1016,4,3025,-1015.5,5,3025.5
2,-1015,4,3025,-1014.5,5,3025.5
2,-1014,4,3025,-1013.5,5,3025.5
2,-1013,4,3025,-1012.5,5,3025.5
2,-1012,4,3025,-1011.5,5,3025.5
2,-1011,4,3025,-1010.5,5,3025.5
2,-1010,4,3025,-1009.5,5,3025.5
2,-1009,4,3025,-1008.5,5,3025.5
2,-1008,4,3025,-1007.5,5,3025.5
2,-1007,4,3025,-1006.5,5,3025.5
2,-1006,4,3025,-1005.5,5,3025.5
2,-1005,4,3025,-1004.5,5,3025.5
2,-1004,4,3025,-1003.5,5,3025.5
2,-1003,4,3025,-1002.5,5,3025.5
2,-1002,4,3025,-1001.5,5,3025.5
2,-1001,4,3025,-1000.5,5,3025.5
2,-1000,4,3025,-999.5,5,3025.5
2,-999,4,3025,-998.5,5,3025.5
2,-998,4,3025,-997.5,5,3025.5
2,-997,4,3025,-996.5,5,3025.5
2,-996,4,3025,-995.5,5,3025.5
2,-995,4,3025,-994.5,5,3025.5
2,-994,4,3025,-993.5,5,3025.5
2,-993,4,3025,-992.5,5,3025.5
2,-992,4,3025,-991.5,5,3025.5
2,-991,4,3025,-990.5,5,3025.5
2,-990,4,3025,-989.5,5,3025.5
2,-989,4,3025,-988.5,5,3025.5
2,-988,4,3025,-987.5,5,3025.5
2,-987,4,3025,-986.5,5,3025.5
2,-986,4,3025,-985.5,5,3025.5
2,-1016,4,3026,-1015.5,5,3026.5
2,-1015,4,3026,-1014.5,5,3026.5
2,-1014,4,3026,-1013.5,5,3026.5
2,-1013,4,3026,-1012.5,5,3026.5
2,-1012,4,3026,-1011.5,5,3026.5
2,-1011,4,3026,-1010.5,5,3026.5
2,-1010,4,3026,-1009.5,5,3026.5
2,-1009,4,3026,-1008.5,5,3026.5
2,-1008,4,3026,-1007.5,5,3026.5
2,-1007,4,3026,-1006.5,5,3026.5
2,-1006,4,3026,-1005.5,5,3026.5
2,-1005,4,3026,-1004.5,5,3026.5
2,-1004,4,3026,-1003.5,5,3026.5
2,-1003,4,3026,-1002.5,5,3026.5
2,-1002,4,3026,-1001.5,5,3026.5
2,-1001,4,3026,-1000.5,5,3026.5
2,-1000,4,3026,-999.5,5,3026.5
2,-999,4,3026,-998.5,5,3026.5
2,-998,4,3026,-997.5,5,3026.5
2,-997,4,3026,-996.5,5,3026.5
2,-996,4,3026,-995.5,5,3026.5
2,-995,4,3026,-994.5,5,3026.5
2,-994,4,3026,-993.5,5,3026.5
2,-993,4,3026,-992.5,5,3026.5
2,-992,4,3026,-991.5,5,3026.5
2,-991,4,3026,-990.5,5,3026.5
2,-990,4,3026,-989.5,5,3026.5
2,-989,4,3026,-988.5,5,3026.5
2,-988,4,3026,-987.5,5,3026.5
2,-1014,4,3027,-1013.5,5,3027.5
2,-1013,4,3027,-1012.5,5,3027.5
2,-1012,4,3027,-1011.5,5,3027.5
2,-1011,4,3027,-1010.5,5,3027.5
2,-1010,4,3027,-1009.5,5,3027.5
2,-1009,4,3027,-1008.5,5,3027.5
2,-1008,4,3027,-1007.5,5,3027.5
2,-1007,4,3027,-1006.5,5,3027.5
2,-1006,4,3027,-1005.5,5,3027.5
2,-1005,4,3027,-1004.5,5,3027.5
2,-1004,4,3027,-1003.5,5,3027.5
2,-1003,4,3027,-1002.5,5,3027.5
2,-1002,4,3027,-1001.5,5,3027.5
2,-1001,4,3027,-1000.5,5,3027.5
2,-1000,4,3027,-999.5,5,3027.5
2,-999,4,3027,-998.5,5,3027.5
2,-998,4,3027,-997.5,5,3027.5
2,-997,4,3027,-996.5,5,3027.5
2,-996,4,3027,-995.5,5,3027.5
2,-995,4,3027,-994.5,5,3027.5
2,-994,4,3027,-993.5,5,3027.5
2,-993,4,3027,-992.5,5,3027.5
2,-992,4,3027,-991.5,5,3027.5
2,-991,4,3027,-990.5,5,3027.5
2,-990,4,3027,-989.5,5,3027.5
2,-1011,4,3028,-1010.5,5,3028.5
2,-1010,4,3028,-1009.5,5,3028.5
2,-1009,4,3028,-1008.5,5,3028.5
2,-1008,4,3028,-1007.5,5,3028.5
2,-1007,4,3028,-1006.5,5,3028.5
2,-1006,4,3028,-1005.5,5,3028.5
2,-1005,4,3028,-1004.5,5,3028.5
2,-1004,4,3028,-1003.5,5,3028.5
2,-1003,4,3028,-1002.5,5,3028.5
2,-1002,4,3028,-1001.5,5,3028.5
2,-1001,4,3028,-1000.5,5,3028.5
2,-1000,4,3028,-999.5,5,3028.5
2,-999,4,3028,-998.5,5,3028.5
2,-998,4,3028,-997.5,5,3028.5
2,-997,4,3028,-996.5,5,3028.5
2,-996,4,3028,-995.5,5,3028.5
2,-995,4,3028,-994.5,5,3028.5
2,-994,4,3028,-993.5,5,3028.5
2,-993,4,3028,-992.5,5,3028.5
2,-1009,4,3029,-1008.5,5,3029.5
2,-1008,4,3029,-1007.5,5,3029.5
2,-1007,4,3029,-1006.5,5,3029.5
2,-1006,4,3029,-1005.5,5,3029.5
2,-1005,4,3029,-1004.5,5,3029.5
2,-1004,4,3029,-1003.5,5,3029.5
2,-1003,4,3029,-1002.5,5,3029.5
2,-1002,4,3029,-1001.5,5,3029.5
2,-1001,4,3029,-1000.5,5,3029.5
2,-1000,4,3029,-999.5,5,3029.5
2,-999,4,3029,-998.5,5,3029.5
2,-998,4,3029,-997.5,5,3029.5
2,-997,4,3029,-996.5,5,3029.5
2,-996,4,3029,-995.5,5,3029.5
2,-995,4,3029,-994.5,5,3029.5
2,-1006,4,3030,-1005.5,5,3030.5
2,-1005,4,3030,-1004.5,5,3030.5
2,-1004,4,3030,-1003.5,5,3030.5
2,-1003,4,3030,-1002.5,5,3030.5
2,-1002,4,3030,-1001.5,5,3030.5
2,-1001,4,3030,-1000.5,5,3030.5
2,-1000,4,3030,-999.5,5,3030.5
2,-999,4,3030,-998.5,5,3030.5
2,-998,4,3030,-997.5,5,3030.5
2,-1004,4,3031,-1003.5,5,3031.5
2,-1003,4,3031,-1002.5,5,3031.5
2,-1002,4,3031,-1001.5,5,3031.5
2,-1001,4,3031,-1000.5,5,3031.5
2,-1000,4,3031,-999.5,5,3031.5
2,-1002,4,3032,-1001.5,5,3032.5
3,-1002,19,2981,-1001.5,20,2981.5
3,-1004,19,2982,-1003.5,20,2982.5
3,-1003,19,2982,-1002.5,20,2982.5
3,-1002,19,2982,-1001.5,20,2982.5
3,-1001,19,2982,-1000.5,20,2982.5
3,-1000,19,2982,-999.5,20,2982.5
3,-1006,19,2983,-1005.5,20,2983.5
3,-1005,19,2983,-1004.5,20,2983.5
3,-1004,19,2983,-1003.5,20,2983.5
3,-1003,19,2983,-1002.5,20,2983.5
3,-1002,19,2983,-1001.5,20,2983.5
3,-1001,19,2983,-1000.5,20,2983.5
3,-1000,19,2983,-999.5,20,2983.5
3,-999,19,2983,-998.5,20,2983.5
3,-998,19,2983,-997.5,20,2983.5
3,-1009,19,2984,-1008.5,20,2984.5
3,-1008,19,2984,-1007.5,20,2984.5
3,-1007,19,2984,-1006.5,20,2984.5
3,-1006,19,2984,-1005.5,20,2984.5
3,-1005,19,2984,-1004.5,20,2984.5
3,-1004,19,2984,-1003.5,20,2984.5
3,-1003,19,2984,-1002.5,20,2984.5
3,-1002,19,2984,-1001.5,20,2984.5
3,-1001,19,2984,-1000.5,20,2984.5
3,-1000,19,2984,-999.5,20,2984.5
3,-999,19,2984,-998.5,20,2984.5
3,-998,19,2984,-997.5,20,2984.5
3,-997,19,2984,-996.5,20,2984.5
3,-996,19,2984,-995.5,20,2984.5
3,-995,19,2984,-994.5,20,2984.5
3,-1011,19,2985,-1010.5,20,2985.5
3,-1010,19,2985,-1009.5,20,2985.5
3,-1009,19,2985,-1008.5,20,2985.5
3,-1008,19,2985,-1007.5,20,2985.5
3,-1007,19,2985,-1006.5,20,2985.5
3,-1006,19,2985,-1005.5,20,2985.5
3,-1005,19,2985,-1004.5,20,2985.5
3,-1004,19,2985,-1003.5,20,2985.5
3,-1003,19,2985,-1002.5,20,2985.5
3,-1002,19,2985,-1001.5,20,2985.5
3,-1001,19,2985,-1000.5,20,2985.5
3,-1000,19,2985,-999.5,20,2985.5
3,-999,19,2985,-998.5,20,2985.5
3,-998,19,2985,-997.5,20,2985.5
3,-997,19,2985,-996.5,20,2985.5
3,-996,19,2985,-995.5,20,2985.5
3,-995,19,2985,-994.5,20,2985.5
3,-994,19,2985,-993.5,20,2985.5
3,-993,19,2985,-992.5,20,2985.5
3,-1014,19,2986,-1013.5,20,2986.5
3,-1013,19,2986,-1012.5,20,2986.5
3,-1012,19,2986,-1011.5,20,2986.5
3,-1011,19,2986,-1010.5,20,2986.5
3,-1010,19,2986,-1009.5,20,2986.5
3,-1009,19,2986,-1008.5,20,2986.5
3,-1008,19,2986,-1007.5,20,2986.5
3,-1007,19,2986,-1006.5,20,2986.5
3,-1006,19,2986,-1005.5,20,2986.5
3,-1005,19,2986,-1004.5,20,2986.5
3,-1004,19,2986,-1003.5,20,2986.5
3,-1003,19,2986,-1002.5,20,2986.5
3,-1002,19,2986,-1001.5,20,2986.5
3,-1001,19,2986,-1000.5,20,2986.5
3,-1000,19,2986,-999.5,20,2986.5
3,-999,19,2986,-998.5,20,2986.5
3,-998,19,2986,-997.5,20,2986.5
3,-997,19,2986,-996.5,20,2986.5
3,-996,19,2986,-995.5,20,2986.5
3,-995,19,2986,-994.5,20,2986.5
3,-994,19,2986,-993.5,20,2986.5
3,-993,19,2986,-992.5,20,2986.5
3,-992,19,2986,-991.5,20,2986.5
3,-991,19,2986,-990.5,20,2986.5
3,-990,19,2986,-989.5,20,2986.5
3,-1016,19,2987,-1015.5,20,2987.5
3,-1015,19,2987,-1014.5,20,2987.5
3,-1014,19,2987,-1013.5,20,2987.5
3,-1013,19,2987,-1012.5,20,2987.5
3,-1012,19,2987,-1011.5,20,2987.5
3,-1011,19,2987,-1010.5,20,2987.5
3,-1010,19,2987,-1009.5,20,2987.5
3,-1009,19,2987,-1008.5,20,2987.5
3,-1008,19,2987,-1007.5,20,2987.5
3,-1007,19,2987,-1006.5,20,2987.5
3,-1006,19,2987,-1005.5,20,2987.5
3,-1005,19,2987,-1004.5,20,2987.5
3,-1004,19,2987,-1003.5,20,2987.5
3,-1003,19,2987,-1002.5,20,2987.5
3,-1002,19,2987,-1001.5,20,2987.5
3,-1001,19,2987,-1000.5,20,2987.5
3,-1000,19,2987,-999.5,20,2987.5
3,-999,19,2987,-998.5,20,2987.5
3,-998,19,2987,-997.5,20,2987.5
3,-997,19,2987,-996.5,20,2987.5
3,-996,19,2987,-995.5,20,2987.5
3,-995,19,2987,-994.5,20,2987.5
3,-994,19,2987,-993.5,20,2987.5
3,-993,19,2987,-992.5,20,2987.5
3,-992,19,2987,-991.5,20,2987.5
3,-991,19,2987,-990.5,20,2987.5
3,-990,19,2987,-989.5,20,2987.5
3,-989,19,2987,-988.5,20,2987.5
3,-988,19,2987,-987.5,20,2987.5
3,-1018,19,2988,-1017.5,20,2988.5
3,-1017,19,2988,-1016.5,20,2988.5
3,-1016,19,2988,-1015.5,20,2988.5
3,-1015,19,2988,-1014.5,20,2988.5
3,-1014,19,2988,-1013.5,20,2988.5
3,-1013,19,2988,-1012.5,20,2988.5
3,-1012,19,2988,-1011.5,20,2988.5
3,-1011,19,2988,-1010.5,20,2988.5
3,-1010,19,2988,-1009.5,20,2988.5
3,-1009,19,2988,-1008.5,20,2988.5
3,-1008,19,2988,-1007.5,20,2988.5
3,-1007,19,2988,-1006.5,20,2988.5
3,-1006,19,2988,-1005.5,20,2988.5
3,-1005,19,2988,-1004.5,20,2988.5
3,-1004,19,2988,-1003.5,20,2988.5
3,-1003,19,2988,-1002.5,20,2988.5
3,-1002,19,2988,-1001.5,20,2988.5
3,-1001,19,2988,-1000.5,20,2988.5
3,-1000,19,2988,-999.5,20,2988.5
3,-999,19,2988,-998.5,20,2988.5
3,-998,19,2988,-997.5,20,2988.5
3,-997,19,2988,-996.5,20,2988.5
3,-996,19,2988,-995.5,20,2988.5
3,-995,19,2988,-994.5,20,2988.5
3,-994,19,2988,-993.5,20,2988.5
3,-993,19,2988,-992.5,20,2988.5
3,-992,19,2988,-991.5,20,2988.5
3,-991,19,2988,-990.5,20,2988.5
3,-990,19,2988,-989.5,20,2988.5
3,-989,19,2988,-988.5,20,2988.5
3,-988,19,2988,-987.5,20,2988.5
3,-987,19,2988,-986.5,20,2988.5
3,-986,19,2988,-985.5,20,2988.5
3,-1019,19,2989,-1018.5,20,2989.5
3,-1018,19,2989,-1017.5,20,2989.5
3,-1017,19,2989,-1016.5,20,2989.5
3,-1016,19,2989,-1015.5,20,2989.5
3,-1015,19,2989,-1014.5,20,2989.5
3,-1014,19,2989,-1013.5,20,2989.5
3,-1013,19,2989,-1012.5,20,2989.5
3,-1012,19,2989,-1011.5,20,2989.5
3,-1011,19,2989,-1010.5,20,2989.5
3,-1010,19,2989,-1009.5,20,2989.5
3,-1009,19,2989,-1008.5,20,2989.5
3,-1008,19,2989,-1007.5,20,2989.5
3,-1007,19,2989,-1006.5,20,2989.5
3,-1006,19,2989,-1005.5,20,2989.5
3,-1005,19,2989,-1004.5,20,2989.5
3,-1004,19,2989,-1003.5,20,2989.5
3,-1003,19,2989,-1002.5,20,2989.5
3,-1002,19,2989,-1001.5,20,2989.5
3,-1001,19,2989,-1000.5,20,2989.5
3,-1000,19,2989,-999.5,20,2989.5
3,-999,19,2989,-998.5,20,2989.5
3,-998,19,2989,-997.5,20,2989.5
3,-997,19,2989,-996.5,20,2989.5
3,-996,19,2989,-995.5,20,2989.5
3,-995,19,2989,-994.5,20,2989.5
3,-994,19,2989,-993.5,20,2989.5
3,-993,19,2989,-992.5,20,2989.5
3,-992,19,2989,-991.5,20,2989.5
3,-991,19,2989,-990.5,20,2989.5
3,-990,19,2989,-989.5,20,2989.5
3,-989,19,2989,-988.5,20,2989.5
3,-988,19,2989,-987.5,20,2989.5
3,-987,19,2989,-986.5,20,2989.5
3,-986,19,2989,-985.5,20,2989.5
3,-985,19,2989,-984.5,20,2989.5
3,-1020,19,2990,-1019.5,20,2990.5
3,-1019,19,2990,-1018.5,20,2990.5
3,-1018,19,2990,-1017.5,20,2990.5
3,-1017,19,2990,-1016.5,20,2990.5
3,-1016,19,2990,-1015.5,20,2990.5
3,-1015,19,2990,-1014.5,20,2990.5
3,-1014,19,2990,-1013.5,20,2990.5
3,-1013,19,2990,-1012.5,20,2990.5
3,-1012,19,2990,-1011.5,20,2990.5
3,-1011,19,2990,-1010.5,20,2990.5
3,-1010,19,2990,-1009.5,20,2990.5
3,-1009,19,2990,-1008.5,20,2990.5
3,-1008,19,2990,-1007.5,20,2990.5
3,-1007,19,2990,-1006.5,20,2990.5
3,-1006,19,2990,-1005.5,20,2990.5
3,-1005,19,2990,-1004.5,20,2990.5
3,-1004,19,2990,-1003.5,20,2990.5
3,-1003,19,2990,-1002.5,20,2990.5
3,-1002,19,2990,-1001.5,20,2990.5
3,-1001,19,2990,-1000.5,20,2990.5
3,-1000,19,2990,-999.5,20,2990.5
3,-999,19,2990,-998.5,20,2990.5
3,-998,19,2990,-997.5,20,2990.5
3,-997,19,2990,-996.5,20,2990.5
3,-996,19,2990,-995.5,20,2990.5
3,-995,19,2990,-994.5,20,2990.5
3,-994,19,2990,-993.5,20,2990.5
3,-993,19,2990,-992.5,20,2990.5
3,-992,19,2990,-991.5,20,2990.5
3,-991,19,2990,-990.5,20,2990.5
3,-990,19,2990,-989.5,20,2990.5
3,-989,19,2990,-988.5,20,2990.5
3,-988,19,2990,-987.5,20,2990.5
3,-987,19,2990,-986.5,20,2990.5
3,-986,19,2990,-985.5,20,2990.5
3,-985,19,2990,-984.5,20,2990.5
3,-984,19,2990,-983.5,20,2990.5
3,-1020,19,2991,-1019.5,20,2991.5
3,-1019,19,2991,-1018.5,20,2991.5
3,-1018,19,2991,-1017.5,20,2991.5
3,-1017,19,2991,-1016.5,20,2991.5
3,-1016,19,2991,-1015.5,20,2991.5
3,-1015,19,2991,-1014.5,20,2991.5
3,-1014,19,2991,-1013.5,20,2991.5
3,-1013,19,2991,-1012.5,20,2991.5
3,-1012,19,2991,-1011.5,20,2991.5
3,-1011,19,2991,-1010.5,20,2991.5
3,-1010,19,2991,-1009.5,20,2991.5
3,-1009,19,2991,-1008.5,20,2991.5
3,-1008,19,2991,-1007.5,20,2991.5
3,-1007,19,2991,-1006.5,20,2991.5
3,-1006,19,2991,-1005.5,20,2991.5
3,-1005,19,2991,-1004.5,20,2991.5
3,-1004,19,2991,-1003.5,20,2991.5
3,-1003,19,2991,-1002.5,20,2991.5
3,-1002,19,2991,-1001.5,20,2991.5
3,-1001,19,2991,-1000.5,20,2991.5
3,-1000,19,2991,-999.5,20,2991.5
3,-999,19,2991,-998.5,20,2991.5
3,-998,19,2991,-997.5,20,2991.5
3,-997,19,2991,-996.5,20,2991.5
3,-996,19,2991,-995.5,20,2991.5
3,-995,19,2991,-994.5,20,2991.5
3,-994,19,2991,-993.5,20,2991.5
3,-993,19,2991,-992.5,20,2991.5
3,-992,19,2991,-991.5,20,2991.5
3,-991,19,2991,-990.5,20,2991.5
3,-990,19,2991,-989.5,20,2991.5
3,-989,19,2991,-988.5,20,2991.5
3,-988,19,2991,-987.5,20,2991.5
3,-987,19,2991,-986.5,20,2991.5
3,-986,19,2991,-985.5,20,2991.5
3,-985,19,2991,-984.5,20,2991.5
3,-984,19,2991,-983.5,20,2991.5
3,-1021,19,2992,-1020.5,20,2992.5
3,-1020,19,2992,-1019.5,20,2992.5
3,-1019,19,2992,-1018.5,20,2992.5
3,-1018,19,2992,-1017.5,20,2992.5
3,-1017,19,2992,-1016.5,20,2992.5
3,-1016,19,2992,-1015.5,20,2992.5
3,-1015,19,2992,-1014.5,20,2992.5
3,-1014,19,2992,-1013.5,20,2992.5
3,-1013,19,2992,-1012.5,20,2992.5
3,-1012,19,2992,-1011.5,20,2992.5
3,-1011,19,2992,-1010.5,20,2992.5
3,-1010,19,2992,-1009.5,20,2992.5
3,-1009,19,2992,-1008.5,20,2992.5
3,-1008,19,2992,-1007.5,20,2992.5
3,-1007,19,2992,-1006.5,20,2992.5
3,-1006,19,2992,-1005.5,20,2992.5
3,-1005,19,2992,-1004.5,20,2992.5
3,-1004,19,2992,-1003.5,20,2992.5
3,-1003,19,2992,-1002.5,20,2992.5
3,-1002,19,2992,-1001.5,20,2992.5
3,-1001,19,2992,-1000.5,20,2992.5
3,-1000,19,2992,-999.5,20,2992.5
3,-999,19,2992,-998.5,20,2992.5
3,-998,19,2992,-997.5,20,2992.5
3,-997,19,2992,-996.5,20,2992.5
3,-996,19,2992,-995.5,20,2992.5
3,-995,19,2992,-994.5,20,2992.5
3,-994,19,2992,-993.5,20,2992.5
3,-993,19,2992,-992.5,20,2992.5
3,-992,19,2992,-991.5,20,2992.5
3,-991,19,2992,-990.5,20,2992.5
3,-990,19,2992,-989.5,20,2992.5
3,-989,19,2992,-988.5,20,2992.5
3,-988,19,2992,-987.5,20,2992.5
3,-987,19,2992,-986.5,20,2992.5
3,-986,19,2992,-985.5,20,2992.5
3,-985,19,2992,-984.5,20,2992.5
3,-984,19,2992,-983.5,20,2992.5
3,-983,19,2992,-982.5,20,2992.5
3,-1021,19,2993,-1020.5,20,2993.5
3,-1020,19,2993,-1019.5,20,2993.5
3,-1019,19,2993,-1018.5,20,2993.5
3,-1018,19,2993,-1017.5,20,2993.5
3,-1017,19,2993,-1016.5,20,2993.5
3,-1016,19,2993,-1015.5,20,2993.5
3,-1015,19,2993,-1014.5,20,2993.5
3,-1014,19,2993,-1013.5,20,2993.5
3,-1013,19,2993,-1012.5,20,2993.5
3,-1012,19,2993,-1011.5,20,2993.5
3,-1011,19,2993,-1010.5,20,2993.5
3,-1010,19,2993,-1009.5,20,2993.5
3,-1009,19,2993,-1008.5,20,2993.5
3,-1008,19,2993,-1007.5,20,2993.5
3,-1007,19,2993,-1006.5,20,2993.5
3,-1006,19,2993,-1005.5,20,2993.5
3,-1005,19,2993,-1004.5,20,2993.5
3,-1004,19,2993,-1003.5,20,2993.5
3,-1003,19,2993,-1002.5,20,2993.5
3,-1002,19,2993,-1001.5,20,2993.5
3,-1001,19,2993,-1000.5,20,2993.5
3,-1000,19,2993,-999.5,20,2993.5
3,-999,19,2993,-998.5,20,2993.5
3,-998,19,2993,-997.5,20,2993.5
3,-997,19,2993,-996.5,20,2993.5
3,-996,19,2993,-995.5,20,2993.5
3,-995,19,2993,-994.5,20,2993.5
3,-994,19,2993,-993.5,20,2993.5
3,-993,19,2993,-992.5,20,2993.5
3,-992,19,2993,-991.5,20,2993.5
3,-991,19,2993,-990.5,20,2993.5
3,-990,19,2993,-989.5,20,2993.5
3,-989,19,2993,-988.5,20,2993.5
3,-988,19,2993,-987.5,20,2993.5
3,-987,19,2993,-986.5,20,2993.5
3,-986,19,2993,-985.5,20,2993.5
3,-985,19,2993,-984.5,20,2993.5
3,-984,19,2993,-983.5,20,2993.5
3,-983,19,2993,-982.5,20,2993.5
3,-1022,19,2994,-1021.5,20,2994.5
3,-1021,19,2994,-1020.5,20,2994.5
3,-1020,19,2994,-1019.5,20,2994.5
3,-1019,19,2994,-1018.5,20,2994.5
3,-1018,19,2994,-1017.5,20,2994.5
3,-1017,19,2994,-1016.5,20,2994.5
3,-1016,19,2994,-1015.5,20,2994.5
3,-1015,19,2994,-1014.5,20,2994.5
3,-1014,19,2994,-1013.5,20,2994.5
3,-1013,19,2994,-1012.5,20,2994.5
3,-1012,19,2994,-1011.5,20,2994.5
3,-1011,19,2994,-1010.5,20,2994.5
3,-1010,19,2994,-1009.5,20,2994.5
3,-1009,19,2994,-1008.5,20,2994.5
3,-1008,19,2994,-1007.5,20,2994.5
3,-1007,19,2994,-1006.5,20,2994.5
3,-1006,19,2994,-1005.5,20,2994.5
3,-1005,19,2994,-1004.5,20,2994.5
3,-1004,19,2994,-1003.5,20,2994.5
3,-1003,19,2994,-1002.5,20,2994.5
3,-1002,19,2994,-1001.5,20,2994.5
3,-1001,19,2994,-1000.5,20,2994.5
3,-1000,19,2994,-999.5,20,2994.5
3,-999,19,2994,-998.5,20,2994.5
3,-998,19,2994,-997.5,20,2994.5
3,-997,19,2994,-996.5,20,2994.5
3,-996,19,2994,-995.5,20,2994.5
3,-995,19,2994,-994.5,20,2994.5
3,-994,19,2994,-993.5,20,2994.5
3,-993,19,2994,-992.5,20,2994.5
3,-992,19,2994,-991.5,20,2994.5
3,-991,19,2994,-990.5,20,2994.5
3,-990,19,2994,-989.5,20,2994.5
3,-989,19,2994,-988.5,20,2994.5
3,-988,19,2994,-987.5,20,2994.5
3,-987,19,2994,-986.5,20,2994.5
3,-986,19,2994,-985.5,20,2994.5
3,-985,19,2994,-984.5,20,2994.5
3,-984,19,2994,-983.5,20,2994.5
3,-983,19,2994,-982.5,20,2994.5
3,-982,19,2994,-981.5,20,2994.5
3,-1022,19,2995,-1021.5,20,2995.5
3,-1021,19,2995,-1020.5,20,2995.5
3,-1020,19,2995,-1019.5,20,2995.5
3,-1019,19,2995,-1018.5,20,2995.5
3,-1018,19,2995,-1017.5,20,2995.5
3,-1017,19,2995,-1016.5,20,2995.5
3,-1016,19,2995,-1015.5,20,2995.5
3,-1015,19,2995,-1014.5,20,2995.5
3,-1014,19,2995,-1013.5,20,2995.5
3,-1008,19,2995,-1007.5,20,2995.5
3,-1007,19,2995,-1006.5,20,2995.5
3,-1006,19,2995,-1005.5,20,2995.5
3,-1005,19,2995,-1004.5,20,2995.5
3,-1004,19,2995,-1003.5,20,2995.5
3,-1003,19,2995,-1002.5,20,2995.5
3,-1002,19,2995,-1001.5,20,2995.5
3,-1001,19,2995,-1000.5,20,2995.5
3,-1000,19,2995,-999.5,20,2995.5
3,-999,19,2995,-998.5,20,2995.5
3,-998,19,2995,-997.5,20,2995.5
3,-997,19,2995,-996.5,20,2995.5
3,-996,19,2995,-995.5,20,2995.5
3,-990,19,2995,-989.5,20,2995.5
3,-989,19,2995,-988.5,20,2995.5
3,-988,19,2995,-987.5,20,2995.5
3,-987,19,2995,-986.5,20,2995.5
3,-986,19,2995,-985.5,20,2995.5
3,-985,19,2995,-984.5,20,2995.5
3,-984,19,2995,-983.5,20,2995.5
3,-983,19,2995,-982.5,20,2995.5
3,-982,19,2995,-981.5,20,2995.5
3,-1022,19,2996,-1021.5,20,2996.5
3,-1021,19,2996,-1020.5,20,2996.5
3,-1020,19,2996,-1019.5,20,2996.5
3,-1019,19,2996,-1018.5,20,2996.5
3,-1018,19,2996,-1017.5,20,2996.5
3,-1017,19,2996,-1016.5,20,2996.5
3,-1016,19,2996,-1015.5,20,2996.5
3,-1015,19,2996,-1014.5,20,2996.5
3,-1014,19,2996,-1013.5,20,2996.5
3,-1008,19,2996,-1007.5,20,2996.5
3,-1007,19,2996,-1006.5,20,2996.5
3,-1006,19,2996,-1005.5,20,2996.5
3,-1005,19,2996,-1004.5,20,2996.5
3,-1004,19,2996,-1003.5,20,2996.5
3,-1003,19,2996,-1002.5,20,2996.5
3,-1002,19,2996,-1001.5,20,2996.5
3,-1001,19,2996,-1000.5,20,2996.5
3,-1000,19,2996,-999.5,20,2996.5
3,-999,19,2996,-998.5,20,2996.5
3,-998,19,2996,-997.5,20,2996.5
3,-997,19,2996,-996.5,20,2996.5
3,-996,19,2996,-995.5,20,2996.5
3,-990,19,2996,-989.5,20,2996.5
3,-989,19,2996,-988.5,20,2996.5
3,-988,19,2996,-987.5,20,2996.5
3,-987,19,2996,-986.5,20,2996.5
3,-986,19,2996,-985.5,20,2996.5
3,-985,19,2996,-984.5,20,2996.5
3,-984,19,2996,-983.5,20,2996.5
3,-983,19,2996,-982.5,20,2996.5
3,-982,19,2996,-981.5,20,2996.5
3,-1023,19,2997,-1022.5,20,2997.5
3,-1022,19,2997,-1021.5,20,2997.5
3,-1021,19,2997,-1020.5,20,2997.5
3,-1020,19,2997,-1019.5,20,2997.5
3,-1019,19,2997,-1018.5,20,2997.5
3,-1018,19,2997,-1017.5,20,2997.5
3,-1017,19,2997,-1016.5,20,2997.5
3,-1016,19,2997,-1015.5,20,2997.5
3,-1015,19,2997,-1014.5,20,2997.5
3,-1014,19,2997,-1013.5,20,2997.5
3,-1008,19,2997,-1007.5,20,2997.5
3,-1007,19,2997,-1006.5,20,2997.5
3,-1006,19,2997,-1005.5,20,2997.5
3,-1005,19,2997,-1004.5,20,2997.5
3,-1004,19,2997,-1003.5,20,2997.5
3,-1003,19,2997,-1002.5,20,2997.5
3,-1002,19,2997,-1001.5,20,2997.5
3,-1001,19,2997,-1000.5,20,2997.5
3,-1000,19,2997,-999.5,20,2997.5
3,-999,19,2997,-998.5,20,2997.5
3,-998,19,2997,-997.5,20,2997.5
3,-997,19,2997,-996.5,20,2997.5
3,-996,19,2997,-995.5,20,2997.5
3,-990,19,2997,-989.5,20,2997.5
3,-989,19,2997,-988.5,20,2997.5
3,-988,19,2997,-987.5,20,2997.5
3,-987,19,2997,-986.5,20,2997.5
3,-986,19,2997,-985.5,20,2997.5
3,-985,19,2997,-984.5,20,2997.5
3,-984,19,2997,-983.5,20,2997.5
3,-983,19,2997,-982.5,20,2997.5
3,-982,19,2997,-981.5,20,2997.5
3,-981,19,2997,-980.5,20,2997.5
3,-1023,19,2998,-1022.5,20,2998.5
3,-1022,19,2998,-1021.5,20,2998.5
3,-1021,19,2998,-1020.5,20,2998.5
3,-1020,19,2998,-1019.5,20,2998.5
3,-1019,19,2998,-1018.5,20,2998.5
3,-1018,19,2998,-1017.5,20,2998.5
3,-1017,19,2998,-1016.5,20,2998.5
3,-1016,19,2998,-1015.5,20,2998.5
3,-1015,19,2998,-1014.5,20,2998.5
3,-1014,19,2998,-1013.5,20,2998.5
3,-1008,19,2998,-1007.5,20,2998.5
3,-1007,19,2998,-1006.5,20,2998.5
3,-1006,19,2998,-1005.5,20,2998.5
3,-1005,19,2998,-1004.5,20,2998.5
3,-1004,19,2998,-1003.5,20,2998.5
3,-1003,19,2998,-1002.5,20,2998.5
3,-1002,19,2998,-1001.5,20,2998.5
3,-1001,19,2998,-1000.5,20,2998.5
3,-1000,19,2998,-999.5,20,2998.5
3,-999,19,2998,-998.5,20,2998.5
3,-998,19,2998,-997.5,20,2998.5
3,-997,19,2998,-996.5,20,2998.5
3,-996,19,2998,-995.5,20,2998.5
3,-990,19,2998,-989.5,20,2998.5
3,-989,19,2998,-988.5,20,2998.5
3,-988,19,2998,-987.5,20,2998.5
3,-987,19,2998,-986.5,20,2998.5
3,-986,19,2998,-985.5,20,2998.5
3,-985,19,2998,-984.5,20,2998.5
3,-984,19,2998,-983.5,20,2998.5
3,-983,19,2998,-982.5,20,2998.5
3,-982,19,2998,-981.5,20,2998.5
3,-981,19,2998,-980.5,20,2998.5
3,-1024,19,2999,-1023.5,20,2999.5
3,-1023,19,2999,-1022.5,20,2999.5
3,-1022,19,2999,-1021.5,20,2999.5
3,-1021,19,2999,-1020.5,20,2999.5
3,-1020,19,2999,-1019.5,20,2999.5
3,-1019,19,2999,-1018.5,20,2999.5
3,-1018,19,2999,-1017.5,20,2999.5
3,-1017,19,2999,-1016.5,20,2999.5
3,-1016,19,2999,-1015.5,20,2999.5
3,-1015,19,2999,-1014.5,20,2999.5
3,-1014,19,2999,-1013.5,20,2999.5
3,-1008,19,2999,-1007.5,20,2999.5
3,-1007,19,2999,-1006.5,20,2999.5
3,-1006,19,2999,-1005.5,20,2999.5
3,-1005,19,2999,-1004.5,20,2999.5
3,-1004,19,2999,-1003.5,20,2999.5
3,-1003,19,2999,-1002.5,20,2999.5
3,-1002,19,2999,-1001.5,20,2999.5
3,-1001,19,2999,-1000.5,20,2999.5
3,-1000,19,2999,-999.5,20,2999.5
3,-999,19,2999,-998.5,20,2999.5
3,-998,19,2999,-997.5,20,2999.5
3,-997,19,2999,-996.5,20,2999.5
3,-996,19,2999,-995.5,20,2999.5
3,-990,19,2999,-989.5,20,2999.5
3,-989,19,2999,-988.5,20,2999.5
3,-988,19,2999,-987.5,20,2999.5
3,-987,19,2999,-986.5,20,2999.5
3,-986,19,2999,-985.5,20,2999.5
3,-985,19,2999,-984.5,20,2999.5
3,-984,19,2999,-983.5,20,2999.5
3,-983,19,2999,-982.5,20,2999.5
3,-982,19,2999,-981.5,20,2999.5
3,-981,19,2999,-980.5,20,2999.5
3,-980,19,2999,-979.5,20,2999.5
3,-1024,19,3000,-1023.5,20,3000.5
3,-1023,19,3000,-1022.5,20,3000.5
3,-1022,19,3000,-1021.5,20,3000.5
3,-1021,19,3000,-1020.5,20,3000.5
3,-1020,19,3000,-1019.5,20,3000.5
3,-1019,19,3000,-1018.5,20,3000.5
3,-1018,19,3000,-1017.5,20,3000.5
3,-1017,19,3000,-1016.5,20,3000.5
3,-1016,19,3000,-1015.5,20,3000.5
3,-1015,19,3000,-1014.5,20,3000.5
3,-1014,19,3000,-1013.5,20,3000.5
3,-1013,19,3000,-1012.5,20,3000.5
3,-1012,19,3000,-1011.5,20,3000.5
3,-1011,19,3000,-1010.5,20,3000.5
3,-1010,19,3000,-1009.5,20,3000.5
3,-1009,19,3000,-1008.5,20,3000.5
3,-1008,19,3000,-1007.5,20,3000.5
3,-1007,19,3000,-1006.5,20,3000.5
3,-1006,19,3000,-1005.5,20,3000.5
3,-1005,19,3000,-1004.5,20,3000.5
3,-1004,19,3000,-1003.5,20,3000.5
3,-1003,19,3000,-1002.5,20,3000.5
3,-1002,19,3000,-1001.5,20,3000.5
3,-1001,19,3000,-1000.5,20,3000.5
3,-1000,19,3000,-999.5,20,3000.5
3,-999,19,3000,-998.5,20,3000.5
3,-998,19,3000,-997.5,20,3000.5
3,-997,19,3000,-996.5,20,3000.5
3,-996,19,3000,-995.5,20,3000.5
3,-995,19,3000,-994.5,20,3000.5
3,-994,19,3000,-993.5,20,3000.5
3,-993,19,3000,-992.5,20,3000.5
3,-992,19,3000,-991.5,20,3000.5
3,-991,19,3000,-990.5,20,3000.5
3,-990,19,3000,-989.5,20,3000.5
3,-989,19,3000,-988.5,20,3000.5
3,-988,19,3000,-987.5,20,3000.5
3,-987,19,3000,-986.5,20,3000.5
3,-986,19,3000,-985.5,20,3000.5
3,-985,19,3000,-984.5,20,3000.5
3,-984,19,3000,-983.5,20,3000.5
3,-983,19,3000,-982.5,20,3000.5
3,-982,19,3000,-981.5,20,3000.5
3,-981,19,3000,-980.5,20,3000.5
3,-980,19,3000,-979.5,20,3000.5
3,-1024,19,3001,-1023.5,20,3001.5
3,-1023,19,3001,-1022.5,20,3001.5
3,-1022,19,3001,-1021.5,20,3001.5
3,-1021,19,3001,-1020.5,20,3001.5
3,-1020,19,3001,-1019.5,20,3001.5
3,-1019,19,3001,-1018.5,20,3001.5
3,-1018,19,3001,-1017.5,20,3001.5
3,-1017,19,3001,-1016.5,20,3001.5
3,-1016,19,3001,-1015.5,20,3001.5
3,-1015,19,3001,-1014.5,20,3001.5
3,-1014,19,3001,-1013.5,20,3001.5
3,-1013,19,3001,-1012.5,20,3001.5
3,-1012,19,3001,-1011.5,20,3001.5
3,-1011,19,3001,-1010.5,20,3001.5
3,-1010,19,3001,-1009.5,20,3001.5
3,-1009,19,3001,-1008.5,20,3001.5
3,-1008,19,3001,-1007.5,20,3001.5
3,-1007,19,3001,-1006.5,20,3001.5
3,-1006,19,3001,-1005.5,20,3001.5
3,-1005,19,3001,-1004.5,20,3001.5
3,-1004,19,3001,-1003.5,20,3001.5
3,-1003,19,3001,-1002.5,20,3001.5
3,-1002,19,3001,-1001.5,20,3001.5
3,-1001,19,3001,-1000.5,20,3001.5
3,-1000,19,3001,-999.5,20,3001.5
3,-999,19,3001,-998.5,20,3001.5
3,-998,19,3001,-997.5,20,3001.5
3,-997,19,3001,-996.5,20,3001.5
3,-996,19,3001,-995.5,20,3001.5
3,-995,19,3001,-994.5,20,3001.5
3,-994,19,3001,-993.5,20,3001.5
3,-993,19,3001,-992.5,20,3001.5
3,-992,19,3001,-991.5,20,3001.5
3,-991,19,3001,-990.5,20,3001.5
3,-990,19,3001,-989.5,20,3001.5
3,-989,19,3001,-988.5,20,3001.5
3,-988,19,3001,-987.5,20,3001.5
3,-987,19,3001,-986.5,20,3001.5
3,-986,19,3001,-985.5,20,3001.5
3,-985,19,3001,-984.5,20,3001.5
3,-984,19,3001,-983.5,20,3001.5
3,-983,19,3001,-982.5,20,3001.5
3,-982,19,3001,-981.5,20,3001.5
3,-981,19,3001,-980.5,20,3001.5
3,-980,19,3001,-979.5,20,3001.5
3,-1025,19,3002,-1024.5,20,3002.5
3,-1024,19,3002,-1023.5,20,3002.5
3,-1023,19,3002,-1022.5,20,3002.5
3,-1022,19,3002,-1021.5,20,3002.5
3,-1021,19,3002,-1020.5,20,3002.5
3,-1020,19,3002,-1019.5,20,3002.5
3,-1019,19,3002,-1018.5,20,3002.5
3,-1018,19,3002,-1017.5,20,3002.5
3,-1017,19,3002,-1016.5,20,3002.5
3,-1016,19,3002,-1015.5,20,3002.5
3,-1015,19,3002,-1014.5,20,3002.5
3,-1014,19,3002,-1013.5,20,3002.5
3,-1013,19,3002,-1012.5,20,3002.5
3,-1012,19,3002,-1011.5,20,3002.5
3,-1011,19,3002,-1010.5,20,3002.5
3,-1010,19,3002,-1009.5,20,3002.5
3,-1009,19,3002,-1008.5,20,3002.5
3,-1008,19,3002,-1007.5,20,3002.5
3,-1007,19,3002,-1006.5,20,3002.5
3,-1006,19,3002,-1005.5,20,3002.5
3,-1005,19,3002,-1004.5,20,3002.5
3,-1004,19,3002,-1003.5,20,3002.5
3,-1003,19,3002,-1002.5,20,3002.5
3,-1002,19,3002,-1001.5,20,3002.5
3,-1001,19,3002,-1000.5,20,3002.5
3,-1000,19,3002,-999.5,20,3002.5
3,-999,19,3002,-998.5,20,3002.5
3,-998,19,3002,-997.5,20,3002.5
3,-997,19,3002,-996.5,20,3002.5
3,-996,19,3002,-995.5,20,3002.5
3,-995,19,3002,-994.5,20,3002.5
3,-994,19,3002,-993.5,20,3002.5
3,-993,19,3002,-992.5,20,3002.5
3,-992,19,3002,-991.5,20,3002.5
3,-991,19,3002,-990.5,20,3002.5
3,-990,19,3002,-989.5,20,3002.5
3,-989,19,3002,-988.5,20,3002.5
3,-988,19,3002,-987.5,20,3002.5
3,-987,19,3002,-986.5,20,3002.5
3,-986,19,3002,-985.5,20,3002.5
3,-985,19,3002,-984.5,20,3002.5
3,-984,19,3002,-983.5,20,3002.5
3,-983,19,3002,-982.5,20,3002.5
3,-982,19,3002,-981.5,20,3002.5
3,-981,19,3002,-980.5,20,3002.5
3,-980,19,3002,-979.5,20,3002.5
3,-979,19,3002,-978.5,20,3002.5
3,-1025,19,3003,-1024.5,20,3003.5
3,-1024,19,3003,-1023.5,20,3003.5
3,-1023,19,3003,-1022.5,20,3003.5
3,-1022,19,3003,-1021.5,20,3003.5
3,-1021,19,3003,-1020.5,20,3003.5
3,-1020,19,3003,-1019.5,20,3003.5
3,-1019,19,3003,-1018.5,20,3003.5
3,-1018,19,3003,-1017.5,20,3003.5
3,-1017,19,3003,-1016.5,20,3003.5
3,-1016,19,3003,-1015.5,20,3003.5
3,-1015,19,3003,-1014.5,20,3003.5
3,-1014,19,3003,-1013.5,20,3003.5
3,-1013,19,3003,-1012.5,20,3003.5
3,-1012,19,3003,-1011.5,20,3003.5
3,-1011,19,3003,-1010.5,20,3003.5
3,-1010,19,3003,-1009.5,20,3003.5
3,-1009,19,3003,-1008.5,20,3003.5
3,-1008,19,3003,-1007.5,20,3003.5
3,-1007,19,3003,-1006.5,20,3003.5
3,-1006,19,3003,-1005.5,20,3003.5
3,-1005,19,3003,-1004.5,20,3003.5
3,-1004,19,3003,-1003.5,20,3003.5
3,-1003,19,3003,-1002.5,20,3003.5
3,-1002,19,3003,-1001.5,20,3003.5
3,-1001,19,3003,-1000.5,20,3003.5
3,-1000,19,3003,-999.5,20,3003.5
3,-999,19,3003,-998.5,20,3003.5
3,-998,19,3003,-997.5,20,3003.5
3,-997,19,3003,-996.5,20,3003.5
3,-996,19,3003,-995.5,20,3003.5
3,-995,19,3003,-994.5,20,3003.5
3,-994,19,3003,-993.5,20,3003.5
3,-993,19,3003,-992.5,20,3003.5
3,-992,19,3003,-991.5,20,3003.5
3,-991,19,3003,-990.5,20,3003.5
3,-990,19,3003,-989.5,20,3003.5
3,-989,19,3003,-988.5,20,3003.5
3,-988,19,3003,-987.5,20,3003.5
3,-987,19,3003,-986.5,20,3003.5
3,-986,19,3003,-985.5,20,3003.5
3,-985,19,3003,-984.5,20,3003.5
3,-984,19,3003,-983.5,20,3003.5
3,-983,19,3003,-982.5,20,3003.5
3,-982,19,3003,-981.5,20,3003.5
3,-981,19,3003,-980.5,20,3003.5
3,-980,19,3003,-979.5,20,3003.5
3,-979,19,3003,-978.5,20,3003.5
3,-1026,19,3004,-1025.5,20,3004.5
3,-1025,19,3004,-1024.5,20,3004.5
3,-1024,19,3004,-1023.5,20,3004.5
3,-1023,19,3004,-1022.5,20,3004.5
3,-1022,19,3004,-1021.5,20,3004.5
3,-1021,19,3004,-1020.5,20,3004.5
3,-1020,19,3004,-1019.5,20,3004.5
3,-1019,19,3004,-1018.5,20,3004.5
3,-1018,19,3004,-1017.5,20,3004.5
3,-1017,19,3004,-1016.5,20,3004.5
3,-1016,19,3004,-1015.5,20,3004.5
3,-1015,19,3004,-1014.5,20,3004.5
3,-1014,19,3004,-1013.5,20,3004.5
3,-1013,19,3004,-1012.5,20,3004.5
3,-1012,19,3004,-1011.5,20,3004.5
3,-1011,19,3004,-1010.5,20,3004.5
3,-1010,19,3004,-1009.5,20,3004.5
3,-1009,19,3004,-1008.5,20,3004.5
3,-1008,19,3004,-1007.5,20,3004.5
3,-1007,19,3004,-1006.5,20,3004.5
3,-1006,19,3004,-1005.5,20,3004.5
3,-1005,19,3004,-1004.5,20,3004.5
3,-1004,19,3004,-1003.5,20,3004.5
3,-1003,19,3004,-1002.5,20,3004.5
3,-1002,19,3004,-1001.5,20,3004.5
3,-1001,19,3004,-1000.5,20,3004.5
3,-1000,19,3004,-999.5,20,3004.5
3,-999,19,3004,-998.5,20,3004.5
3,-998,19,3004,-997.5,20,3004.5
3,-997,19,3004,-996.5,20,3004.5
3,-996,19,3004,-995.5,20,3004.5
3,-995,19,3004,-994.5,20,3004.5
3,-994,19,3004,-993.5,20,3004.5
3,-993,19,3004,-992.5,20,3004.5
3,-992,19,3004,-991.5,20,3004.5
3,-991,19,3004,-990.5,20,3004.5
3,-990,19,3004,-989.5,20,3004.5
3,-989,19,3004,-988.5,20,3004.5
3,-988,19,3004,-987.5,20,3004.5
3,-987,19,3004,-986.5,20,3004.5
3,-986,19,3004,-985.5,20,3004.5
3,-985,19,3004,-984.5,20,3004.5
3,-984,19,3004,-983.5,20,3004.5
3,-983,19,3004,-982.5,20,3004.5
3,-982,19,3004,-981.5,20,3004.5
3,-981,19,3004,-980.5,20,3004.5
3,-980,19,3004,-979.5,20,3004.5
3,-979,19,3004,-978.5,20,3004.5
3,-978,19,3004,-977.5,20,3004.5
3,-1026,19,3005,-1025.5,20,3005.5
3,-1025,19,3005,-1024.5,20,3005.5
3,-1024,19,3005,-1023.5,20,3005.5
3,-1023,19,3005,-1022.5,20,3005.5
3,-1022,19,3005,-1021.5,20,3005.5
3,-1021,19,3005,-1020.5,20,3005.5
3,-1020,19,3005,-1019.5,20,3005.5
3,-1019,19,3005,-1018.5,20,3005.5
3,-1018,19,3005,-1017.5,20,3005.5
3,-1017,19,3005,-1016.5,20,3005.5
3,-1016,19,3005,-1015.5,20,3005.5
3,-1015,19,3005,-1014.5,20,3005.5
3,-1014,19,3005,-1013.5,20,3005.5
3,-1013,19,3005,-1012.5,20,3005.5
3,-1012,19,3005,-1011.5,20,3005.5
3,-1011,19,3005,-1010.5,20,3005.5
3,-1010,19,3005,-1009.5,20,3005.5
3,-1009,19,3005,-1008.5,20,3005.5
3,-1008,19,3005,-1007.5,20,3005.5
3,-1007,19,3005,-1006.5,20,3005.5
3,-1006,19,3005,-1005.5,20,3005.5
3,-1005,19,3005,-1004.5,20,3005.5
3,-1004,19,3005,-1003.5,20,3005.5
3,-1003,19,3005,-1002.5,20,3005.5
3,-1002,19,3005,-1001.5,20,3005.5
3,-1001,19,3005,-1000.5,20,3005.5
3,-1000,19,3005,-999.5,20,3005.5
3,-999,19,3005,-998.5,20,3005.5
3,-998,19,3005,-997.5,20,3005.5
3,-997,19,3005,-996.5,20,3005.5
3,-996,19,3005,-995.5,20,3005.5
3,-995,19,3005,-994.5,20,3005.5
3,-994,19,3005,-993.5,20,3005.5
3,-993,19,3005,-992.5,20,3005.5
3,-992,19,3005,-991.5,20,3005.5
3,-991,19,3005,-990.5,20,3005.5
3,-990,19,3005,-989.5,20,3005.5
3,-989,19,3005,-988.5,20,3005.5
3,-988,19,3005,-987.5,20,3005.5
3,-987,19,3005,-986.5,20,3005.5
3,-986,19,3005,-985.5,20,3005.5
3,-985,19,3005,-984.5,20,3005.5
3,-984,19,3005,-983.5,20,3005.5
3,-983,19,3005,-982.5,20,3005.5
3,-982,19,3005,-981.5,20,3005.5
3,-981,19,3005,-980.5,20,3005.5
3,-980,19,3005,-979.5,20,3005.5
3,-979,19,3005,-978.5,20,3005.5
3,-978,19,3005,-977.5,20,3005.5
3,-1027,19,3006,-1026.5,20,3006.5
3,-1026,19,3006,-1025.5,20,3006.5
3,-1025,19,3006,-1024.5,20,3006.5
3,-1024,19,3006,-1023.5,20,3006.5
3,-1023,19,3006,-1022.5,20,3006.5
3,-1022,19,3006,-1021.5,20,3006.5
3,-1021,19,3006,-1020.5,20,3006.5
3,-1020,19,3006,-1019.5,20,3006.5
3,-1019,19,3006,-1018.5,20,3006.5
3,-1018,19,3006,-1017.5,20,3006.5
3,-1017,19,3006,-1016.5,20,3006.5
3,-1016,19,3006,-1015.5,20,3006.5
3,-1015,19,3006,-1014.5,20,3006.5
3,-1014,19,3006,-1013.5,20,3006.5
3,-1013,19,3006,-1012.5,20,3006.5
3,-1012,19,3006,-1011.5,20,3006.5
3,-1011,19,3006,-1010.5,20,3006.5
3,-1010,19,3006,-1009.5,20,3006.5
3,-1009,19,3006,-1008.5,20,3006.5
3,-1008,19,3006,-1007.5,20,3006.5
3,-1007,19,3006,-1006.5,20,3006.5
3,-1006,19,3006,-1005.5,20,3006.5
3,-1005,19,3006,-1004.5,20,3006.5
3,-1004,19,3006,-1003.5,20,3006.5
3,-1003,19,3006,-1002.5,20,3006.5
3,-1002,19,3006,-1001.5,20,3006.5
3,-1001,19,3006,-1000.5,20,3006.5
3,-1000,19,3006,-999.5,20,3006.5
3,-999,19,3006,-998.5,20,3006.5
3,-998,19,3006,-997.5,20,3006.5
3,-997,19,3006,-996.5,20,3006.5
3,-996,19,3006,-995.5,20,3006.5
3,-995,19,3006,-994.5,20,3006.5
3,-994,19,3006,-993.5,20,3006.5
3,-993,19,3006,-992.5,20,3006.5
3,-992,19,3006,-991.5,20,3006.5
3,-991,19,3006,-990.5,20,3006.5
3,-990,19,3006,-989.5,20,3006.5
3,-989,19,3006,-988.5,20,3006.5
3,-988,19,3006,-987.5,20,3006.5
3,-987,19,3006,-986.5,20,3006.5
3,-986,19,3006,-985.5,20,3006.5
3,-985,19,3006,-984.5,20,3006.5
3,-984,19,3006,-983.5,20,3006.5
3,-983,19,3006,-982.5,20,3006.5
3,-982,19,3006,-981.5,20,3006.5
3,-981,19,3006,-980.5,20,3006.5
3,-980,19,3006,-979.5,20,3006.5
3,-979,19,3006,-978.5,20,3006.5
3,-978,19,3006,-977.5,20,3006.5
3,-977,19,3006,-976.5,20,3006.5
3,-1026,19,3007,-1025.5,20,3007.5
3,-1025,19,3007,-1024.5,20,3007.5
3,-1024,19,3007,-1023.5,20,3007.5
3,-1023,19,3007,-1022.5,20,3007.5
3,-1022,19,3007,-1021.5,20,3007.5
3,-1021,19,3007,-1020.5,20,3007.5
3,-1020,19,3007,-1019.5,20,3007.5
3,-1019,19,3007,-1018.5,20,3007.5
3,-1018,19,3007,-1017.5,20,3007.5
3,-1017,19,3007,-1016.5,20,3007.5
3,-1016,19,3007,-1015.5,20,3007.5
3,-1015,19,3007,-1014.5,20,3007.5
3,-1014,19,3007,-1013.5,20,3007.5
3,-1013,19,3007,-1012.5,20,3007.5
3,-1012,19,3007,-1011.5,20,3007.5
3,-1011,19,3007,-1010.5,20,3007.5
3,-1010,19,3007,-1009.5,20,3007.5
3,-1009,19,3007,-1008.5,20,3007.5
3,-1008,19,3007,-1007.5,20,3007.5
3,-1007,19,3007,-1006.5,20,3007.5
3,-1006,19,3007,-1005.5,20,3007.5
3,-1005,19,3007,-1004.5,20,3007.5
3,-1004,19,3007,-1003.5,20,3007.5
3,-1003,19,3007,-1002.5,20,3007.5
3,-1002,19,3007,-1001.5,20,3007.5
3,-1001,19,3007,-1000.5,20,3007.5
3,-1000,19,3007,-999.5,20,3007.5
3,-999,19,3007,-998.5,20,3007.5
3,-998,19,3007,-997.5,20,3007.5
3,-997,19,3007,-996.5,20,3007.5
3,-996,19,3007,-995.5,20,3007.5
3,-995,19,3007,-994.5,20,3007.5
3,-994,19,3007,-993.5,20,3007.5
3,-993,19,3007,-992.5,20,3007.5
3,-992,19,3007,-991.5,20,3007.5
3,-991,19,3007,-990.5,20,3007.5
3,-990,19,3007,-989.5,20,3007.5
3,-989,19,3007,-988.5,20,3007.5
3,-988,19,3007,-987.5,20,3007.5
3,-987,19,3007,-986.5,20,3007.5
3,-986,19,3007,-985.5,20,3007.5
3,-985,19,3007,-984.5,20,3007.5
3,-984,19,3007,-983.5,20,3007.5
3,-983,19,3007,-982.5,20,3007.5
3,-982,19,3007,-981.5,20,3007.5
3,-981,19,3007,-980.5,20,3007.5
3,-980,19,3007,-979.5,20,3007.5
3,-979,19,3007,-978.5,20,3007.5
3,-978,19,3007,-977.5,20,3007.5
3,-1026,19,3008,-1025.5,20,3008.5
3,-1025,19,3008,-1024.5,20,3008.5
3,-1024,19,3008,-1023.5,20,3008.5
3,-1023,19,3008,-1022.5,20,3008.5
3,-1022,19,3008,-1021.5,20,3008.5
3,-1021,19,3008,-1020.5,20,3008.5
3,-1020,19,3008,-1019.5,20,3008.5
3,-1019,19,3008,-1018.5,20,3008.5
3,-1018,19,3008,-1017.5,20,3008.5
3,-1017,19,3008,-1016.5,20,3008.5
3,-1016,19,3008,-1015.5,20,3008.5
3,-1015,19,3008,-1014.5,20,3008.5
3,-1014,19,3008,-1013.5,20,3008.5
3,-1013,19,3008,-1012.5,20,3008.5
3,-1012,19,3008,-1011.5,20,3008.5
3,-1011,19,3008,-1010.5,20,3008.5
3,-1010,19,3008,-1009.5,20,3008.5
3,-1009,19,3008,-1008.5,20,3008.5
3,-1008,19,3008,-1007.5,20,3008.5
3,-1007,19,3008,-1006.5,20,3008.5
3,-1006,19,3008,-1005.5,20,3008.5
3,-1005,19,3008,-1004.5,20,3008.5
3,-1004,19,3008,-1003.5,20,3008.5
3,-1003,19,3008,-1002.5,20,3008.5
3,-1002,19,3008,-1001.5,20,3008.5
3,-1001,19,3008,-1000.5,20,3008.5
3,-1000,19,3008,-999.5,20,3008.5
3,-999,19,3008,-998.5,20,3008.5
3,-998,19,3008,-997.5,20,3008.5
3,-997,19,3008,-996.5,20,3008.5
3,-996,19,3008,-995.5,20,3008.5
3,-995,19,3008,-994.5,20,3008.5
3,-994,19,3008,-993.5,20,3008.5
3,-993,19,3008,-992.5,20,3008.5
3,-992,19,3008,-991.5,20,3008.5
3,-991,19,3008,-990.5,20,3008.5
3,-990,19,3008,-989.5,20,3008.5
3,-989,19,3008,-988.5,20,3008.5
3,-988,19,3008,-987.5,20,3008.5
3,-987,19,3008,-986.5,20,3008.5
3,-986,19,3008,-985.5,20,3008.5
3,-985,19,3008,-984.5,20,3008.5
3,-984,19,3008,-983.5,20,3008.5
3,-983,19,3008,-982.5,20,3008.5
3,-982,19,3008,-981.5,20,3008.5
3,-981,19,3008,-980.5,20,3008.5
3,-980,19,3008,-979.5,20,3008.5
3,-979,19,3008,-978.5,20,3008.5
3,-978,19,3008,-977.5,20,3008.5
3,-1025,19,3009,-1024.5,20,3009.5
3,-1024,19,3009,-1023.5,20,3009.5
3,-1023,19,3009,-1022.5,20,3009.5
3,-1022,19,3009,-1021.5,20,3009.5
3,-1021,19,3009,-1020.5,20,3009.5
3,-1020,19,3009,-1019.5,20,3009.5
3,-1019,19,3009,-1018.5,20,3009.5
3,-1018,19,3009,-1017.5,20,3009.5
3,-1017,19,3009,-1016.5,20,3009.5
3,-1016,19,3009,-1015.5,20,3009.5
3,-1015,19,3009,-1014.5,20,3009.5
3,-1014,19,3009,-1013.5,20,3009.5
3,-1013,19,3009,-1012.5,20,3009.5
3,-1012,19,3009,-1011.5,20,3009.5
3,-1011,19,3009,-1010.5,20,3009.5
3,-1010,19,3009,-1009.5,20,3009.5
3,-1009,19,3009,-1008.5,20,3009.5
3,-1008,19,3009,-1007.5,20,3009.5
3,-1007,19,3009,-1006.5,20,3009.5
3,-1006,19,3009,-1005.5,20,3009.5
3,-1005,19,3009,-1004.5,20,3009.5
3,-1004,19,3009,-1003.5,20,3009.5
3,-1003,19,3009,-1002.5,20,3009.5
3,-1002,19,3009,-1001.5,20,3009.5
3,-1001,19,3009,-1000.5,20,3009.5
3,-1000,19,3009,-999.5,20,3009.5
3,-999,19,3009,-998.5,20,3009.5
3,-998,19,3009,-997.5,20,3009.5
3,-997,19,3009,-996.5,20,3009.5
3,-996,19,3009,-995.5,20,3009.5
3,-995,19,3009,-994.5,20,3009.5
3,-994,19,3009,-993.5,20,3009.5
3,-993,19,3009,-992.5,20,3009.5
3,-992,19,3009,-991.5,20,3009.5
3,-991,19,3009,-990.5,20,3009.5
3,-990,19,3009,-989.5,20,3009.5
3,-989,19,3009,-988.5,20,3009.5
3,-988,19,3009,-987.5,20,3009.5
3,-987,19,3009,-986.5,20,3009.5
3,-986,19,3009,-985.5,20,3009.5
3,-985,19,3009,-984.5,20,3009.5
3,-984,19,3009,-983.5,20,3009.5
3,-983,19,3009,-982.5,20,3009.5
3,-982,19,3009,-981.5,20,3009.5
3,-981,19,3009,-980.5,20,3009.5
3,-980,19,3009,-979.5,20,3009.5
3,-979,19,3009,-978.5,20,3009.5
3,-1025,19,3010,-1024.5,20,3010.5
3,-1024,19,3010,-1023.5,20,3010.5
3,-1023,19,3010,-1022.5,20,3010.5
3,-1022,19,3010,-1021.5,20,3010.5
3,-1021,19,3010,-1020.5,20,3010.5
3,-1020,19,3010,-1019.5,20,3010.5
3,-1019,19,3010,-1018.5,20,3010.5
3,-1018,19,3010,-1017.5,20,3010.5
3,-1017,19,3010,-1016.5,20,3010.5
3,-1016,19,3010,-1015.5,20,3010.5
3,-1015,19,3010,-1014.5,20,3010.5
3,-1014,19,3010,-1013.5,20,3010.5
3,-1013,19,3010,-1012.5,20,3010.5
3,-1012,19,3010,-1011.5,20,3010.5
3,-1011,19,3010,-1010.5,20,3010.5
3,-1010,19,3010,-1009.5,20,3010.5
3,-1009,19,3010,-1008.5,20,3010.5
3,-1008,19,3010,-1007.5,20,3010.5
3,-1007,19,3010,-1006.5,20,3010.5
3,-1006,19,3010,-1005.5,20,3010.5
3,-1005,19,3010,-1004.5,20,3010.5
3,-1004,19,3010,-1003.5,20,3010.5
3,-1003,19,3010,-1002.5,20,3010.5
3,-1002,19,3010,-1001.5,20,3010.5
3,-1001,19,3010,-1000.5,20,3010.5
3,-1000,19,3010,-999.5,20,3010.5
3,-999,19,3010,-998.5,20,3010.5
3,-998,19,3010,-997.5,20,3010.5
3,-997,19,3010,-996.5,20,3010.5
3,-996,19,3010,-995.5,20,3010.5
3,-995,19,3010,-994.5,20,3010.5
3,-994,19,3010,-993.5,20,3010.5
3,-993,19,3010,-992.5,20,3010.5
3,-992,19,3010,-991.5,20,3010.5
3,-991,19,3010,-990.5,20,3010.5
3,-990,19,3010,-989.5,20,3010.5
3,-989,19,3010,-988.5,20,3010.5
3,-988,19,3010,-987.5,20,3010.5
3,-987,19,3010,-986.5,20,3010.5
3,-986,19,3010,-985.5,20,3010.5
3,-985,19,3010,-984.5,20,3010.5
3,-984,19,3010,-983.5,20,3010.5
3,-983,19,3010,-982.5,20,3010.5
3,-982,19,3010,-981.5,20,3010.5
3,-981,19,3010,-980.5,20,3010.5
3,-980,19,3010,-979.5,20,3010.5
3,-979,19,3010,-978.5,20,3010.5
3,-1024,19,3011,-1023.5,20,3011.5
3,-1023,19,3011,-1022.5,20,3011.5
3,-1022,19,3011,-1021.5,20,3011.5
3,-1021,19,3011,-1020.5,20,3011.5
3,-1020,19,3011,-1019.5,20,3011.5
3,-1019,19,3011,-1018.5,20,3011.5
3,-1018,19,3011,-1017.5,20,3011.5
3,-1017,19,3011,-1016.5,20,3011.5
3,-1016,19,3011,-1015.5,20,3011.5
3,-1015,19,3011,-1014.5,20,3011.5
3,-1014,19,3011,-1013.5,20,3011.5
3,-1013,19,3011,-1012.5,20,3011.5
3,-1012,19,3011,-1011.5,20,3011.5
3,-1011,19,3011,-1010.5,20,3011.5
3,-1010,19,3011,-1009.5,20,3011.5
3,-1009,19,3011,-1008.5,20,3011.5
3,-1008,19,3011,-1007.5,20,3011.5
3,-1007,19,3011,-1006.5,20,3011.5
3,-1006,19,3011,-1005.5,20,3011.5
3,-1005,19,3011,-1004.5,20,3011.5
3,-1004,19,3011,-1003.5,20,3011.5
3,-1003,19,3011,-1002.5,20,3011.5
3,-1002,19,3011,-1001.5,20,3011.5
3,-1001,19,3011,-1000.5,20,3011.5
3,-1000,19,3011,-999.5,20,3011.5
3,-999,19,3011,-998.5,20,3011.5
3,-998,19,3011,-997.5,20,3011.5
3,-997,19,3011,-996.5,20,3011.5
3,-996,19,3011,-995.5,20,3011.5
3,-995,19,3011,-994.5,20,3011.5
3,-994,19,3011,-993.5,20,3011.5
3,-993,19,3011,-992.5,20,3011.5
3,-992,19,3011,-991.5,20,3011.5
3,-991,19,3011,-990.5,20,3011.5
3,-990,19,3011,-989.5,20,3011.5
3,-989,19,3011,-988.5,20,3011.5
3,-988,19,3011,-987.5,20,3011.5
3,-987,19,3011,-986.5,20,3011.5
3,-986,19,3011,-985.5,20,3011.5
3,-985,19,3011,-984.5,20,3011.5
3,-984,19,3011,-983.5,20,3011.5
3,-983,19,3011,-982.5,20,3011.5
3,-982,19,3011,-981.5,20,3011.5
3,-981,19,3011,-980.5,20,3011.5
3,-980,19,3011,-979.5,20,3011.5
3,-1024,19,3012,-1023.5,20,3012.5
3,-1023,19,3012,-1022.5,20,3012.5
3,-1022,19,3012,-1021.5,20,3012.5
3,-1021,19,3012,-1020.5,20,3012.5
3,-1020,19,3012,-1019.5,20,3012.5
3,-1019,19,3012,-1018.5,20,3012.5
3,-1018,19,3012,-1017.5,20,3012.5
3,-1017,19,3012,-1016.5,20,3012.5
3,-1016,19,3012,-1015.5,20,3012.5
3,-1015,19,3012,-1014.5,20,3012.5
3,-1014,19,3012,-1013.5,20,3012.5
3,-1013,19,3012,-1012.5,20,3012.5
3,-1012,19,3012,-1011.5,20,3012.5
3,-1011,19,3012,-1010.5,20,3012.5
3,-1010,19,3012,-1009.5,20,3012.5
3,-1009,19,3012,-1008.5,20,3012.5
3,-1008,19,3012,-1007.5,20,3012.5
3,-1007,19,3012,-1006.5,20,3012.5
3,-1006,19,3012,-1005.5,20,3012.5
3,-1005,19,3012,-1004.5,20,3012.5
3,-1004,19,3012,-1003.5,20,3012.5
3,-1003,19,3012,-1002.5,20,3012.5
3,-1002,19,3012,-1001.5,20,3012.5
3,-1001,19,3012,-1000.5,20,3012.5
3,-1000,19,3012,-999.5,20,3012.5
3,-999,19,3012,-998.5,20,3012.5
3,-998,19,3012,-997.5,20,3012.5
3,-997,19,3012,-996.5,20,3012.5
3,-996,19,3012,-995.5,20,3012.5
3,-995,19,3012,-994.5,20,3012.5
3,-994,19,3012,-993.5,20,3012.5
3,-993,19,3012,-992.5,20,3012.5
3,-992,19,3012,-991.5,20,3012.5
3,-991,19,3012,-990.5,20,3012.5
3,-990,19,3012,-989.5,20,3012.5
3,-989,19,3012,-988.5,20,3012.5
3,-988,19,3012,-987.5,20,3012.5
3,-987,19,3012,-986.5,20,3012.5
3,-986,19,3012,-985.5,20,3012.5
3,-985,19,3012,-984.5,20,3012.5
3,-984,19,3012,-983.5,20,3012.5
3,-983,19,3012,-982.5,20,3012.5
3,-982,19,3012,-981.5,20,3012.5
3,-981,19,3012,-980.5,20,3012.5
3,-980,19,3012,-979.5,20,3012.5
3,-1024,19,3013,-1023.5,20,3013.5
3,-1023,19,3013,-1022.5,20,3013.5
3,-1022,19,3013,-1021.5,20,3013.5
3,-1021,19,3013,-1020.5,20,3013.5
3,-1020,19,3013,-1019.5,20,3013.5
3,-1019,19,3013,-1018.5,20,3013.5
3,-1018,19,3013,-1017.5,20,3013.5
3,-1017,19,3013,-1016.5,20,3013.5
3,-1016,19,3013,-1015.5,20,3013.5
3,-1015,19,3013,-1014.5,20,3013.5
3,-1014,19,3013,-1013.5,20,3013.5
3,-1008,19,3013,-1007.5,20,3013.5
3,-1007,19,3013,-1006.5,20,3013.5
3,-1006,19,3013,-1005.5,20,3013.5
3,-1005,19,3013,-1004.5,20,3013.5
3,-1004,19,3013,-1003.5,20,3013.5
3,-1003,19,3013,-1002.5,20,3013.5
3,-1002,19,3013,-1001.5,20,3013.5
3,-1001,19,3013,-1000.5,20,3013.5
3,-1000,19,3013,-999.5,20,3013.5
3,-999,19,3013,-998.5,20,3013.5
3,-998,19,3013,-997.5,20,3013.5
3,-997,19,3013,-996.5,20,3013.5
3,-996,19,3013,-995.5,20,3013.5
3,-990,19,3013,-989.5,20,3013.5
3,-989,19,3013,-988.5,20,3013.5
3,-988,19,3013,-987.5,20,3013.5
3,-987,19,3013,-986.5,20,3013.5
3,-986,19,3013,-985.5,20,3013.5
3,-985,19,3013,-984.5,20,3013.5
3,-984,19,3013,-983.5,20,3013.5
3,-983,19,3013,-982.5,20,3013.5
3,-982,19,3013,-981.5,20,3013.5
3,-981,19,3013,-980.5,20,3013.5
3,-980,19,3013,-979.5,20,3013.5
3,-1023,19,3014,-1022.5,20,3014.5
3,-1022,19,3014,-1021.5,20,3014.5
3,-1021,19,3014,-1020.5,20,3014.5
3,-1020,19,3014,-1019.5,20,3014.5
3,-1019,19,3014,-1018.5,20,3014.5
3,-1018,19,3014,-1017.5,20,3014.5
3,-1017,19,3014,-1016.5,20,3014.5
3,-1016,19,3014,-1015.5,20,3014.5
3,-1015,19,3014,-1014.5,20,3014.5
3,-1014,19,3014,-1013.5,20,3014.5
3,-1008,19,3014,-1007.5,20,3014.5
3,-1007,19,3014,-1006.5,20,3014.5
3,-1006,19,3014,-1005.5,20,3014.5
3,-1005,19,3014,-1004.5,20,3014.5
3,-1004,19,3014,-1003.5,20,3014.5
3,-1003,19,3014,-1002.5,20,3014.5
3,-1002,19,3014,-1001.5,20,3014.5
3,-1001,19,3014,-1000.5,20,3014.5
3,-1000,19,3014,-999.5,20,3014.5
3,-999,19,3014,-998.5,20,3014.5
3,-998,19,3014,-997.5,20,3014.5
3,-997,19,3014,-996.5,20,3014.5
3,-996,19,3014,-995.5,20,3014.5
3,-990,19,3014,-989.5,20,3014.5
3,-989,19,3014,-988.5,20,3014.5
3,-988,19,3014,-987.5,20,3014.5
3,-987,19,3014,-986.5,20,3014.5
3,-986,19,3014,-985.5,20,3014.5
3,-985,19,3014,-984.5,20,3014.5
3,-984,19,3014,-983.5,20,3014.5
3,-983,19,3014,-982.5,20,3014.5
3,-982,19,3014,-981.5,20,3014.5
3,-981,19,3014,-980.5,20,3014.5
3,-1023,19,3015,-1022.5,20,3015.5
3,-1022,19,3015,-1021.5,20,3015.5
3,-1021,19,3015,-1020.5,20,3015.5
3,-1020,19,3015,-1019.5,20,3015.5
3,-1019,19,3015,-1018.5,20,3015.5
3,-1018,19,3015,-1017.5,20,3015.5
3,-1017,19,3015,-1016.5,20,3015.5
3,-1016,19,3015,-1015.5,20,3015.5
3,-1015,19,3015,-1014.5,20,3015.5
3,-1014,19,3015,-1013.5,20,3015.5
3,-1008,19,3015,-1007.5,20,3015.5
3,-1007,19,3015,-1006.5,20,3015.5
3,-1006,19,3015,-1005.5,20,3015.5
3,-1005,19,3015,-1004.5,20,3015.5
3,-1004,19,3015,-1003.5,20,3015.5
3,-1003,19,3015,-1002.5,20,3015.5
3,-1002,19,3015,-1001.5,20,3015.5
3,-1001,19,3015,-1000.5,20,3015.5
3,-1000,19,3015,-999.5,20,3015.5
3,-999,19,3015,-998.5,20,3015.5
3,-998,19,3015,-997.5,20,3015.5
3,-997,19,3015,-996.5,20,3015.5
3,-996,19,3015,-995.5,20,3015.5
3,-990,19,3015,-989.5,20,3015.5
3,-989,19,3015,-988.5,20,3015.5
3,-988,19,3015,-987.5,20,3015.5
3,-987,19,3015,-986.5,20,3015.5
3,-986,19,3015,-985.5,20,3015.5
3,-985,19,3015,-984.5,20,3015.5
3,-984,19,3015,-983.5,20,3015.5
3,-983,19,3015,-982.5,20,3015.5
3,-982,19,3015,-981.5,20,3015.5
3,-981,19,3015,-980.5,20,3015.5
3,-1022,19,3016,-1021.5,20,3016.5
3,-1021,19,3016,-1020.5,20,3016.5
3,-1020,19,3016,-1019.5,20,3016.5
3,-1019,19,3016,-1018.5,20,3016.5
3,-1018,19,3016,-1017.5,20,3016.5
3,-1017,19,3016,-1016.5,20,3016.5
3,-1016,19,3016,-1015.5,20,3016.5
3,-1015,19,3016,-1014.5,20,3016.5
3,-1014,19,3016,-1013.5,20,3016.5
3,-1008,19,3016,-1007.5,20,3016.5
3,-1007,19,3016,-1006.5,20,3016.5
3,-1006,19,3016,-1005.5,20,3016.5
3,-1005,19,3016,-1004.5,20,3016.5
3,-1004,19,3016,-1003.5,20,3016.5
3,-1003,19,3016,-1002.5,20,3016.5
3,-1002,19,3016,-1001.5,20,3016.5
3,-1001,19,3016,-1000.5,20,3016.5
3,-1000,19,3016,-999.5,20,3016.5
3,-999,19,3016,-998.5,20,3016.5
3,-998,19,3016,-997.5,20,3016.5
3,-997,19,3016,-996.5,20,3016.5
3,-996,19,3016,-995.5,20,3016.5
3,-990,19,3016,-989.5,20,3016.5
3,-989,19,3016,-988.5,20,3016.5
3,-988,19,3016,-987.5,20,3016.5
3,-987,19,3016,-986.5,20,3016.5
3,-986,19,3016,-985.5,20,3016.5
3,-985,19,3016,-984.5,20,3016.5
3,-984,19,3016,-983.5,20,3016.5
3,-983,19,3016,-982.5,20,3016.5
3,-982,19,3016,-981.5,20,3016.5
3,-1022,19,3017,-1021.5,20,3017.5
3,-1021,19,3017,-1020.5,20,3017.5
3,-1020,19,3017,-1019.5,20,3017.5
3,-1019,19,3017,-1018.5,20,3017.5
3,-1018,19,3017,-1017.5,20,3017.5
3,-1017,19,3017,-1016.5,20,3017.5
3,-1016,19,3017,-1015.5,20,3017.5
3,-1015,19,3017,-1014.5,20,3017.5
3,-1014,19,3017,-1013.5,20,3017.5
3,-1008,19,3017,-1007.5,20,3017.5
3,-1007,19,3017,-1006.5,20,3017.5
3,-1006,19,3017,-1005.5,20,3017.5
3,-1005,19,3017,-1004.5,20,3017.5
3,-1004,19,3017,-1003.5,20,3017.5
3,-1003,19,3017,-1002.5,20,3017.5
3,-1002,19,3017,-1001.5,20,3017.5
3,-1001,19,3017,-1000.5,20,3017.5
3,-1000,19,3017,-999.5,20,3017.5
3,-999,19,3017,-998.5,20,3017.5
3,-998,19,3017,-997.5,20,3017.5
3,-997,19,3017,-996.5,20,3017.5
3,-996,19,3017,-995.5,20,3017.5
3,-990,19,3017,-989.5,20,3017.5
3,-989,19,3017,-988.5,20,3017.5
3,-988,19,3017,-987.5,20,3017.5
3,-987,19,3017,-986.5,20,3017.5
3,-986,19,3017,-985.5,20,3017.5
3,-985,19,3017,-984.5,20,3017.5
3,-984,19,3017,-983.5,20,3017.5
3,-983,19,3017,-982.5,20,3017.5
3,-982,19,3017,-981.5,20,3017.5
3,-1022,19,3018,-1021.5,20,3018.5
3,-1021,19,3018,-1020.5,20,3018.5
3,-1020,19,3018,-1019.5,20,3018.5
3,-1019,19,3018,-1018.5,20,3018.5
3,-1018,19,3018,-1017.5,20,3018.5
3,-1017,19,3018,-1016.5,20,3018.5
3,-1016,19,3018,-1015.5,20,3018.5
3,-1015,19,3018,-1014.5,20,3018.5
3,-1014,19,3018,-1013.5,20,3018.5
3,-1013,19,3018,-1012.5,20,3018.5
3,-1012,19,3018,-1011.5,20,3018.5
3,-1011,19,3018,-1010.5,20,3018.5
3,-1010,19,3018,-1009.5,20,3018.5
3,-1009,19,3018,-1008.5,20,3018.5
3,-1008,19,3018,-1007.5,20,3018.5
3,-1007,19,3018,-1006.5,20,3018.5
3,-1006,19,3018,-1005.5,20,3018.5
3,-1005,19,3018,-1004.5,20,3018.5
3,-1004,19,3018,-1003.5,20,3018.5
3,-1003,19,3018,-1002.5,20,3018.5
3,-1002,19,3018,-1001.5,20,3018.5
3,-1001,19,3018,-1000.5,20,3018.5
3,-1000,19,3018,-999.5,20,3018.5
3,-999,19,3018,-998.5,20,3018.5
3,-998,19,3018,-997.5,20,3018.5
3,-997,19,3018,-996.5,20,3018.5
3,-996,19,3018,-995.5,20,3018.5
3,-995,19,3018,-994.5,20,3018.5
3,-994,19,3018,-993.5,20,3018.5
3,-993,19,3018,-992.5,20,3018.5
3,-992,19,3018,-991.5,20,3018.5
3,-991,19,3018,-990.5,20,3018.5
3,-990,19,3018,-989.5,20,3018.5
3,-989,19,3018,-988.5,20,3018.5
3,-988,19,3018,-987.5,20,3018.5
3,-987,19,3018,-986.5,20,3018.5
3,-986,19,3018,-985.5,20,3018.5
3,-985,19,3018,-984.5,20,3018.5
3,-984,19,3018,-983.5,20,3018.5
3,-983,19,3018,-982.5,20,3018.5
3,-982,19,3018,-981.5,20,3018.5
3,-1021,19,3019,-1020.5,20,3019.5
3,-1020,19,3019,-1019.5,20,3019.5
3,-1019,19,3019,-1018.5,20,3019.5
3,-1018,19,3019,-1017.5,20,3019.5
3,-1017,19,3019,-1016.5,20,3019.5
3,-1016,19,3019,-1015.5,20,3019.5
3,-1015,19,3019,-1014.5,20,3019.5
3,-1014,19,3019,-1013.5,20,3019.5
3,-1013,19,3019,-1012.5,20,3019.5
3,-1012,19,3019,-1011.5,20,3019.5
3,-1011,19,3019,-1010.5,20,3019.5
3,-1010,19,3019,-1009.5,20,3019.5
3,-1009,19,3019,-1008.5,20,3019.5
3,-1008,19,3019,-1007.5,20,3019.5
3,-1007,19,3019,-1006.5,20,3019.5
3,-1006,19,3019,-1005.5,20,3019.5
3,-1005,19,3019,-1004.5,20,3019.5
3,-1004,19,3019,-1003.5,20,3019.5
3,-1003,19,3019,-1002.5,20,3019.5
3,-1002,19,3019,-1001.5,20,3019.5
3,-1001,19,3019,-1000.5,20,3019.5
3,-1000,19,3019,-999.5,20,3019.5
3,-999,19,3019,-998.5,20,3019.5
3,-998,19,3019,-997.5,20,3019.5
3,-997,19,3019,-996.5,20,3019.5
3,-996,19,3019,-995.5,20,3019.5
3,-995,19,3019,-994.5,20,3019.5
3,-994,19,3019,-993.5,20,3019.5
3,-993,19,3019,-992.5,20,3019.5
3,-992,19,3019,-991.5,20,3019.5
3,-991,19,3019,-990.5,20,3019.5
3,-990,19,3019,-989.5,20,3019.5
3,-989,19,3019,-988.5,20,3019.5
3,-988,19,3019,-987.5,20,3019.5
3,-987,19,3019,-986.5,20,3019.5
3,-986,19,3019,-985.5,20,3019.5
3,-985,19,3019,-984.5,20,3019.5
3,-984,19,3019,-983.5,20,3019.5
3,-983,19,3019,-982.5,20,3019.5
3,-1021,19,3020,-1020.5,20,3020.5
3,-1020,19,3020,-1019.5,20,3020.5
3,-1019,19,3020,-1018.5,20,3020.5
3,-1018,19,3020,-1017.5,20,3020.5
3,-1017,19,3020,-1016.5,20,3020.5
3,-1016,19,3020,-1015.5,20,3020.5
3,-1015,19,3020,-1014.5,20,3020.5
3,-1014,19,3020,-1013.5,20,3020.5
3,-1013,19,3020,-1012.5,20,3020.5
3,-1012,19,3020,-1011.5,20,3020.5
3,-1011,19,3020,-1010.5,20,3020.5
3,-1010,19,3020,-1009.5,20,3020.5
3,-1009,19,3020,-1008.5,20,3020.5
3,-1008,19,3020,-1007.5,20,3020.5
3,-1007,19,3020,-1006.5,20,3020.5
3,-1006,19,3020,-1005.5,20,3020.5
3,-1005,19,3020,-1004.5,20,3020.5
3,-1004,19,3020,-1003.5,20,3020.5
3,-1003,19,3020,-1002.5,20,3020.5
3,-1002,19,3020,-1001.5,20,3020.5
3,-1001,19,3020,-1000.5,20,3020.5
3,-1000,19,3020,-999.5,20,3020.5
3,-999,19,3020,-998.5,20,3020.5
3,-998,19,3020,-997.5,20,3020.5
3,-997,19,3020,-996.5,20,3020.5
3,-996,19,3020,-995.5,20,3020.5
3,-995,19,3020,-994.5,20,3020.5
3,-994,19,3020,-993.5,20,3020.5
3,-993,19,3020,-992.5,20,3020.5
3,-992,19,3020,-991.5,20,3020.5
3,-991,19,3020,-990.5,20,3020.5
3,-990,19,3020,-989.5,20,3020.5
3,-989,19,3020,-988.5,20,3020.5
3,-988,19,3020,-987.5,20,3020.5
3,-987,19,3020,-986.5,20,3020.5
3,-986,19,3020,-985.5,20,3020.5
3,-985,19,3020,-984.5,20,3020.5
3,-984,19,3020,-983.5,20,3020.5
3,-983,19,3020,-982.5,20,3020.5
3,-1020,19,3021,-1019.5,20,3021.5
3,-1019,19,3021,-1018.5,20,3021.5
3,-1018,19,3021,-1017.5,20,3021.5
3,-1017,19,3021,-1016.5,20,3021.5
3,-1016,19,3021,-1015.5,20,3021.5
3,-1015,19,3021,-1014.5,20,3021.5
3,-1014,19,3021,-1013.5,20,3021.5
3,-1013,19,3021,-1012.5,20,3021.5
3,-1012,19,3021,-1011.5,20,3021.5
3,-1011,19,3021,-1010.5,20,3021.5
3,-1010,19,3021,-1009.5,20,3021.5
3,-1009,19,3021,-1008.5,20,3021.5
3,-1008,19,3021,-1007.5,20,3021.5
3,-1007,19,3021,-1006.5,20,3021.5
3,-1006,19,3021,-1005.5,20,3021.5
3,-1005,19,3021,-1004.5,20,3021.5
3,-1004,19,3021,-1003.5,20,3021.5
3,-1003,19,3021,-1002.5,20,3021.5
3,-1002,19,3021,-1001.5,20,3021.5
3,-1001,19,3021,-1000.5,20,3021.5
3,-1000,19,3021,-999.5,20,3021.5
3,-999,19,3021,-998.5,20,3021.5
3,-998,19,3021,-997.5,20,3021.5
3,-997,19,3021,-996.5,20,3021.5
3,-996,19,3021,-995.5,20,3021.5
3,-995,19,3021,-994.5,20,3021.5
3,-994,19,3021,-993.5,20,3021.5
3,-993,19,3021,-992.5,20,3021.5
3,-992,19,3021,-991.5,20,3021.5
3,-991,19,3021,-990.5,20,3021.5
3,-990,19,3021,-989.5,20,3021.5
3,-989,19,3021,-988.5,20,3021.5
3,-988,19,3021,-987.5,20,3021.5
3,-987,19,3021,-986.5,20,3021.5
3,-986,19,3021,-985.5,20,3021.5
3,-985,19,3021,-984.5,20,3021.5
3,-984,19,3021,-983.5,20,3021.5
3,-1020,19,3022,-1019.5,20,3022.5
3,-1019,19,3022,-1018.5,20,3022.5
3,-1018,19,3022,-1017.5,20,3022.5
3,-1017,19,3022,-1016.5,20,3022.5
3,-1016,19,3022,-1015.5,20,3022.5
3,-1015,19,3022,-1014.5,20,3022.5
3,-1014,19,3022,-1013.5,20,3022.5
3,-1013,19,3022,-1012.5,20,3022.5
3,-1012,19,3022,-1011.5,20,3022.5
3,-1011,19,3022,-1010.5,20,3022.5
3,-1010,19,3022,-1009.5,20,3022.5
3,-1009,19,3022,-1008.5,20,3022.5
3,-1008,19,3022,-1007.5,20,3022.5
3,-1007,19,3022,-1006.5,20,3022.5
3,-1006,19,3022,-1005.5,20,3022.5
3,-1005,19,3022,-1004.5,20,3022.5
3,-1004,19,3022,-1003.5,20,3022.5
3,-1003,19,3022,-1002.5,20,3022.5
3,-1002,19,3022,-1001.5,20,3022.5
3,-1001,19,3022,-1000.5,20,3022.5
3,-1000,19,3022,-999.5,20,3022.5
3,-999,19,3022,-998.5,20,3022.5
3,-998,19,3022,-997.5,20,3022.5
3,-997,19,3022,-996.5,20,3022.5
3,-996,19,3022,-995.5,20,3022.5
3,-995,19,3022,-994.5,20,3022.5
3,-994,19,3022,-993.5,20,3022.5
3,-993,19,3022,-992.5,20,3022.5
3,-992,19,3022,-991.5,20,3022.5
3,-991,19,3022,-990.5,20,3022.5
3,-990,19,3022,-989.5,20,3022.5
3,-989,19,3022,-988.5,20,3022.5
3,-988,19,3022,-987.5,20,3022.5
3,-987,19,3022,-986.5,20,3022.5
3,-986,19,3022,-985.5,20,3022.5
3,-985,19,3022,-984.5,20,3022.5
3,-984,19,3022,-983.5,20,3022.5
3,-1019,19,3023,-1018.5,20,3023.5
3,-1018,19,3023,-1017.5,20,3023.5
3,-1017,19,3023,-1016.5,20,3023.5
3,-1016,19,3023,-1015.5,20,3023.5
3,-1015,19,3023,-1014.5,20,3023.5
3,-1014,19,3023,-1013.5,20,3023.5
3,-1013,19,3023,-1012.5,20,3023.5
3,-1012,19,3023,-1011.5,20,3023.5
3,-1011,19,3023,-1010.5,20,3023.5
3,-1010,19,3023,-1009.5,20,3023.5
3,-1009,19,3023,-1008.5,20,3023.5
3,-1008,19,3023,-1007.5,20,3023.5
3,-1007,19,3023,-1006.5,20,3023.5
3,-1006,19,3023,-1005.5,20,3023.5
3,-1005,19,3023,-1004.5,20,3023.5
3,-1004,19,3023,-1003.5,20,3023.5
3,-1003,19,3023,-1002.5,20,3023.5
3,-1002,19,3023,-1001.5,20,3023.5
3,-1001,19,3023,-1000.5,20,3023.5
3,-1000,19,3023,-999.5,20,3023.5
3,-999,19,3023,-998.5,20,3023.5
3,-998,19,3023,-997.5,20,3023.5
3,-997,19,3023,-996.5,20,3023.5
3,-996,19,3023,-995.5,20,3023.5
3,-995,19,3023,-994.5,20,3023.5
3,-994,19,3023,-993.5,20,3023.5
3,-993,19,3023,-992.5,20,3023.5
3,-992,19,3023,-991.5,20,3023.5
3,-991,19,3023,-990.5,20,3023.5
3,-990,19,3023,-989.5,20,3023.5
3,-989,19,3023,-988.5,20,3023.5
3,-988,19,3023,-987.5,20,3023.5
3,-987,19,3023,-986.5,20,3023.5
3,-986,19,3023,-985.5,20,3023.5
3,-985,19,3023,-984.5,20,3023.5
3,-1018,19,3024,-1017.5,20,3024.5
3,-1017,19,3024,-1016.5,20,3024.5
3,-1016,19,3024,-1015.5,20,3024.5
3,-1015,19,3024,-1014.5,20,3024.5
3,-1014,19,3024,-1013.5,20,3024.5
3,-1013,19,3024,-1012.5,20,3024.5
3,-1012,19,3024,-1011.5,20,3024.5
3,-1011,19,3024,-1010.5,20,3024.5
3,-1010,19,3024,-1009.5,20,3024.5
3,-1009,19,3024,-1008.5,20,3024.5
3,-1008,19,3024,-1007.5,20,3024.5
3,-1007,19,3024,-1006.5,20,3024.5
3,-1006,19,3024,-1005.5,20,3024.5
3,-1005,19,3024,-1004.5,20,3024.5
3,-1004,19,3024,-1003.5,20,3024.5
3,-1003,19,3024,-1002.5,20,3024.5
3,-1002,19,3024,-1001.5,20,3024.5
3,-1001,19,3024,-1000.5,20,3024.5
3,-1000,19,3024,-999.5,20,3024.5
3,-999,19,3024,-998.5,20,3024.5
3,-998,19,3024,-997.5,20,3024.5
3,-997,19,3024,-996.5,20,3024.5
3,-996,19,3024,-995.5,20,3024.5
3,-995,19,3024,-994.5,20,3024.5
3,-994,19,3024,-993.5,20,3024.5
3,-993,19,3024,-992.5,20,3024.5
3,-992,19,3024,-991.5,20,3024.5
3,-991,19,3024,-990.5,20,3024.5
3,-990,19,3024,-989.5,20,3024.5
3,-989,19,3024,-988.5,20,3024.5
3,-988,19,3024,-987.5,20,3024.5
3,-987,19,3024,-986.5,20,3024.5
3,-986,19,3024,-985.5,20,3024.5
3,-1016,19,3025,-1015.5,20,3025.5
3,-1015,19,3025,-1014.5,20,3025.5
3,-1014,19,3025,-1013.5,20,3025.5
3,-1013,19,3025,-1012.5,20,3025.5
3,-1012,19,3025,-1011.5,20,3025.5
3,-1011,19,3025,-1010.5,20,3025.5
3,-1010,19,3025,-1009.5,20,3025.5
3,-1009,19,3025,-1008.5,20,3025.5
3,-1008,19,3025,-1007.5,20,3025.5
3,-1007,19,3025,-1006.5,20,3025.5
3,-1006,19,3025,-1005.5,20,3025.5
3,-1005,19,3025,-1004.5,20,3025.5
3,-1004,19,3025,-1003.5,20,3025.5
3,-1003,19,3025,-1002.5,20,3025.5
3,-1002,19,3025,-1001.5,20,3025.5
3,-1001,19,3025,-1000.5,20,3025.5
3,-1000,19,3025,-999.5,20,3025.5
3,-999,19,3025,-998.5,20,3025.5
3,-998,19,3025,-997.5,20,3025.5
3,-997,19,3025,-996.5,20,3025.5
3,-996,19,3025,-995.5,20,3025.5
3,-995,19,3025,-994.5,20,3025.5
3,-994,19,3025,-993.5,20,3025.5
3,-993,19,3025,-992.5,20,3025.5
3,-992,19,3025,-991.5,20,3025.5
3,-991,19,3025,-990.5,20,3025.5
3,-990,19,3025,-989.5,20,3025.5
3,-989,19,3025,-988.5,20,3025.5
3,-988,19,3025,-987.5,20,3025.5
3,-1014,19,3026,-1013.5,20,3026.5
3,-1013,19,3026,-1012.5,20,3026.5
3,-1012,19,3026,-1011.5,20,3026.5
3,-1011,19,3026,-1010.5,20,3026.5
3,-1010,19,3026,-1009.5,20,3026.5
3,-1009,19,3026,-1008.5,20,3026.5
3,-1008,19,3026,-1007.5,20,3026.5
3,-1007,19,3026,-1006.5,20,3026.5
3,-1006,19,3026,-1005.5,20,3026.5
3,-1005,19,3026,-1004.5,20,3026.5
3,-1004,19,3026,-1003.5,20,3026.5
3,-1003,19,3026,-1002.5,20,3026.5
3,-1002,19,3026,-1001.5,20,3026.5
3,-1001,19,3026,-1000.5,20,3026.5
3,-1000,19,3026,-999.5,20,3026.5
3,-999,19,3026,-998.5,20,3026.5
3,-998,19,3026,-997.5,20,3026.5
3,-997,19,3026,-996.5,20,3026.5
3,-996,19,3026,-995.5,20,3026.5
3,-995,19,3026,-994.5,20,3026.5
3,-994,19,3026,-993.5,20,3026.5
3,-993,19,3026,-992.5,20,3026.5
3,-992,19,3026,-991.5,20,3026.5
3,-991,19,3026,-990.5,20,3026.5
3,-990,19,3026,-989.5,20,3026.5
3,-1011,19,3027,-1010.5,20,3027.5
3,-1010,19,3027,-1009.5,20,3027.5
3,-1009,19,3027,-1008.5,20,3027.5
3,-1008,19,3027,-1007.5,20,3027.5
3,-1007,19,3027,-1006.5,20,3027.5
3,-1006,19,3027,-1005.5,20,3027.5
3,-1005,19,3027,-1004.5,20,3027.5
3,-1004,19,3027,-1003.5,20,3027.5
3,-1003,19,3027,-1002.5,20,3027.5
3,-1002,19,3027,-1001.5,20,3027.5
3,-1001,19,3027,-1000.5,20,3027.5
3,-1000,19,3027,-999.5,20,3027.5
3,-999,19,3027,-998.5,20,3027.5
3,-998,19,3027,-997.5,20,3027.5
3,-997,19,3027,-996.5,20,3027.5
3,-996,19,3027,-995.5,20,3027.5
3,-995,19,3027,-994.5,20,3027.5
3,-994,19,3027,-993.5,20,3027.5
3,-993,19,3027,-992.5,20,3027.5
3,-1009,19,3028,-1008.5,20,3028.5
3,-1008,19,3028,-1007.5,20,3028.5
3,-1007,19,3028,-1006.5,20,3028.5
3,-1006,19,3028,-1005.5,20,3028.5
3,-1005,19,3028,-1004.5,20,3028.5
3,-1004,19,3028,-1003.5,20,3028.5
3,-1003,19,3028,-1002.5,20,3028.5
3,-1002,19,3028,-1001.5,20,3028.5
3,-1001,19,3028,-1000.5,20,3028.5
3,-1000,19,3028,-999.5,20,3028.5
3,-999,19,3028,-998.5,20,3028.5
3,-998,19,3028,-997.5,20,3028.5
3,-997,19,3028,-996.5,20,3028.5
3,-996,19,3028,-995.5,20,3028.5
3,-995,19,3028,-994.5,20,3028.5
3,-1006,19,3029,-1005.5,20,3029.5
3,-1005,19,3029,-1004.5,20,3029.5
3,-1004,19,3029,-1003.5,20,3029.5
3,-1003,19,3029,-1002.5,20,3029.5
3,-1002,19,3029,-1001.5,20,3029.5
3,-1001,19,3029,-1000.5,20,3029.5
3,-1000,19,3029,-999.5,20,3029.5
3,-999,19,3029,-998.5,20,3029.5
3,-998,19,3029,-997.5,20,3029.5
3,-1004,19,3030,-1003.5,20,3030.5
3,-1003,19,3030,-1002.5,20,3030.5
3,-1002,19,3030,-1001.5,20,3030.5
3,-1001,19,3030,-1000.5,20,3030.5
3,-1000,19,3030,-999.5,20,3030.5
3,-1002,19,3031,-1001.5,20,3031.5
4,-1002,34,2982,-1001.5,35,2982.5
4,-1004,34,2983,-1003.5,35,2983.5
4,-1003,34,2983,-1002.5,35,2983.5
4,-1002,34,2983,-1001.5,35,2983.5
4,-1001,34,2983,-1000.5,35,2983.5
4,-1000,34,2983,-999.5,35,2983.5
4,-1006,34,2984,-1005.5,35,2984.5
4,-1005,34,2984,-1004.5,35,2984.5
4,-1004,34,2984,-1003.5,35,2984.5
4,-1003,34,2984,-1002.5,35,2984.5
4,-1002,34,2984,-1001.5,35,2984.5
4,-1001,34,2984,-1000.5,35,2984.5
4,-1000,34,2984,-999.5,35,2984.5
4,-999,34,2984,-998.5,35,2984.5
4,-998,34,2984,-997.5,35,2984.5
4,-1009,34,2985,-1008.5,35,2985.5
4,-1008,34,2985,-1007.5,35,2985.5
4,-1007,34,2985,-1006.5,35,2985.5
4,-1006,34,2985,-1005.5,35,2985.5
4,-1005,34,2985,-1004.5,35,2985.5
4,-1004,34,2985,-1003.5,35,2985.5
4,-1003,34,2985,-1002.5,35,2985.5
4,-1002,34,2985,-1001.5,35,2985.5
4,-1001,34,2985,-1000.5,35,2985.5
4,-1000,34,2985,-999.5,35,2985.5
4,-999,34,2985,-998.5,35,2985.5
4,-998,34,2985,-997.5,35,2985.5
4,-997,34,2985,-996.5,35,2985.5
4,-996,34,2985,-995.5,35,2985.5
4,-995,34,2985,-994.5,35,2985.5
4,-1011,34,2986,-1010.5,35,2986.5
4,-1010,34,2986,-1009.5,35,2986.5
4,-1009,34,2986,-1008.5,35,2986.5
4,-1008,34,2986,-1007.5,35,2986.5
4,-1007,34,2986,-1006.5,35,2986.5
4,-1006,34,2986,-1005.5,35,2986.5
4,-1005,34,2986,-1004.5,35,2986.5
4,-1004,34,2986,-1003.5,35,2986.5
4,-1003,34,2986,-1002.5,35,2986.5
4,-1002,34,2986,-1001.5,35,2986.5
4,-1001,34,2986,-1000.5,35,2986.5
4,-1000,34,2986,-999.5,35,2986.5
4,-999,34,2986,-998.5,35,2986.5
4,-998,34,2986,-997.5,35,2986.5
4,-997,34,2986,-996.5,35,2986.5
4,-996,34,2986,-995.5,35,2986.5
4,-995,34,2986,-994.5,35,2986.5
4,-994,34,2986,-993.5,35,2986.5
4,-993,34,2986,-992.5,35,2986.5
4,-1014,34,2987,-1013.5,35,2987.5
4,-1013,34,2987,-1012.5,35,2987.5
4,-1012,34,2987,-1011.5,35,2987.5
4,-1011,34,2987,-1010.5,35,2987.5
4,-1010,34,2987,-1009.5,35,2987.5
4,-1009,34,2987,-1008.5,35,2987.5
4,-1008,34,2987,-1007.5,35,2987.5
4,-1007,34,2987,-1006.5,35,2987.5
4,-1006,34,2987,-1005.5,35,2987.5
4,-1005,34,2987,-1004.5,35,2987.5
4,-1004,34,2987,-1003.5,35,2987.5
4,-1003,34,2987,-1002.5,35,2987.5
4,-1002,34,2987,-1001.5,35,2987.5
4,-1001,34,2987,-1000.5,35,2987.5
4,-1000,34,2987,-999.5,35,2987.5
4,-999,34,2987,-998.5,35,2987.5
4,-998,34,2987,-997.5,35,2987.5
4,-997,34,2987,-996.5,35,2987.5
4,-996,34,2987,-995.5,35,2987.5
4,-995,34,2987,-994.5,35,2987.5
4,-994,34,2987,-993.5,35,2987.5
4,-993,34,2987,-992.5,35,2987.5
4,-992,34,2987,-991.5,35,2987.5
4,-991,34,2987,-990.5,35,2987.5
4,-990,34,2987,-989.5,35,2987.5
4,-1016,34,2988,-1015.5,35,2988.5
4,-1015,34,2988,-1014.5,35,2988.5
4,-1014,34,2988,-1013.5,35,2988.5
4,-1013,34,2988,-1012.5,35,2988.5
4,-1012,34,2988,-1011.5,35,2988.5
4,-1011,34,2988,-1010.5,35,2988.5
4,-1010,34,2988,-1009.5,35,2988.5
4,-1009,34,2988,-1008.5,35,2988.5
4,-1008,34,2988,-1007.5,35,2988.5
4,-1007,34,2988,-1006.5,35,2988.5
4,-1006,34,2988,-1005.5,35,2988.5
4,-1005,34,2988,-1004.5,35,2988.5
4,-1004,34,2988,-1003.5,35,2988.5
4,-1003,34,2988,-1002.5,35,2988.5
4,-1002,34,2988,-1001.5,35,2988.5
4,-1001,34,2988,-1000.5,35,2988.5
4,-1000,34,2988,-999.5,35,2988.5
4,-999,34,2988,-998.5,35,2988.5
4,-998,34,2988,-997.5,35,2988.5
4,-997,34,2988,-996.5,35,2988.5
4,-996,34,2988,-995.5,35,2988.5
4,-995,34,2988,-994.5,35,2988.5
4,-994,34,2988,-993.5,35,2988.5
4,-993,34,2988,-992.5,35,2988.5
4,-992,34,2988,-991.5,35,2988.5
4,-991,34,2988,-990.5,35,2988.5
4,-990,34,2988,-989.5,35,2988.5
4,-989,34,2988,-988.5,35,2988.5
4,-988,34,2988,-987.5,35,2988.5
4,-1018,34,2989,-1017.5,35,2989.5
4,-1017,34,2989,-1016.5,35,2989.5
4,-1016,34,2989,-1015.5,35,2989.5
4,-1015,34,2989,-1014.5,35,2989.5
4,-1014,34,2989,-1013.5,35,2989.5
4,-1013,34,2989,-1012.5,35,2989.5
4,-1012,34,2989,-1011.5,35,2989.5
4,-1011,34,2989,-1010.5,35,2989.5
4,-1010,34,2989,-1009.5,35,2989.5
4,-1009,34,2989,-1008.5,35,2989.5
4,-1008,34,2989,-1007.5,35,2989.5
4,-1007,34,2989,-1006.5,35,2989.5
4,-1006,34,2989,-1005.5,35,2989.5
4,-1005,34,2989,-1004.5,35,2989.5
4,-1004,34,2989,-1003.5,35,2989.5
4,-1003,34,2989,-1002.5,35,2989.5
4,-1002,34,2989,-1001.5,35,2989.5
4,-1001,34,2989,-1000.5,35,2989.5
4,-1000,34,2989,-999.5,35,2989.5
4,-999,34,2989,-998.5,35,2989.5
4,-998,34,2989,-997.5,35,2989.5
4,-997,34,2989,-996.5,35,2989.5
4,-996,34,2989,-995.5,35,2989.5
4,-995,34,2989,-994.5,35,2989.5
4,-994,34,2989,-993.5,35,2989.5
4,-993,34,2989,-992.5,35,2989.5
4,-992,34,2989,-991.5,35,2989.5
4,-991,34,2989,-990.5,35,2989.5
4,-990,34,2989,-989.5,35,2989.5
4,-989,34,2989,-988.5,35,2989.5
4,-988,34,2989,-987.5,35,2989.5
4,-987,34,2989,-986.5,35,2989.5
4,-986,34,2989,-985.5,35,2989.5
4,-1019,34,2990,-1018.5,35,2990.5
4,-1018,34,2990,-1017.5,35,2990.5
4,-1017,34,2990,-1016.5,35,2990.5
4,-1016,34,2990,-1015.5,35,2990.5
4,-1015,34,2990,-1014.5,35,2990.5
4,-1014,34,2990,-1013.5,35,2990.5
4,-1013,34,2990,-1012.5,35,2990.5
4,-1012,34,2990,-1011.5,35,2990.5
4,-1011,34,2990,-1010.5,35,2990.5
4,-1010,34,2990,-1009.5,35,2990.5
4,-1009,34,2990,-1008.5,35,2990.5
4,-1008,34,2990,-1007.5,35,2990.5
4,-1007,34,2990,-1006.5,35,2990.5
4,-1006,34,2990,-1005.5,35,2990.5
4,-1005,34,2990,-1004.5,35,2990.5
4,-1004,34,2990,-1003.5,35,2990.5
4,-1003,34,2990,-1002.5,35,2990.5
4,-1002,34,2990,-1001.5,35,2990.5
4,-1001,34,2990,-1000.5,35,2990.5
4,-1000,34,2990,-999.5,35,2990.5
4,-999,34,2990,-998.5,35,2990.5
4,-998,34,2990,-997.5,35,2990.5
4,-997,34,2990,-996.5,35,2990.5
4,-996,34,2990,-995.5,35,2990.5
4,-995,34,2990,-994.5,35,2990.5
4,-994,34,2990,-993.5,35,2990.5
4,-993,34,2990,-992.5,35,2990.5
4,-992,34,2990,-991.5,35,2990.5
4,-991,34,2990,-990.5,35,2990.5
4,-990,34,2990,-989.5,35,2990.5
4,-989,34,2990,-988.5,35,2990.5
4,-988,34,2990,-987.5,35,2990.5
4,-987,34,2990,-986.5,35,2990.5
4,-986,34,2990,-985.5,35,2990.5
4,-985,34,2990,-984.5,35,2990.5
4,-1019,34,2991,-1018.5,35,2991.5
4,-1018,34,2991,-1017.5,35,2991.5
4,-1017,34,2991,-1016.5,35,2991.5
4,-1016,34,2991,-1015.5,35,2991.5
4,-1015,34,2991,-1014.5,35,2991.5
4,-1014,34,2991,-1013.5,35,2991.5
4,-1013,34,2991,-1012.5,35,2991.5
4,-1012,34,2991,-1011.5,35,2991.5
4,-1011,34,2991,-1010.5,35,2991.5
4,-1010,34,2991,-1009.5,35,2991.5
4,-1009,34,2991,-1008.5,35,2991.5
4,-1008,34,2991,-1007.5,35,2991.5
4,-1007,34,2991,-1006.5,35,2991.5
4,-1006,34,2991,-1005.5,35,2991.5
4,-1005,34,2991,-1004.5,35,2991.5
4,-1004,34,2991,-1003.5,35,2991.5
4,-1003,34,2991,-1002.5,35,2991.5
4,-1002,34,2991,-1001.5,35,2991.5
4,-1001,34,2991,-1000.5,35,2991.5
4,-1000,34,2991,-999.5,35,2991.5
4,-999,34,2991,-998.5,35,2991.5
4,-998,34,2991,-997.5,35,2991.5
4,-997,34,2991,-996.5,35,2991.5
4,-996,34,2991,-995.5,35,2991.5
4,-995,34,2991,-994.5,35,2991.5
4,-994,34,2991,-993.5,35,2991.5
4,-993,34,2991,-992.5,35,2991.5
4,-992,34,2991,-991.5,35,2991.5
4,-991,34,2991,-990.5,35,2991.5
4,-990,34,2991,-989.5,35,2991.5
4,-989,34,2991,-988.5,35,2991.5
4,-988,34,2991,-987.5,35,2991.5
4,-987,34,2991,-986.5,35,2991.5
4,-986,34,2991,-985.5,35,2991.5
4,-985,34,2991,-984.5,35,2991.5
4,-1020,34,2992,-1019.5,35,2992.5
4,-1019,34,2992,-1018.5,35,2992.5
4,-1018,34,2992,-1017.5,35,2992.5
4,-1017,34,2992,-1016.5,35,2992.5
4,-1016,34,2992,-1015.5,35,2992.5
4,-1015,34,2992,-1014.5,35,2992.5
4,-1014,34,2992,-1013.5,35,2992.5
4,-1013,34,2992,-1012.5,35,2992.5
4,-1012,34,2992,-1011.5,35,2992.5
4,-1011,34,2992,-1010.5,35,2992.5
4,-1010,34,2992,-1009.5,35,2992.5
4,-1009,34,2992,-1008.5,35,2992.5
4,-1008,34,2992,-1007.5,35,2992.5
4,-1007,34,2992,-1006.5,35,2992.5
4,-1006,34,2992,-1005.5,35,2992.5
4,-1005,34,2992,-1004.5,35,2992.5
4,-1004,34,2992,-1003.5,35,2992.5
4,-1003,34,2992,-1002.5,35,2992.5
4,-1002,34,2992,-1001.5,35,2992.5
4,-1001,34,2992,-1000.5,35,2992.5
4,-1000,34,2992,-999.5,35,2992.5
4,-999,34,2992,-998.5,35,2992.5
4,-998,34,2992,-997.5,35,2992.5
4,-997,34,2992,-996.5,35,2992.5
4,-996,34,2992,-995.5,35,2992.5
4,-995,34,2992,-994.5,35,2992.5
4,-994,34,2992,-993.5,35,2992.5
4,-993,34,2992,-992.5,35,2992.5
4,-992,34,2992,-991.5,35,2992.5
4,-991,34,2992,-990.5,35,2992.5
4,-990,34,2992,-989.5,35,2992.5
4,-989,34,2992,-988.5,35,2992.5
4,-988,34,2992,-987.5,35,2992.5
4,-987,34,2992,-986.5,35,2992.5
4,-986,34,2992,-985.5,35,2992.5
4,-985,34,2992,-984.5,35,2992.5
4,-984,34,2992,-983.5,35,2992.5
4,-1020,34,2993,-1019.5,35,2993.5
4,-1019,34,2993,-1018.5,35,2993.5
4,-1018,34,2993,-1017.5,35,2993.5
4,-1017,34,2993,-1016.5,35,2993.5
4,-1016,34,2993,-1015.5,35,2993.5
4,-1015,34,2993,-1014.5,35,2993.5
4,-1014,34,2993,-1013.5,35,2993.5
4,-1013,34,2993,-1012.5,35,2993.5
4,-1012,34,2993,-1011.5,35,2993.5
4,-1011,34,2993,-1010.5,35,2993.5
4,-1010,34,2993,-1009.5,35,2993.5
4,-1009,34,2993,-1008.5,35,2993.5
4,-1008,34,2993,-1007.5,35,2993.5
4,-1007,34,2993,-1006.5,35,2993.5
4,-1006,34,2993,-1005.5,35,2993.5
4,-1005,34,2993,-1004.5,35,2993.5
4,-1004,34,2993,-1003.5,35,2993.5
4,-1003,34,2993,-1002.5,35,2993.5
4,-1002,34,2993,-1001.5,35,2993.5
4,-1001,34,2993,-1000.5,35,2993.5
4,-1000,34,2993,-999.5,35,2993.5
4,-999,34,2993,-998.5,35,2993.5
4,-998,34,2993,-997.5,35,2993.5
4,-997,34,2993,-996.5,35,2993.5
4,-996,34,2993,-995.5,35,2993.5
4,-995,34,2993,-994.5,35,2993.5
4,-994,34,2993,-993.5,35,2993.5
4,-993,34,2993,-992.5,35,2993.5
4,-992,34,2993,-991.5,35,2993.5
4,-991,34,2993,-990.5,35,2993.5
4,-990,34,2993,-989.5,35,2993.5
4,-989,34,2993,-988.5,35,2993.5
4,-988,34,2993,-987.5,35,2993.5
4,-987,34,2993,-986.5,35,2993.5
4,-986,34,2993,-985.5,35,2993.5
4,-985,34,2993,-984.5,35,2993.5
4,-984,34,2993,-983.5,35,2993.5
4,-1021,34,2994,-1020.5,35,2994.5
4,-1020,34,2994,-1019.5,35,2994.5
4,-1019,34,2994,-1018.5,35,2994.5
4,-1018,34,2994,-1017.5,35,2994.5
4,-1017,34,2994,-1016.5,35,2994.5
4,-1016,34,2994,-1015.5,35,2994.5
4,-1015,34,2994,-1014.5,35,2994.5
4,-1014,34,2994,-1013.5,35,2994.5
4,-1013,34,2994,-1012.5,35,2994.5
4,-1012,34,2994,-1011.5,35,2994.5
4,-1011,34,2994,-1010.5,35,2994.5
4,-1010,34,2994,-1009.5,35,2994.5
4,-1009,34,2994,-1008.5,35,2994.5
4,-1008,34,2994,-1007.5,35,2994.5
4,-1007,34,2994,-1006.5,35,2994.5
4,-1006,34,2994,-1005.5,35,2994.5
4,-1005,34,2994,-1004.5,35,2994.5
4,-1004,34,2994,-1003.5,35,2994.5
4,-1003,34,2994,-1002.5,35,2994.5
4,-1002,34,2994,-1001.5,35,2994.5
4,-1001,34,2994,-1000.5,35,2994.5
4,-1000,34,2994,-999.5,35,2994.5
4,-999,34,2994,-998.5,35,2994.5
4,-998,34,2994,-997.5,35,2994.5
4,-997,34,2994,-996.5,35,2994.5
4,-996,34,2994,-995.5,35,2994.5
4,-995,34,2994,-994.5,35,2994.5
4,-994,34,2994,-993.5,35,2994.5
4,-993,34,2994,-992.5,35,2994.5
4,-992,34,2994,-991.5,35,2994.5
4,-991,34,2994,-990.5,35,2994.5
4,-990,34,2994,-989.5,35,2994.5
4,-989,34,2994,-988.5,35,2994.5
4,-988,34,2994,-987.5,35,2994.5
4,-987,34,2994,-986.5,35,2994.5
4,-986,34,2994,-985.5,35,2994.5
4,-985,34,2994,-984.5,35,2994.5
4,-984,34,2994,-983.5,35,2994.5
4,-983,34,2994,-982.5,35,2994.5
4,-1021,34,2995,-1020.5,35,2995.5
4,-1020,34,2995,-1019.5,35,2995.5
4,-1019,34,2995,-1018.5,35,2995.5
4,-1018,34,2995,-1017.5,35,2995.5
4,-1017,34,2995,-1016.5,35,2995.5
4,-1016,34,2995,-1015.5,35,2995.5
4,-1015,34,2995,-1014.5,35,2995.5
4,-1014,34,2995,-1013.5,35,2995.5
4,-1008,34,2995,-1007.5,35,2995.5
4,-1007,34,2995,-1006.5,35,2995.5
4,-1006,34,2995,-1005.5,35,2995.5
4,-1005,34,2995,-1004.5,35,2995.5
4,-1004,34,2995,-1003.5,35,2995.5
4,-1003,34,2995,-1002.5,35,2995.5
4,-1002,34,2995,-1001.5,35,2995.5
4,-1001,34,2995,-1000.5,35,2995.5
4,-1000,34,2995,-999.5,35,2995.5
4,-999,34,2995,-998.5,35,2995.5
4,-998,34,2995,-997.5,35,2995.5
4,-997,34,2995,-996.5,35,2995.5
4,-996,34,2995,-995.5,35,2995.5
4,-990,34,2995,-989.5,35,2995.5
4,-989,34,2995,-988.5,35,2995.5
4,-988,34,2995,-987.5,35,2995.5
4,-987,34,2995,-986.5,35,2995.5
4,-986,34,2995,-985.5,35,2995.5
4,-985,34,2995,-984.5,35,2995.5
4,-984,34,2995,-983.5,35,2995.5
4,-983,34,2995,-982.5,35,2995.5
4,-1021,34,2996,-1020.5,35,2996.5
4,-1020,34,2996,-1019.5,35,2996.5
4,-1019,34,2996,-1018.5,35,2996.5
4,-1018,34,2996,-1017.5,35,2996.5
4,-1017,34,2996,-1016.5,35,2996.5
4,-1016,34,2996,-1015.5,35,2996.5
4,-1015,34,2996,-1014.5,35,2996.5
4,-1014,34,2996,-1013.5,35,2996.5
4,-1008,34,2996,-1007.5,35,2996.5
4,-1007,34,2996,-1006.5,35,2996.5
4,-1006,34,2996,-1005.5,35,2996.5
4,-1005,34,2996,-1004.5,35,2996.5
4,-1004,34,2996,-1003.5,35,2996.5
4,-1003,34,2996,-1002.5,35,2996.5
4,-1002,34,2996,-1001.5,35,2996.5
4,-1001,34,2996,-1000.5,35,2996.5
4,-1000,34,2996,-999.5,35,2996.5
4,-999,34,2996,-998.5,35,2996.5
4,-998,34,2996,-997.5,35,2996.5
4,-997,34,2996,-996.5,35,2996.5
4,-996,34,2996,-995.5,35,2996.5
4,-990,34,2996,-989.5,35,2996.5
4,-989,34,2996,-988.5,35,2996.5
4,-988,34,2996,-987.5,35,2996.5
4,-987,34,2996,-986.5,35,2996.5
4,-986,34,2996,-985.5,35,2996.5
4,-985,34,2996,-984.5,35,2996.5
4,-984,34,2996,-983.5,35,2996.5
4,-983,34,2996,-982.5,35,2996.5
4,-1022,34,2997,-1021.5,35,2997.5
4,-1021,34,2997,-1020.5,35,2997.5
4,-1020,34,2997,-1019.5,35,2997.5
4,-1019,34,2997,-1018.5,35,2997.5
4,-1018,34,2997,-1017.5,35,2997.5
4,-1017,34,2997,-1016.5,35,2997.5
4,-1016,34,2997,-1015.5,35,2997.5
4,-1015,34,2997,-1014.5,35,2997.5
4,-1014,34,2997,-1013.5,35,2997.5
4,-1008,34,2997,-1007.5,35,2997.5
4,-1007,34,2997,-1006.5,35,2997.5
4,-1006,34,2997,-1005.5,35,2997.5
4,-1005,34,2997,-1004.5,35,2997.5
4,-1004,34,2997,-1003.5,35,2997.5
4,-1003,34,2997,-1002.5,35,2997.5
4,-1002,34,2997,-1001.5,35,2997.5
4,-1001,34,2997,-1000.5,35,2997.5
4,-1000,34,2997,-999.5,35,2997.5
4,-999,34,2997,-998.5,35,2997.5
4,-998,34,2997,-997.5,35,2997.5
4,-997,34,2997,-996.5,35,2997.5
4,-996,34,2997,-995.5,35,2997.5
4,-990,34,2997,-989.5,35,2997.5
4,-989,34,2997,-988.5,35,2997.5
4,-988,34,2997,-987.5,35,2997.5
4,-987,34,2997,-986.5,35,2997.5
4,-986,34,2997,-985.5,35,2997.5
4,-985,34,2997,-984.5,35,2997.5
4,-984,34,2997,-983.5,35,2997.5
4,-983,34,2997,-982.5,35,2997.5
4,-982,34,2997,-981.5,35,2997.5
4,-1022,34,2998,-1021.5,35,2998.5
4,-1021,34,2998,-1020.5,35,2998.5
4,-1020,34,2998,-1019.5,35,2998.5
4,-1019,34,2998,-1018.5,35,2998.5
4,-1018,34,2998,-1017.5,35,2998.5
4,-1017,34,2998,-1016.5,35,2998.5
4,-1016,34,2998,-1015.5,35,2998.5
4,-1015,34,2998,-1014.5,35,2998.5
4,-1014,34,2998,-1013.5,35,2998.5
4,-1008,34,2998,-1007.5,35,2998.5
4,-1007,34,2998,-1006.5,35,2998.5
4,-1006,34,2998,-1005.5,35,2998.5
4,-1005,34,2998,-1004.5,35,2998.5
4,-1004,34,2998,-1003.5,35,2998.5
4,-1003,34,2998,-1002.5,35,2998.5
4,-1002,34,2998,-1001.5,35,2998.5
4,-1001,34,2998,-1000.5,35,2998.5
4,-1000,34,2998,-999.5,35,2998.5
4,-999,34,2998,-998.5,35,2998.5
4,-998,34,2998,-997.5,35,2998.5
4,-997,34,2998,-996.5,35,2998.5
4,-996,34,2998,-995.5,35,2998.5
4,-990,34,2998,-989.5,35,2998.5
4,-989,34,2998,-988.5,35,2998.5
4,-988,34,2998,-987.5,35,2998.5
4,-987,34,2998,-986.5,35,2998.5
4,-986,34,2998,-985.5,35,2998.5
4,-985,34,2998,-984.5,35,2998.5
4,-984,34,2998,-983.5,35,2998.5
4,-983,34,2998,-982.5,35,2998.5
4,-982,34,2998,-981.5,35,2998.5
4,-1023,34,2999,-1022.5,35,2999.5
4,-1022,34,2999,-1021.5,35,2999.5
4,-1021,34,2999,-1020.5,35,2999.5
4,-1020,34,2999,-1019.5,35,2999.5
4,-1019,34,2999,-1018.5,35,2999.5
4,-1018,34,2999,-1017.5,35,2999.5
4,-1017,34,2999,-1016.5,35,2999.5
4,-1016,34,2999,-1015.5,35,2999.5
4,-1015,34,2999,-1014.5,35,2999.5
4,-1014,34,2999,-1013.5,35,2999.5
4,-1008,34,2999,-1007.5,35,2999.5
4,-1007,34,2999,-1006.5,35,2999.5
4,-1006,34,2999,-1005.5,35,2999.5
4,-1005,34,2999,-1004.5,35,2999.5
4,-1004,34,2999,-1003.5,35,2999.5
4,-1003,34,2999,-1002.5,35,2999.5
4,-1002,34,2999,-1001.5,35,2999.5
4,-1001,34,2999,-1000.5,35,2999.5
4,-1000,34,2999,-999.5,35,2999.5
4,-999,34,2999,-998.5,35,2999.5
4,-998,34,2999,-997.5,35,2999.5
4,-997,34,2999,-996.5,35,2999.5
4,-996,34,2999,-995.5,35,2999.5
4,-990,34,2999,-989.5,35,2999.5
4,-989,34,2999,-988.5,35,2999.5
4,-988,34,2999,-987.5,35,2999.5
4,-987,34,2999,-986.5,35,2999.5
4,-986,34,2999,-985.5,35,2999.5
4,-985,34,2999,-984.5,35,2999.5
4,-984,34,2999,-983.5,35,2999.5
4,-983,34,2999,-982.5,35,2999.5
4,-982,34,2999,-981.5,35,2999.5
4,-981,34,2999,-980.5,35,2999.5
4,-1023,34,3000,-1022.5,35,3000.5
4,-1022,34,3000,-1021.5,35,3000.5
4,-1021,34,3000,-1020.5,35,3000.5
4,-1020,34,3000,-1019.5,35,3000.5
4,-1019,34,3000,-1018.5,35,3000.5
4,-1018,34,3000,-1017.5,35,3000.5
4,-1017,34,3000,-1016.5,35,3000.5
4,-1016,34,3000,-1015.5,35,3000.5
4,-1015,34,3000,-1014.5,35,3000.5
4,-1014,34,3000,-1013.5,35,3000.5
4,-1013,34,3000,-1012.5,35,3000.5
4,-1012,34,3000,-1011.5,35,3000.5
4,-1011,34,3000,-1010.5,35,3000.5
4,-1010,34,3000,-1009.5,35,3000.5
4,-1009,34,3000,-1008.5,35,3000.5
4,-1008,34,3000,-1007.5,35,3000.5
4,-1007,34,3000,-1006.5,35,3000.5
4,-1006,34,3000,-1005.5,35,3000.5
4,-1005,34,3000,-1004.5,35,3000.5
4,-1004,34,3000,-1003.5,35,3000.5
4,-1003,34,3000,-1002.5,35,3000.5
4,-1002,34,3000,-1001.5,35,3000.5
4,-1001,34,3000,-1000.5,35,3000.5
4,-1000,34,3000,-999.5,35,3000.5
4,-999,34,3000,-998.5,35,3000.5
4,-998,34,3000,-997.5,35,3000.5
4,-997,34,3000,-996.5,35,3000.5
4,-996,34,3000,-995.5,35,3000.5
4,-995,34,3000,-994.5,35,3000.5
4,-994,34,3000,-993.5,35,3000.5
4,-993,34,3000,-992.5,35,3000.5
4,-992,34,3000,-991.5,35,3000.5
4,-991,34,3000,-990.5,35,3000.5
4,-990,34,3000,-989.5,35,3000.5
4,-989,34,3000,-988.5,35,3000.5
4,-988,34,3000,-987.5,35,3000.5
4,-987,34,3000,-986.5,35,3000.5
4,-986,34,3000,-985.5,35,3000.5
4,-985,34,3000,-984.5,35,3000.5
4,-984,34,3000,-983.5,35,3000.5
4,-983,34,3000,-982.5,35,3000.5
4,-982,34,3000,-981.5,35,3000.5
4,-981,34,3000,-980.5,35,3000.5
4,-1023,34,3001,-1022.5,35,3001.5
4,-1022,34,3001,-1021.5,35,3001.5
4,-1021,34,3001,-1020.5,35,3001.5
4,-1020,34,3001,-1019.5,35,3001.5
4,-1019,34,3001,-1018.5,35,3001.5
4,-1018,34,3001,-1017.5,35,3001.5
4,-1017,34,3001,-1016.5,35,3001.5
4,-1016,34,3001,-1015.5,35,3001.5
4,-1015,34,3001,-1014.5,35,3001.5
4,-1014,34,3001,-1013.5,35,3001.5
4,-1013,34,3001,-1012.5,35,3001.5
4,-1012,34,3001,-1011.5,35,3001.5
4,-1011,34,3001,-1010.5,35,3001.5
4,-1010,34,3001,-1009.5,35,3001.5
4,-1009,34,3001,-1008.5,35,3001.5
4,-1008,34,3001,-1007.5,35,3001.5
4,-1007,34,3001,-1006.5,35,3001.5
4,-1006,34,3001,-1005.5,35,3001.5
4,-1005,34,3001,-1004.5,35,3001.5
4,-1004,34,3001,-1003.5,35,3001.5
4,-1003,34,3001,-1002.5,35,3001.5
4,-1002,34,3001,-1001.5,35,3001.5
4,-1001,34,3001,-1000.5,35,3001.5
4,-1000,34,3001,-999.5,35,3001.5
4,-999,34,3001,-998.5,35,3001.5
4,-998,34,3001,-997.5,35,3001.5
4,-997,34,3001,-996.5,35,3001.5
4,-996,34,3001,-995.5,35,3001.5
4,-995,34,3001,-994.5,35,3001.5
4,-994,34,3001,-993.5,35,3001.5
4,-993,34,3001,-992.5,35,3001.5
4,-992,34,3001,-991.5,35,3001.5
4,-991,34,3001,-990.5,35,3001.5
4,-990,34,3001,-989.5,35,3001.5
4,-989,34,3001,-988.5,35,3001.5
4,-988,34,3001,-987.5,35,3001.5
4,-987,34,3001,-986.5,35,3001.5
4,-986,34,3001,-985.5,35,3001.5
4,-985,34,3001,-984.5,35,3001.5
4,-984,34,3001,-983.5,35,3001.5
4,-983,34,3001,-982.5,35,3001.5
4,-982,34,3001,-981.5,35,3001.5
4,-981,34,3001,-980.5,35,3001.5
4,-1024,34,3002,-1023.5,35,3002.5
4,-1023,34,3002,-1022.5,35,3002.5
4,-1022,34,3002,-1021.5,35,3002.5
4,-1021,34,3002,-1020.5,35,3002.5
4,-1020,34,3002,-1019.5,35,3002.5
4,-1019,34,3002,-1018.5,35,3002.5
4,-1018,34,3002,-1017.5,35,3002.5
4,-1017,34,3002,-1016.5,35,3002.5
4,-1016,34,3002,-1015.5,35,3002.5
4,-1015,34,3002,-1014.5,35,3002.5
4,-1014,34,3002,-1013.5,35,3002.5
4,-1013,34,3002,-1012.5,35,3002.5
4,-1012,34,3002,-1011.5,35,3002.5
4,-1011,34,3002,-1010.5,35,3002.5
4,-1010,34,3002,-1009.5,35,3002.5
4,-1009,34,3002,-1008.5,35,3002.5
4,-1008,34,3002,-1007.5,35,3002.5
4,-1007,34,3002,-1006.5,35,3002.5
4,-1006,34,3002,-1005.5,35,3002.5
4,-1005,34,3002,-1004.5,35,3002.5
4,-1004,34,3002,-1003.5,35,3002.5
4,-1003,34,3002,-1002.5,35,3002.5
4,-1002,34,3002,-1001.5,35,3002.5
4,-1001,34,3002,-1000.5,35,3002.5
4,-1000,34,3002,-999.5,35,3002.5
4,-999,34,3002,-998.5,35,3002.5
4,-998,34,3002,-997.5,35,3002.5
4,-997,34,3002,-996.5,35,3002.5
4,-996,34,3002,-995.5,35,3002.5
4,-995,34,3002,-994.5,35,3002.5
4,-994,34,3002,-993.5,35,3002.5
4,-993,34,3002,-992.5,35,3002.5
4,-992,34,3002,-991.5,35,3002.5
4,-991,34,3002,-990.5,35,3002.5
4,-990,34,3002,-989.5,35,3002.5
4,-989,34,3002,-988.5,35,3002.5
4,-988,34,3002,-987.5,35,3002.5
4,-987,34,3002,-986.5,35,3002.5
4,-986,34,3002,-985.5,35,3002.5
4,-985,34,3002,-984.5,35,3002.5
4,-984,34,3002,-983.5,35,3002.5
4,-983,34,3002,-982.5,35,3002.5
4,-982,34,3002,-981.5,35,3002.5
4,-981,34,3002,-980.5,35,3002.5
4,-980,34,3002,-979.5,35,3002.5
4,-1024,34,3003,-1023.5,35,3003.5
4,-1023,34,3003,-1022.5,35,3003.5
4,-1022,34,3003,-1021.5,35,3003.5
4,-1021,34,3003,-1020.5,35,3003.5
4,-1020,34,3003,-1019.5,35,3003.5
4,-1019,34,3003,-1018.5,35,3003.5
4,-1018,34,3003,-1017.5,35,3003.5
4,-1017,34,3003,-1016.5,35,3003.5
4,-1016,34,3003,-1015.5,35,3003.5
4,-1015,34,3003,-1014.5,35,3003.5
4,-1014,34,3003,-1013.5,35,3003.5
4,-1013,34,3003,-1012.5,35,3003.5
4,-1012,34,3003,-1011.5,35,3003.5
4,-1011,34,3003,-1010.5,35,3003.5
4,-1010,34,3003,-1009.5,35,3003.5
4,-1009,34,3003,-1008.5,35,3003.5
4,-1008,34,3003,-1007.5,35,3003.5
4,-1007,34,3003,-1006.5,35,3003.5
4,-1006,34,3003,-1005.5,35,3003.5
4,-1005,34,3003,-1004.5,35,3003.5
4,-1004,34,3003,-1003.5,35,3003.5
4,-1003,34,3003,-1002.5,35,3003.5
4,-1002,34,3003,-1001.5,35,3003.5
4,-1001,34,3003,-1000.5,35,3003.5
4,-1000,34,3003,-999.5,35,3003.5
4,-999,34,3003,-998.5,35,3003.5
4,-998,34,3003,-997.5,35,3003.5
4,-997,34,3003,-996.5,35,3003.5
4,-996,34,3003,-995.5,35,3003.5
4,-995,34,3003,-994.5,35,3003.5
4,-994,34,3003,-993.5,35,3003.5
4,-993,34,3003,-992.5,35,3003.5
4,-992,34,3003,-991.5,35,3003.5
4,-991,34,3003,-990.5,35,3003.5
4,-990,34,3003,-989.5,35,3003.5
4,-989,34,3003,-988.5,35,3003.5
4,-988,34,3003,-987.5,35,3003.5
4,-987,34,3003,-986.5,35,3003.5
4,-986,34,3003,-985.5,35,3003.5
4,-985,34,3003,-984.5,35,3003.5
4,-984,34,3003,-983.5,35,3003.5
4,-983,34,3003,-982.5,35,3003.5
4,-982,34,3003,-981.5,35,3003.5
4,-981,34,3003,-980.5,35,3003.5
4,-980,34,3003,-979.5,35,3003.5
4,-1025,34,3004,-1024.5,35,3004.5
4,-1024,34,3004,-1023.5,35,3004.5
4,-1023,34,3004,-1022.5,35,3004.5
4,-1022,34,3004,-1021.5,35,3004.5
4,-1021,34,3004,-1020.5,35,3004.5
4,-1020,34,3004,-1019.5,35,3004.5
4,-1019,34,3004,-1018.5,35,3004.5
4,-1018,34,3004,-1017.5,35,3004.5
4,-1017,34,3004,-1016.5,35,3004.5
4,-1016,34,3004,-1015.5,35,3004.5
4,-1015,34,3004,-1014.5,35,3004.5
4,-1014,34,3004,-1013.5,35,3004.5
4,-1013,34,3004,-1012.5,35,3004.5
4,-1012,34,3004,-1011.5,35,3004.5
4,-1011,34,3004,-1010.5,35,3004.5
4,-1010,34,3004,-1009.5,35,3004.5
4,-1009,34,3004,-1008.5,35,3004.5
4,-1008,34,3004,-1007.5,35,3004.5
4,-1007,34,3004,-1006.5,35,3004.5
4,-1006,34,3004,-1005.5,35,3004.5
4,-1005,34,3004,-1004.5,35,3004.5
4,-1004,34,3004,-1003.5,35,3004.5
4,-1003,34,3004,-1002.5,35,3004.5
4,-1002,34,3004,-1001.5,35,3004.5
4,-1001,34,3004,-1000.5,35,3004.5
4,-1000,34,3004,-999.5,35,3004.5
4,-999,34,3004,-998.5,35,3004.5
4,-998,34,3004,-997.5,35,3004.5
4,-997,34,3004,-996.5,35,3004.5
4,-996,34,3004,-995.5,35,3004.5
4,-995,34,3004,-994.5,35,3004.5
4,-994,34,3004,-993.5,35,3004.5
4,-993,34,3004,-992.5,35,3004.5
4,-992,34,3004,-991.5,35,3004.5
4,-991,34,3004,-990.5,35,3004.5
4,-990,34,3004,-989.5,35,3004.5
4,-989,34,3004,-988.5,35,3004.5
4,-988,34,3004,-987.5,35,3004.5
4,-987,34,3004,-986.5,35,3004.5
4,-986,34,3004,-985.5,35,3004.5
4,-985,34,3004,-984.5,35,3004.5
4,-984,34,3004,-983.5,35,3004.5
4,-983,34,3004,-982.5,35,3004.5
4,-982,34,3004,-981.5,35,3004.5
4,-981,34,3004,-980.5,35,3004.5
4,-980,34,3004,-979.5,35,3004.5
4,-979,34,3004,-978.5,35,3004.5
4,-1025,34,3005,-1024.5,35,3005.5
4,-1024,34,3005,-1023.5,35,3005.5
4,-1023,34,3005,-1022.5,35,3005.5
4,-1022,34,3005,-1021.5,35,3005.5
4,-1021,34,3005,-1020.5,35,3005.5
4,-1020,34,3005,-1019.5,35,3005.5
4,-1019,34,3005,-1018.5,35,3005.5
4,-1018,34,3005,-1017.5,35,3005.5
4,-1017,34,3005,-1016.5,35,3005.5
4,-1016,34,3005,-1015.5,35,3005.5
4,-1015,34,3005,-1014.5,35,3005.5
4,-1014,34,3005,-1013.5,35,3005.5
4,-1013,34,3005,-1012.5,35,3005.5
4,-1012,34,3005,-1011.5,35,3005.5
4,-1011,34,3005,-1010.5,35,3005.5
4,-1010,34,3005,-1009.5,35,3005.5
4,-1009,34,3005,-1008.5,35,3005.5
4,-1008,34,3005,-1007.5,35,3005.5
4,-1007,34,3005,-1006.5,35,3005.5
4,-1006,34,3005,-1005.5,35,3005.5
4,-1005,34,3005,-1004.5,35,3005.5
4,-1004,34,3005,-1003.5,35,3005.5
4,-1003,34,3005,-1002.5,35,3005.5
4,-1002,34,3005,-1001.5,35,3005.5
4,-1001,34,3005,-1000.5,35,3005.5
4,-1000,34,3005,-999.5,35,3005.5
4,-999,34,3005,-998.5,35,3005.5
4,-998,34,3005,-997.5,35,3005.5
4,-997,34,3005,-996.5,35,3005.5
4,-996,34,3005,-995.5,35,3005.5
4,-995,34,3005,-994.5,35,3005.5
4,-994,34,3005,-993.5,35,3005.5
4,-993,34,3005,-992.5,35,3005.5
4,-992,34,3005,-991.5,35,3005.5
4,-991,34,3005,-990.5,35,3005.5
4,-990,34,3005,-989.5,35,3005.5
4,-989,34,3005,-988.5,35,3005.5
4,-988,34,3005,-987.5,35,3005.5
4,-987,34,3005,-986.5,35,3005.5
4,-986,34,3005,-985.5,35,3005.5
4,-985,34,3005,-984.5,35,3005.5
4,-984,34,3005,-983.5,35,3005.5
4,-983,34,3005,-982.5,35,3005.5
4,-982,34,3005,-981.5,35,3005.5
4,-981,34,3005,-980.5,35,3005.5
4,-980,34,3005,-979.5,35,3005.5
4,-979,34,3005,-978.5,35,3005.5
4,-1026,34,3006,-1025.5,35,3006.5
4,-1025,34,3006,-1024.5,35,3006.5
4,-1024,34,3006,-1023.5,35,3006.5
4,-1023,34,3006,-1022.5,35,3006.5
4,-1022,34,3006,-1021.5,35,3006.5
4,-1021,34,3006,-1020.5,35,3006.5
4,-1020,34,3006,-1019.5,35,3006.5
4,-1019,34,3006,-1018.5,35,3006.5
4,-1018,34,3006,-1017.5,35,3006.5
4,-1017,34,3006,-1016.5,35,3006.5
4,-1016,34,3006,-1015.5,35,3006.5
4,-1015,34,3006,-1014.5,35,3006.5
4,-1014,34,3006,-1013.5,35,3006.5
4,-1013,34,3006,-1012.5,35,3006.5
4,-1012,34,3006,-1011.5,35,3006.5
4,-1011,34,3006,-1010.5,35,3006.5
4,-1010,34,3006,-1009.5,35,3006.5
4,-1009,34,3006,-1008.5,35,3006.5
4,-1008,34,3006,-1007.5,35,3006.5
4,-1007,34,3006,-1006.5,35,3006.5
4,-1006,34,3006,-1005.5,35,3006.5
4,-1005,34,3006,-1004.5,35,3006.5
4,-1004,34,3006,-1003.5,35,3006.5
4,-1003,34,3006,-1002.5,35,3006.5
4,-1002,34,3006,-1001.5,35,3006.5
4,-1001,34,3006,-1000.5,35,3006.5
4,-1000,34,3006,-999.5,35,3006.5
4,-999,34,3006,-998.5,35,3006.5
4,-998,34,3006,-997.5,35,3006.5
4,-997,34,3006,-996.5,35,3006.5
4,-996,34,3006,-995.5,35,3006.5
4,-995,34,3006,-994.5,35,3006.5
4,-994,34,3006,-993.5,35,3006.5
4,-993,34,3006,-992.5,35,3006.5
4,-992,34,3006,-991.5,35,3006.5
4,-991,34,3006,-990.5,35,3006.5
4,-990,34,3006,-989.5,35,3006.5
4,-989,34,3006,-988.5,35,3006.5
4,-988,34,3006,-987.5,35,3006.5
4,-987,34,3006,-986.5,35,3006.5
4,-986,34,3006,-985.5,35,3006.5
4,-985,34,3006,-984.5,35,3006.5
4,-984,34,3006,-983.5,35,3006.5
4,-983,34,3006,-982.5,35,3006.5
4,-982,34,3006,-981.5,35,3006.5
4,-981,34,3006,-980.5,35,3006.5
4,-980,34,3006,-979.5,35,3006.5
4,-979,34,3006,-978.5,35,3006.5
4,-978,34,3006,-977.5,35,3006.5
4,-1025,34,3007,-1024.5,35,3007.5
4,-1024,34,3007,-1023.5,35,3007.5
4,-1023,34,3007,-1022.5,35,3007.5
4,-1022,34,3007,-1021.5,35,3007.5
4,-1021,34,3007,-1020.5,35,3007.5
4,-1020,34,3007,-1019.5,35,3007.5
4,-1019,34,3007,-1018.5,35,3007.5
4,-1018,34,3007,-1017.5,35,3007.5
4,-1017,34,3007,-1016.5,35,3007.5
4,-1016,34,3007,-1015.5,35,3007.5
4,-1015,34,3007,-1014.5,35,3007.5
4,-1014,34,3007,-1013.5,35,3007.5
4,-1013,34,3007,-1012.5,35,3007.5
4,-1012,34,3007,-1011.5,35,3007.5
4,-1011,34,3007,-1010.5,35,3007.5
4,-1010,34,3007,-1009.5,35,3007.5
4,-1009,34,3007,-1008.5,35,3007.5
4,-1008,34,3007,-1007.5,35,3007.5
4,-1007,34,3007,-1006.5,35,3007.5
4,-1006,34,3007,-1005.5,35,3007.5
4,-1005,34,3007,-1004.5,35,3007.5
4,-1004,34,3007,-1003.5,35,3007.5
4,-1003,34,3007,-1002.5,35,3007.5
4,-1002,34,3007,-1001.5,35,3007.5
4,-1001,34,3007,-1000.5,35,3007.5
4,-1000,34,3007,-999.5,35,3007.5
4,-999,34,3007,-998.5,35,3007.5
4,-998,34,3007,-997.5,35,3007.5
4,-997,34,3007,-996.5,35,3007.5
4,-996,34,3007,-995.5,35,3007.5
4,-995,34,3007,-994.5,35,3007.5
4,-994,34,3007,-993.5,35,3007.5
4,-993,34,3007,-992.5,35,3007.5
4,-992,34,3007,-991.5,35,3007.5
4,-991,34,3007,-990.5,35,3007.5
4,-990,34,3007,-989.5,35,3007.5
4,-989,34,3007,-988.5,35,3007.5
4,-988,34,3007,-987.5,35,3007.5
4,-987,34,3007,-986.5,35,3007.5
4,-986,34,3007,-985.5,35,3007.5
4,-985,34,3007,-984.5,35,3007.5
4,-984,34,3007,-983.5,35,3007.5
4,-983,34,3007,-982.5,35,3007.5
4,-982,34,3007,-981.5,35,3007.5
4,-981,34,3007,-980.5,35,3007.5
4,-980,34,3007,-979.5,35,3007.5
4,-979,34,3007,-978.5,35,3007.5
4,-1025,34,3008,-1024.5,35,3008.5
4,-1024,34,3008,-1023.5,35,3008.5
4,-1023,34,3008,-1022.5,35,3008.5
4,-1022,34,3008,-1021.5,35,3008.5
4,-1021,34,3008,-1020.5,35,3008.5
4,-1020,34,3008,-1019.5,35,3008.5
4,-1019,34,3008,-1018.5,35,3008.5
4,-1018,34,3008,-1017.5,35,3008.5
4,-1017,34,3008,-1016.5,35,3008.5
4,-1016,34,3008,-1015.5,35,3008.5
4,-1015,34,3008,-1014.5,35,3008.5
4,-1014,34,3008,-1013.5,35,3008.5
4,-1013,34,3008,-1012.5,35,3008.5
4,-1012,34,3008,-1011.5,35,3008.5
4,-1011,34,3008,-1010.5,35,3008.5
4,-1010,34,3008,-1009.5,35,3008.5
4,-1009,34,3008,-1008.5,35,3008.5
4,-1008,34,3008,-1007.5,35,3008.5
4,-1007,34,3008,-1006.5,35,3008.5
4,-1006,34,3008,-1005.5,35,3008.5
4,-1005,34,3008,-1004.5,35,3008.5
4,-1004,34,3008,-1003.5,35,3008.5
4,-1003,34,3008,-1002.5,35,3008.5
4,-1002,34,3008,-1001.5,35,3008.5
4,-1001,34,3008,-1000.5,35,3008.5
4,-1000,34,3008,-999.5,35,3008.5
4,-999,34,3008,-998.5,35,3008.5
4,-998,34,3008,-997.5,35,3008.5
4,-997,34,3008,-996.5,35,3008.5
4,-996,34,3008,-995.5,35,3008.5
4,-995,34,3008,-994.5,35,3008.5
4,-994,34,3008,-993.5,35,3008.5
4,-993,34,3008,-992.5,35,3008.5
4,-992,34,3008,-991.5,35,3008.5
4,-991,34,3008,-990.5,35,3008.5
4,-990,34,3008,-989.5,35,3008.5
4,-989,34,3008,-988.5,35,3008.5
4,-988,34,3008,-987.5,35,3008.5
4,-987,34,3008,-986.5,35,3008.5
4,-986,34,3008,-985.5,35,3008.5
4,-985,34,3008,-984.5,35,3008.5
4,-984,34,3008,-983.5,35,3008.5
4,-983,34,3008,-982.5,35,3008.5
4,-982,34,3008,-981.5,35,3008.5
4,-981,34,3008,-980.5,35,3008.5
4,-980,34,3008,-979.5,35,3008.5
4,-979,34,3008,-978.5,35,3008.5
4,-1024,34,3009,-1023.5,35,3009.5
4,-1023,34,3009,-1022.5,35,3009.5
4,-1022,34,3009,-1021.5,35,3009.5
4,-1021,34,3009,-1020.5,35,3009.5
4,-1020,34,3009,-1019.5,35,3009.5
4,-1019,34,3009,-1018.5,35,3009.5
4,-1018,34,3009,-1017.5,35,3009.5
4,-1017,34,3009,-1016.5,35,3009.5
4,-1016,34,3009,-1015.5,35,3009.5
4,-1015,34,3009,-1014.5,35,3009.5
4,-1014,34,3009,-1013.5,35,3009.5
4,-1013,34,3009,-1012.5,35,3009.5
4,-1012,34,3009,-1011.5,35,3009.5
4,-1011,34,3009,-1010.5,35,3009.5
4,-1010,34,3009,-1009.5,35,3009.5
4,-1009,34,3009,-1008.5,35,3009.5
4,-1008,34,3009,-1007.5,35,3009.5
4,-1007,34,3009,-1006.5,35,3009.5
4,-1006,34,3009,-1005.5,35,3009.5
4,-1005,34,3009,-1004.5,35,3009.5
4,-1004,34,3009,-1003.5,35,3009.5
4,-1003,34,3009,-1002.5,35,3009.5
4,-1002,34,3009,-1001.5,35,3009.5
4,-1001,34,3009,-1000.5,35,3009.5
4,-1000,34,3009,-999.5,35,3009.5
4,-999,34,3009,-998.5,35,3009.5
4,-998,34,3009,-997.5,35,3009.5
4,-997,34,3009,-996.5,35,3009.5
4,-996,34,3009,-995.5,35,3009.5
4,-995,34,3009,-994.5,35,3009.5
4,-994,34,3009,-993.5,35,3009.5
4,-993,34,3009,-992.5,35,3009.5
4,-992,34,3009,-991.5,35,3009.5
4,-991,34,3009,-990.5,35,3009.5
4,-990,34,3009,-989.5,35,3009.5
4,-989,34,3009,-988.5,35,3009.5
4,-988,34,3009,-987.5,35,3009.5
4,-987,34,3009,-986.5,35,3009.5
4,-986,34,3009,-985.5,35,3009.5
4,-985,34,3009,-984.5,35,3009.5
4,-984,34,3009,-983.5,35,3009.5
4,-983,34,3009,-982.5,35,3009.5
4,-982,34,3009,-981.5,35,3009.5
4,-981,34,3009,-980.5,35,3009.5
4,-980,34,3009,-979.5,35,3009.5
4,-1024,34,3010,-1023.5,35,3010.5
4,-1023,34,3010,-1022.5,35,3010.5
4,-1022,34,3010,-1021.5,35,3010.5
4,-1021,34,3010,-1020.5,35,3010.5
4,-1020,34,3010,-1019.5,35,3010.5
4,-1019,34,3010,-1018.5,35,3010.5
4,-1018,34,3010,-1017.5,35,3010.5
4,-1017,34,3010,-1016.5,35,3010.5
4,-1016,34,3010,-1015.5,35,3010.5
4,-1015,34,3010,-1014.5,35,3010.5
4,-1014,34,3010,-1013.5,35,3010.5
4,-1013,34,3010,-1012.5,35,3010.5
4,-1012,34,3010,-1011.5,35,3010.5
4,-1011,34,3010,-1010.5,35,3010.5
4,-1010,34,3010,-1009.5,35,3010.5
4,-1009,34,3010,-1008.5,35,3010.5
4,-1008,34,3010,-1007.5,35,3010.5
4,-1007,34,3010,-1006.5,35,3010.5
4,-1006,34,3010,-1005.5,35,3010.5
4,-1005,34,3010,-1004.5,35,3010.5
4,-1004,34,3010,-1003.5,35,3010.5
4,-1003,34,3010,-1002.5,35,3010.5
4,-1002,34,3010,-1001.5,35,3010.5
4,-1001,34,3010,-1000.5,35,3010.5
4,-1000,34,3010,-999.5,35,3010.5
4,-999,34,3010,-998.5,35,3010.5
4,-998,34,3010,-997.5,35,3010.5
4,-997,34,3010,-996.5,35,3010.5
4,-996,34,3010,-995.5,35,3010.5
4,-995,34,3010,-994.5,35,3010.5
4,-994,34,3010,-993.5,35,3010.5
4,-993,34,3010,-992.5,35,3010.5
4,-992,34,3010,-991.5,35,3010.5
4,-991,34,3010,-990.5,35,3010.5
4,-990,34,3010,-989.5,35,3010.5
4,-989,34,3010,-988.5,35,3010.5
4,-988,34,3010,-987.5,35,3010.5
4,-987,34,3010,-986.5,35,3010.5
4,-986,34,3010,-985.5,35,3010.5
4,-985,34,3010,-984.5,35,3010.5
4,-984,34,3010,-983.5,35,3010.5
4,-983,34,3010,-982.5,35,3010.5
4,-982,34,3010,-981.5,35,3010.5
4,-981,34,3010,-980.5,35,3010.5
4,-980,34,3010,-979.5,35,3010.5
4,-1023,34,3011,-1022.5,35,3011.5
4,-1022,34,3011,-1021.5,35,3011.5
4,-1021,34,3011,-1020.5,35,3011.5
4,-1020,34,3011,-1019.5,35,3011.5
4,-1019,34,3011,-1018.5,35,3011.5
4,-1018,34,3011,-1017.5,35,3011.5
4,-1017,34,3011,-1016.5,35,3011.5
4,-1016,34,3011,-1015.5,35,3011.5
4,-1015,34,3011,-1014.5,35,3011.5
4,-1014,34,3011,-1013.5,35,3011.5
4,-1013,34,3011,-1012.5,35,3011.5
4,-1012,34,3011,-1011.5,35,3011.5
4,-1011,34,3011,-1010.5,35,3011.5
4,-1010,34,3011,-1009.5,35,3011.5
4,-1009,34,3011,-1008.5,35,3011.5
4,-1008,34,3011,-1007.5,35,3011.5
4,-1007,34,3011,-1006.5,35,3011.5
4,-1006,34,3011,-1005.5,35,3011.5
4,-1005,34,3011,-1004.5,35,3011.5
4,-1004,34,3011,-1003.5,35,3011.5
4,-1003,34,3011,-1002.5,35,3011.5
4,-1002,34,3011,-1001.5,35,3011.5
4,-1001,34,3011,-1000.5,35,3011.5
4,-1000,34,3011,-999.5,35,3011.5
4,-999,34,3011,-998.5,35,3011.5
4,-998,34,3011,-997.5,35,3011.5
4,-997,34,3011,-996.5,35,3011.5
4,-996,34,3011,-995.5,35,3011.5
4,-995,34,3011,-994.5,35,3011.5
4,-994,34,3011,-993.5,35,3011.5
4,-993,34,3011,-992.5,35,3011.5
4,-992,34,3011,-991.5,35,3011.5
4,-991,34,3011,-990.5,35,3011.5
4,-990,34,3011,-989.5,35,3011.5
4,-989,34,3011,-988.5,35,3011.5
4,-988,34,3011,-987.5,35,3011.5
4,-987,34,3011,-986.5,35,3011.5
4,-986,34,3011,-985.5,35,3011.5
4,-985,34,3011,-984.5,35,3011.5
4,-984,34,3011,-983.5,35,3011.5
4,-983,34,3011,-982.5,35,3011.5
4,-982,34,3011,-981.5,35,3011.5
4,-981,34,3011,-980.5,35,3011.5
4,-1023,34,3012,-1022.5,35,3012.5
4,-1022,34,3012,-1021.5,35,3012.5
4,-1021,34,3012,-1020.5,35,3012.5
4,-1020,34,3012,-1019.5,35,3012.5
4,-1019,34,3012,-1018.5,35,3012.5
4,-1018,34,3012,-1017.5,35,3012.5
4,-1017,34,3012,-1016.5,35,3012.5
4,-1016,34,3012,-1015.5,35,3012.5
4,-1015,34,3012,-1014.5,35,3012.5
4,-1014,34,3012,-1013.5,35,3012.5
4,-1013,34,3012,-1012.5,35,3012.5
4,-1012,34,3012,-1011.5,35,3012.5
4,-1011,34,3012,-1010.5,35,3012.5
4,-1010,34,3012,-1009.5,35,3012.5
4,-1009,34,3012,-1008.5,35,3012.5
4,-1008,34,3012,-1007.5,35,3012.5
4,-1007,34,3012,-1006.5,35,3012.5
4,-1006,34,3012,-1005.5,35,3012.5
4,-1005,34,3012,-1004.5,35,3012.5
4,-1004,34,3012,-1003.5,35,3012.5
4,-1003,34,3012,-1002.5,35,3012.5
4,-1002,34,3012,-1001.5,35,3012.5
4,-1001,34,3012,-1000.5,35,3012.5
4,-1000,34,3012,-999.5,35,3012.5
4,-999,34,3012,-998.5,35,3012.5
4,-998,34,3012,-997.5,35,3012.5
4,-997,34,3012,-996.5,35,3012.5
4,-996,34,3012,-995.5,35,3012.5
4,-995,34,3012,-994.5,35,3012.5
4,-994,34,3012,-993.5,35,3012.5
4,-993,34,3012,-992.5,35,3012.5
4,-992,34,3012,-991.5,35,3012.5
4,-991,34,3012,-990.5,35,3012.5
4,-990,34,3012,-989.5,35,3012.5
4,-989,34,3012,-988.5,35,3012.5
4,-988,34,3012,-987.5,35,3012.5
4,-987,34,3012,-986.5,35,3012.5
4,-986,34,3012,-985.5,35,3012.5
4,-985,34,3012,-984.5,35,3012.5
4,-984,34,3012,-983.5,35,3012.5
4,-983,34,3012,-982.5,35,3012.5
4,-982,34,3012,-981.5,35,3012.5
4,-981,34,3012,-980.5,35,3012.5
4,-1023,34,3013,-1022.5,35,3013.5
4,-1022,34,3013,-1021.5,35,3013.5
4,-1021,34,3013,-1020.5,35,3013.5
4,-1020,34,3013,-1019.5,35,3013.5
4,-1019,34,3013,-1018.5,35,3013.5
4,-1018,34,3013,-1017.5,35,3013.5
4,-1017,34,3013,-1016.5,35,3013.5
4,-1016,34,3013,-1015.5,35,3013.5
4,-1015,34,3013,-1014.5,35,3013.5
4,-1014,34,3013,-1013.5,35,3013.5
4,-1008,34,3013,-1007.5,35,3013.5
4,-1007,34,3013,-1006.5,35,3013.5
4,-1006,34,3013,-1005.5,35,3013.5
4,-1005,34,3013,-1004.5,35,3013.5
4,-1004,34,3013,-1003.5,35,3013.5
4,-1003,34,3013,-1002.5,35,3013.5
4,-1002,34,3013,-1001.5,35,3013.5
4,-1001,34,3013,-1000.5,35,3013.5
4,-1000,34,3013,-999.5,35,3013.5
4,-999,34,3013,-998.5,35,3013.5
4,-998,34,3013,-997.5,35,3013.5
4,-997,34,3013,-996.5,35,3013.5
4,-996,34,3013,-995.5,35,3013.5
4,-990,34,3013,-989.5,35,3013.5
4,-989,34,3013,-988.5,35,3013.5
4,-988,34,3013,-987.5,35,3013.5
4,-987,34,3013,-986.5,35,3013.5
4,-986,34,3013,-985.5,35,3013.5
4,-985,34,3013,-984.5,35,3013.5
4,-984,34,3013,-983.5,35,3013.5
4,-983,34,3013,-982.5,35,3013.5
4,-982,34,3013,-981.5,35,3013.5
4,-981,34,3013,-980.5,35,3013.5
4,-1022,34,3014,-1021.5,35,3014.5
4,-1021,34,3014,-1020.5,35,3014.5
4,-1020,34,3014,-1019.5,35,3014.5
4,-1019,34,3014,-1018.5,35,3014.5
4,-1018,34,3014,-1017.5,35,3014.5
4,-1017,34,3014,-1016.5,35,3014.5
4,-1016,34,3014,-1015.5,35,3014.5
4,-1015,34,3014,-1014.5,35,3014.5
4,-1014,34,3014,-1013.5,35,3014.5
4,-1008,34,3014,-1007.5,35,3014.5
4,-1007,34,3014,-1006.5,35,3014.5
4,-1006,34,3014,-1005.5,35,3014.5
4,-1005,34,3014,-1004.5,35,3014.5
4,-1004,34,3014,-1003.5,35,3014.5
4,-1003,34,3014,-1002.5,35,3014.5
4,-1002,34,3014,-1001.5,35,3014.5
4,-1001,34,3014,-1000.5,35,3014.5
4,-1000,34,3014,-999.5,35,3014.5
4,-999,34,3014,-998.5,35,3014.5
4,-998,34,3014,-997.5,35,3014.5
4,-997,34,3014,-996.5,35,3014.5
4,-996,34,3014,-995.5,35,3014.5
4,-990,34,3014,-989.5,35,3014.5
4,-989,34,3014,-988.5,35,3014.5
4,-988,34,3014,-987.5,35,3014.5
4,-987,34,3014,-986.5,35,3014.5
4,-986,34,3014,-985.5,35,3014.5
4,-985,34,3014,-984.5,35,3014.5
4,-984,34,3014,-983.5,35,3014.5
4,-983,34,3014,-982.5,35,3014.5
4,-982,34,3014,-981.5,35,3014.5
4,-1022,34,3015,-1021.5,35,3015.5
4,-1021,34,3015,-1020.5,35,3015.5
4,-1020,34,3015,-1019.5,35,3015.5
4,-1019,34,3015,-1018.5,35,3015.5
4,-1018,34,3015,-1017.5,35,3015.5
4,-1017,34,3015,-1016.5,35,3015.5
4,-1016,34,3015,-1015.5,35,3015.5
4,-1015,34,3015,-1014.5,35,3015.5
4,-1014,34,3015,-1013.5,35,3015.5
4,-1008,34,3015,-1007.5,35,3015.5
4,-1007,34,3015,-1006.5,35,3015.5
4,-1006,34,3015,-1005.5,35,3015.5
4,-1005,34,3015,-1004.5,35,3015.5
4,-1004,34,3015,-1003.5,35,3015.5
4,-1003,34,3015,-1002.5,35,3015.5
4,-1002,34,3015,-1001.5,35,3015.5
4,-1001,34,3015,-1000.5,35,3015.5
4,-1000,34,3015,-999.5,35,3015.5
4,-999,34,3015,-998.5,35,3015.5
4,-998,34,3015,-997.5,35,3015.5
4,-997,34,3015,-996.5,35,3015.5
4,-996,34,3015,-995.5,35,3015.5
4,-990,34,3015,-989.5,35,3015.5
4,-989,34,3015,-988.5,35,3015.5
4,-988,34,3015,-987.5,35,3015.5
4,-987,34,3015,-986.5,35,3015.5
4,-986,34,3015,-985.5,35,3015.5
4,-985,34,3015,-984.5,35,3015.5
4,-984,34,3015,-983.5,35,3015.5
4,-983,34,3015,-982.5,35,3015.5
4,-982,34,3015,-981.5,35,3015.5
4,-1021,34,3016,-1020.5,35,3016.5
4,-1020,34,3016,-1019.5,35,3016.5
4,-1019,34,3016,-1018.5,35,3016.5
4,-1018,34,3016,-1017.5,35,3016.5
4,-1017,34,3016,-1016.5,35,3016.5
4,-1016,34,3016,-1015.5,35,3016.5
4,-1015,34,3016,-1014.5,35,3016.5
4,-1014,34,3016,-1013.5,35,3016.5
4,-1008,34,3016,-1007.5,35,3016.5
4,-1007,34,3016,-1006.5,35,3016.5
4,-1006,34,3016,-1005.5,35,3016.5
4,-1005,34,3016,-1004.5,35,3016.5
4,-1004,34,3016,-1003.5,35,3016.5
4,-1003,34,3016,-1002.5,35,3016.5
4,-1002,34,3016,-1001.5,35,3016.5
4,-1001,34,3016,-1000.5,35,3016.5
4,-1000,34,3016,-999.5,35,3016.5
4,-999,34,3016,-998.5,35,3016.5
4,-998,34,3016,-997.5,35,3016.5
4,-997,34,3016,-996.5,35,3016.5
4,-996,34,3016,-995.5,35,3016.5
4,-990,34,3016,-989.5,35,3016.5
4,-989,34,3016,-988.5,35,3016.5
4,-988,34,3016,-987.5,35,3016.5
4,-987,34,3016,-986.5,35,3016.5
4,-986,34,3016,-985.5,35,3016.5
4,-985,34,3016,-984.5,35,3016.5
4,-984,34,3016,-983.5,35,3016.5
4,-983,34,3016,-982.5,35,3016.5
4,-1021,34,3017,-1020.5,35,3017.5
4,-1020,34,3017,-1019.5,35,3017.5
4,-1019,34,3017,-1018.5,35,3017.5
4,-1018,34,3017,-1017.5,35,3017.5
4,-1017,34,3017,-1016.5,35,3017.5
4,-1016,34,3017,-1015.5,35,3017.5
4,-1015,34,3017,-1014.5,35,3017.5
4,-1014,34,3017,-1013.5,35,3017.5
4,-1008,34,3017,-1007.5,35,3017.5
4,-1007,34,3017,-1006.5,35,3017.5
4,-1006,34,3017,-1005.5,35,3017.5
4,-1005,34,3017,-1004.5,35,3017.5
4,-1004,34,3017,-1003.5,35,3017.5
4,-1003,34,3017,-1002.5,35,3017.5
4,-1002,34,3017,-1001.5,35,3017.5
4,-1001,34,3017,-1000.5,35,3017.5
4,-1000,34,3017,-999.5,35,3017.5
4,-999,34,3017,-998.5,35,3017.5
4,-998,34,3017,-997.5,35,3017.5
4,-997,34,3017,-996.5,35,3017.5
4,-996,34,3017,-995.5,35,3017.5
4,-990,34,3017,-989.5,35,3017.5
4,-989,34,3017,-988.5,35,3017.5
4,-988,34,3017,-987.5,35,3017.5
4,-987,34,3017,-986.5,35,3017.5
4,-986,34,3017,-985.5,35,3017.5
4,-985,34,3017,-984.5,35,3017.5
4,-984,34,3017,-983.5,35,3017.5
4,-983,34,3017,-982.5,35,3017.5
4,-1021,34,3018,-1020.5,35,3018.5
4,-1020,34,3018,-1019.5,35,3018.5
4,-1019,34,3018,-1018.5,35,3018.5
4,-1018,34,3018,-1017.5,35,3018.5
4,-1017,34,3018,-1016.5,35,3018.5
4,-1016,34,3018,-1015.5,35,3018.5
4,-1015,34,3018,-1014.5,35,3018.5
4,-1014,34,3018,-1013.5,35,3018.5
4,-1013,34,3018,-1012.5,35,3018.5
4,-1012,34,3018,-1011.5,35,3018.5
4,-1011,34,3018,-1010.5,35,3018.5
4,-1010,34,3018,-1009.5,35,3018.5
4,-1009,34,3018,-1008.5,35,3018.5
4,-1008,34,3018,-1007.5,35,3018.5
4,-1007,34,3018,-1006.5,35,3018.5
4,-1006,34,3018,-1005.5,35,3018.5
4,-1005,34,3018,-1004.5,35,3018.5
4,-1004,34,3018,-1003.5,35,3018.5
4,-1003,34,3018,-1002.5,35,3018.5
4,-1002,34,3018,-1001.5,35,3018.5
4,-1001,34,3018,-1000.5,35,3018.5
4,-1000,34,3018,-999.5,35,3018.5
4,-999,34,3018,-998.5,35,3018.5
4,-998,34,3018,-997.5,35,3018.5
4,-997,34,3018,-996.5,35,3018.5
4,-996,34,3018,-995.5,35,3018.5
4,-995,34,3018,-994.5,35,3018.5
4,-994,34,3018,-993.5,35,3018.5
4,-993,34,3018,-992.5,35,3018.5
4,-992,34,3018,-991.5,35,3018.5
4,-991,34,3018,-990.5,35,3018.5
4,-990,34,3018,-989.5,35,3018.5
4,-989,34,3018,-988.5,35,3018.5
4,-988,34,3018,-987.5,35,3018.5
4,-987,34,3018,-986.5,35,3018.5
4,-986,34,3018,-985.5,35,3018.5
4,-985,34,3018,-984.5,35,3018.5
4,-984,34,3018,-983.5,35,3018.5
4,-983,34,3018,-982.5,35,3018.5
4,-1020,34,3019,-1019.5,35,3019.5
4,-1019,34,3019,-1018.5,35,3019.5
4,-1018,34,3019,-1017.5,35,3019.5
4,-1017,34,3019,-1016.5,35,3019.5
4,-1016,34,3019,-1015.5,35,3019.5
4,-1015,34,3019,-1014.5,35,3019.5
4,-1014,34,3019,-1013.5,35,3019.5
4,-1013,34,3019,-1012.5,35,3019.5
4,-1012,34,3019,-1011.5,35,3019.5
4,-1011,34,3019,-1010.5,35,3019.5
4,-1010,34,3019,-1009.5,35,3019.5
4,-1009,34,3019,-1008.5,35,3019.5
4,-1008,34,3019,-1007.5,35,3019.5
4,-1007,34,3019,-1006.5,35,3019.5
4,-1006,34,3019,-1005.5,35,3019.5
4,-1005,34,3019,-1004.5,35,3019.5
4,-1004,34,3019,-1003.5,35,3019.5
4,-1003,34,3019,-1002.5,35,3019.5
4,-1002,34,3019,-1001.5,35,3019.5
4,-1001,34,3019,-1000.5,35,3019.5
4,-1000,34,3019,-999.5,35,3019.5
4,-999,34,3019,-998.5,35,3019.5
4,-998,34,3019,-997.5,35,3019.5
4,-997,34,3019,-996.5,35,3019.5
4,-996,34,3019,-995.5,35,3019.5
4,-995,34,3019,-994.5,35,3019.5
4,-994,34,3019,-993.5,35,3019.5
4,-993,34,3019,-992.5,35,3019.5
4,-992,34,3019,-991.5,35,3019.5
4,-991,34,3019,-990.5,35,3019.5
4,-990,34,3019,-989.5,35,3019.5
4,-989,34,3019,-988.5,35,3019.5
4,-988,34,3019,-987.5,35,3019.5
4,-987,34,3019,-986.5,35,3019.5
4,-986,34,3019,-985.5,35,3019.5
4,-985,34,3019,-984.5,35,3019.5
4,-984,34,3019,-983.5,35,3019.5
4,-1020,34,3020,-1019.5,35,3020.5
4,-1019,34,3020,-1018.5,35,3020.5
4,-1018,34,3020,-1017.5,35,3020.5
4,-1017,34,3020,-1016.5,35,3020.5
4,-1016,34,3020,-1015.5,35,3020.5
4,-1015,34,3020,-1014.5,35,3020.5
4,-1014,34,3020,-1013.5,35,3020.5
4,-1013,34,3020,-1012.5,35,3020.5
4,-1012,34,3020,-1011.5,35,3020.5
4,-1011,34,3020,-1010.5,35,3020.5
4,-1010,34,3020,-1009.5,35,3020.5
4,-1009,34,3020,-1008.5,35,3020.5
4,-1008,34,3020,-1007.5,35,3020.5
4,-1007,34,3020,-1006.5,35,3020.5
4,-1006,34,3020,-1005.5,35,3020.5
4,-1005,34,3020,-1004.5,35,3020.5
4,-1004,34,3020,-1003.5,35,3020.5
4,-1003,34,3020,-1002.5,35,3020.5
4,-1002,34,3020,-1001.5,35,3020.5
4,-1001,34,3020,-1000.5,35,3020.5
4,-1000,34,3020,-999.5,35,3020.5
4,-999,34,3020,-998.5,35,3020.5
4,-998,34,3020,-997.5,35,3020.5
4,-997,34,3020,-996.5,35,3020.5
4,-996,34,3020,-995.5,35,3020.5
4,-995,34,3020,-994.5,35,3020.5
4,-994,34,3020,-993.5,35,3020.5
4,-993,34,3020,-992.5,35,3020.5
4,-992,34,3020,-991.5,35,3020.5
4,-991,34,3020,-990.5,35,3020.5
4,-990,34,3020,-989.5,35,3020.5
4,-989,34,3020,-988.5,35,3020.5
4,-988,34,3020,-987.5,35,3020.5
4,-987,34,3020,-986.5,35,3020.5
4,-986,34,3020,-985.5,35,3020.5
4,-985,34,3020,-984.5,35,3020.5
4,-984,34,3020,-983.5,35,3020.5
4,-1019,34,3021,-1018.5,35,3021.5
4,-1018,34,3021,-1017.5,35,3021.5
4,-1017,34,3021,-1016.5,35,3021.5
4,-1016,34,3021,-1015.5,35,3021.5
4,-1015,34,3021,-1014.5,35,3021.5
4,-1014,34,3021,-1013.5,35,3021.5
4,-1013,34,3021,-1012.5,35,3021.5
4,-1012,34,3021,-1011.5,35,3021.5
4,-1011,34,3021,-1010.5,35,3021.5
4,-1010,34,3021,-1009.5,35,3021.5
4,-1009,34,3021,-1008.5,35,3021.5
4,-1008,34,3021,-1007.5,35,3021.5
4,-1007,34,3021,-1006.5,35,3021.5
4,-1006,34,3021,-1005.5,35,3021.5
4,-1005,34,3021,-1004.5,35,3021.5
4,-1004,34,3021,-1003.5,35,3021.5
4,-1003,34,3021,-1002.5,35,3021.5
4,-1002,34,3021,-1001.5,35,3021.5
4,-1001,34,3021,-1000.5,35,3021.5
4,-1000,34,3021,-999.5,35,3021.5
4,-999,34,3021,-998.5,35,3021.5
4,-998,34,3021,-997.5,35,3021.5
4,-997,34,3021,-996.5,35,3021.5
4,-996,34,3021,-995.5,35,3021.5
4,-995,34,3021,-994.5,35,3021.5
4,-994,34,3021,-993.5,35,3021.5
4,-993,34,3021,-992.5,35,3021.5
4,-992,34,3021,-991.5,35,3021.5
4,-991,34,3021,-990.5,35,3021.5
4,-990,34,3021,-989.5,35,3021.5
4,-989,34,3021,-988.5,35,3021.5
4,-988,34,3021,-987.5,35,3021.5
4,-987,34,3021,-986.5,35,3021.5
4,-986,34,3021,-985.5,35,3021.5
4,-985,34,3021,-984.5,35,3021.5
4,-1019,34,3022,-1018.5,35,3022.5
4,-1018,34,3022,-1017.5,35,3022.5
4,-1017,34,3022,-1016.5,35,3022.5
4,-1016,34,3022,-1015.5,35,3022.5
4,-1015,34,3022,-1014.5,35,3022.5
4,-1014,34,3022,-1013.5,35,3022.5
4,-1013,34,3022,-1012.5,35,3022.5
4,-1012,34,3022,-1011.5,35,3022.5
4,-1011,34,3022,-1010.5,35,3022.5
4,-1010,34,3022,-1009.5,35,3022.5
4,-1009,34,3022,-1008.5,35,3022.5
4,-1008,34,3022,-1007.5,35,3022.5
4,-1007,34,3022,-1006.5,35,3022.5
4,-1006,34,3022,-1005.5,35,3022.5
4,-1005,34,3022,-1004.5,35,3022.5
4,-1004,34,3022,-1003.5,35,3022.5
4,-1003,34,3022,-1002.5,35,3022.5
4,-1002,34,3022,-1001.5,35,3022.5
4,-1001,34,3022,-1000.5,35,3022.5
4,-1000,34,3022,-999.5,35,3022.5
4,-999,34,3022,-998.5,35,3022.5
4,-998,34,3022,-997.5,35,3022.5
4,-997,34,3022,-996.5,35,3022.5
4,-996,34,3022,-995.5,35,3022.5
4,-995,34,3022,-994.5,35,3022.5
4,-994,34,3022,-993.5,35,3022.5
4,-993,34,3022,-992.5,35,3022.5
4,-992,34,3022,-991.5,35,3022.5
4,-991,34,3022,-990.5,35,3022.5
4,-990,34,3022,-989.5,35,3022.5
4,-989,34,3022,-988.5,35,3022.5
4,-988,34,3022,-987.5,35,3022.5
4,-987,34,3022,-986.5,35,3022.5
4,-986,34,3022,-985.5,35,3022.5
4,-985,34,3022,-984.5,35,3022.5
4,-1018,34,3023,-1017.5,35,3023.5
4,-1017,34,3023,-1016.5,35,3023.5
4,-1016,34,3023,-1015.5,35,3023.5
4,-1015,34,3023,-1014.5,35,3023.5
4,-1014,34,3023,-1013.5,35,3023.5
4,-1013,34,3023,-1012.5,35,3023.5
4,-1012,34,3023,-1011.5,35,3023.5
4,-1011,34,3023,-1010.5,35,3023.5
4,-1010,34,3023,-1009.5,35,3023.5
4,-1009,34,3023,-1008.5,35,3023.5
4,-1008,34,3023,-1007.5,35,3023.5
4,-1007,34,3023,-1006.5,35,3023.5
4,-1006,34,3023,-1005.5,35,3023.5
4,-1005,34,3023,-1004.5,35,3023.5
4,-1004,34,3023,-1003.5,35,3023.5
4,-1003,34,3023,-1002.5,35,3023.5
4,-1002,34,3023,-1001.5,35,3023.5
4,-1001,34,3023,-1000.5,35,3023.5
4,-1000,34,3023,-999.5,35,3023.5
4,-999,34,3023,-998.5,35,3023.5
4,-998,34,3023,-997.5,35,3023.5
4,-997,34,3023,-996.5,35,3023.5
4,-996,34,3023,-995.5,35,3023.5
4,-995,34,3023,-994.5,35,3023.5
4,-994,34,3023,-993.5,35,3023.5
4,-993,34,3023,-992.5,35,3023.5
4,-992,34,3023,-991.5,35,3023.5
4,-991,34,3023,-990.5,35,3023.5
4,-990,34,3023,-989.5,35,3023.5
4,-989,34,3023,-988.5,35,3023.5
4,-988,34,3023,-987.5,35,3023.5
4,-987,34,3023,-986.5,35,3023.5
4,-986,34,3023,-985.5,35,3023.5
4,-1016,34,3024,-1015.5,35,3024.5
4,-1015,34,3024,-1014.5,35,3024.5
4,-1014,34,3024,-1013.5,35,3024.5
4,-1013,34,3024,-1012.5,35,3024.5
4,-1012,34,3024,-1011.5,35,3024.5
4,-1011,34,3024,-1010.5,35,3024.5
4,-1010,34,3024,-1009.5,35,3024.5
4,-1009,34,3024,-1008.5,35,3024.5
4,-1008,34,3024,-1007.5,35,3024.5
4,-1007,34,3024,-1006.5,35,3024.5
4,-1006,34,3024,-1005.5,35,3024.5
4,-1005,34,3024,-1004.5,35,3024.5
4,-1004,34,3024,-1003.5,35,3024.5
4,-1003,34,3024,-1002.5,35,3024.5
4,-1002,34,3024,-1001.5,35,3024.5
4,-1001,34,3024,-1000.5,35,3024.5
4,-1000,34,3024,-999.5,35,3024.5
4,-999,34,3024,-998.5,35,3024.5
4,-998,34,3024,-997.5,35,3024.5
4,-997,34,3024,-996.5,35,3024.5
4,-996,34,3024,-995.5,35,3024.5
4,-995,34,3024,-994.5,35,3024.5
4,-994,34,3024,-993.5,35,3024.5
4,-993,34,3024,-992.5,35,3024.5
4,-992,34,3024,-991.5,35,3024.5
4,-991,34,3024,-990.5,35,3024.5
4,-990,34,3024,-989.5,35,3024.5
4,-989,34,3024,-988.5,35,3024.5
4,-988,34,3024,-987.5,35,3024.5
4,-1014,34,3025,-1013.5,35,3025.5
4,-1013,34,3025,-1012.5,35,3025.5
4,-1012,34,3025,-1011.5,35,3025.5
4,-1011,34,3025,-1010.5,35,3025.5
4,-1010,34,3025,-1009.5,35,3025.5
4,-1009,34,3025,-1008.5,35,3025.5
4,-1008,34,3025,-1007.5,35,3025.5
4,-1007,34,3025,-1006.5,35,3025.5
4,-1006,34,3025,-1005.5,35,3025.5
4,-1005,34,3025,-1004.5,35,3025.5
4,-1004,34,3025,-1003.5,35,3025.5
4,-1003,34,3025,-1002.5,35,3025.5
4,-1002,34,3025,-1001.5,35,3025.5
4,-1001,34,3025,-1000.5,35,3025.5
4,-1000,34,3025,-999.5,35,3025.5
4,-999,34,3025,-998.5,35,3025.5
4,-998,34,3025,-997.5,35,3025.5
4,-997,34,3025,-996.5,35,3025.5
4,-996,34,3025,-995.5,35,3025.5
4,-995,34,3025,-994.5,35,3025.5
4,-994,34,3025,-993.5,35,3025.5
4,-993,34,3025,-992.5,35,3025.5
4,-992,34,3025,-991.5,35,3025.5
4,-991,34,3025,-990.5,35,3025.5
4,-990,34,3025,-989.5,35,3025.5
4,-1011,34,3026,-1010.5,35,3026.5
4,-1010,34,3026,-1009.5,35,3026.5
4,-1009,34,3026,-1008.5,35,3026.5
4,-1008,34,3026,-1007.5,35,3026.5
4,-1007,34,3026,-1006.5,35,3026.5
4,-1006,34,3026,-1005.5,35,3026.5
4,-1005,34,3026,-1004.5,35,3026.5
4,-1004,34,3026,-1003.5,35,3026.5
4,-1003,34,3026,-1002.5,35,3026.5
4,-1002,34,3026,-1001.5,35,3026.5
4,-1001,34,3026,-1000.5,35,3026.5
4,-1000,34,3026,-999.5,35,3026.5
4,-999,34,3026,-998.5,35,3026.5
4,-998,34,3026,-997.5,35,3026.5
4,-997,34,3026,-996.5,35,3026.5
4,-996,34,3026,-995.5,35,3026.5
4,-995,34,3026,-994.5,35,3026.5
4,-994,34,3026,-993.5,35,3026.5
4,-993,34,3026,-992.5,35,3026.5
4,-1009,34,3027,-1008.5,35,3027.5
4,-1008,34,3027,-1007.5,35,3027.5
4,-1007,34,3027,-1006.5,35,3027.5
4,-1006,34,3027,-1005.5,35,3027.5
4,-1005,34,3027,-1004.5,35,3027.5
4,-1004,34,3027,-1003.5,35,3027.5
4,-1003,34,3027,-1002.5,35,3027.5
4,-1002,34,3027,-1001.5,35,3027.5
4,-1001,34,3027,-1000.5,35,3027.5
4,-1000,34,3027,-999.5,35,3027.5
4,-999,34,3027,-998.5,35,3027.5
4,-998,34,3027,-997.5,35,3027.5
4,-997,34,3027,-996.5,35,3027.5
4,-996,34,3027,-995.5,35,3027.5
4,-995,34,3027,-994.5,35,3027.5
4,-1006,34,3028,-1005.5,35,3028.5
4,-1005,34,3028,-1004.5,35,3028.5
4,-1004,34,3028,-1003.5,35,3028.5
4,-1003,34,3028,-1002.5,35,3028.5
4,-1002,34,3028,-1001.5,35,3028.5
4,-1001,34,3028,-1000.5,35,3028.5
4,-1000,34,3028,-999.5,35,3028.5
4,-999,34,3028,-998.5,35,3028.5
4,-998,34,3028,-997.5,35,3028.5
4,-1004,34,3029,-1003.5,35,3029.5
4,-1003,34,3029,-1002.5,35,3029.5
4,-1002,34,3029,-1001.5,35,3029.5
4,-1001,34,3029,-1000.5,35,3029.5
4,-1000,34,3029,-999.5,35,3029.5
4,-1002,34,3030,-1001.5,35,3030.5
5,-1002,49,2984,-1001.5,50,2984.5
5,-1004,49,2985,-1003.5,50,2985.5
5,-1003,49,2985,-1002.5,50,2985.5
5,-1002,49,2985,-1001.5,50,2985.5
5,-1001,49,2985,-1000.5,50,2985.5
5,-1000,49,2985,-999.5,50,2985.5
5,-1006,49,2986,-1005.5,50,2986.5
5,-1005,49,2986,-1004.5,50,2986.5
5,-1004,49,2986,-1003.5,50,2986.5
5,-1003,49,2986,-1002.5,50,2986.5
5,-1002,49,2986,-1001.5,50,2986.5
5,-1001,49,2986,-1000.5,50,2986.5
5,-1000,49,2986,-999.5,50,2986.5
5,-999,49,2986,-998.5,50,2986.5
5,-998,49,2986,-997.5,50,2986.5
5,-1009,49,2987,-1008.5,50,2987.5
5,-1008,49,2987,-1007.5,50,2987.5
5,-1007,49,2987,-1006.5,50,2987.5
5,-1006,49,2987,-1005.5,50,2987.5
5,-1005,49,2987,-1004.5,50,2987.5
5,-1004,49,2987,-1003.5,50,2987.5
5,-1003,49,2987,-1002.5,50,2987.5
5,-1002,49,2987,-1001.5,50,2987.5
5,-1001,49,2987,-1000.5,50,2987.5
5,-1000,49,2987,-999.5,50,2987.5
5,-999,49,2987,-998.5,50,2987.5
5,-998,49,2987,-997.5,50,2987.5
5,-997,49,2987,-996.5,50,2987.5
5,-996,49,2987,-995.5,50,2987.5
5,-995,49,2987,-994.5,50,2987.5
5,-1011,49,2988,-1010.5,50,2988.5
5,-1010,49,2988,-1009.5,50,2988.5
5,-1009,49,2988,-1008.5,50,2988.5
5,-1008,49,2988,-1007.5,50,2988.5
5,-1007,49,2988,-1006.5,50,2988.5
5,-1006,49,2988,-1005.5,50,2988.5
5,-1005,49,2988,-1004.5,50,2988.5
5,-1004,49,2988,-1003.5,50,2988.5
5,-1003,49,2988,-1002.5,50,2988.5
5,-1002,49,2988,-1001.5,50,2988.5
5,-1001,49,2988,-1000.5,50,2988.5
5,-1000,49,2988,-999.5,50,2988.5
5,-999,49,2988,-998.5,50,2988.5
5,-998,49,2988,-997.5,50,2988.5
5,-997,49,2988,-996.5,50,2988.5
5,-996,49,2988,-995.5,50,2988.5
5,-995,49,2988,-994.5,50,2988.5
5,-994,49,2988,-993.5,50,2988.5
5,-993,49,2988,-992.5,50,2988.5
5,-1014,49,2989,-1013.5,50,2989.5
5,-1013,49,2989,-1012.5,50,2989.5
5,-1012,49,2989,-1011.5,50,2989.5
5,-1011,49,2989,-1010.5,50,2989.5
5,-1010,49,2989,-1009.5,50,2989.5
5,-1009,49,2989,-1008.5,50,2989.5
5,-1008,49,2989,-1007.5,50,2989.5
5,-1007,49,2989,-1006.5,50,2989.5
5,-1006,49,2989,-1005.5,50,2989.5
5,-1005,49,2989,-1004.5,50,2989.5
5,-1004,49,2989,-1003.5,50,2989.5
5,-1003,49,2989,-1002.5,50,2989.5
5,-1002,49,2989,-1001.5,50,2989.5
5,-1001,49,2989,-1000.5,50,2989.5
5,-1000,49,2989,-999.5,50,2989.5
5,-999,49,2989,-998.5,50,2989.5
5,-998,49,2989,-997.5,50,2989.5
5,-997,49,2989,-996.5,50,2989.5
5,-996,49,2989,-995.5,50,2989.5
5,-995,49,2989,-994.5,50,2989.5
5,-994,49,2989,-993.5,50,2989.5
5,-993,49,2989,-992.5,50,2989.5
5,-992,49,2989,-991.5,50,2989.5
5,-991,49,2989,-990.5,50,2989.5
5,-990,49,2989,-989.5,50,2989.5
5,-1016,49,2990,-1015.5,50,2990.5
5,-1015,49,2990,-1014.5,50,2990.5
5,-1014,49,2990,-1013.5,50,2990.5
5,-1013,49,2990,-1012.5,50,2990.5
5,-1012,49,2990,-1011.5,50,2990.5
5,-1011,49,2990,-1010.5,50,2990.5
5,-1010,49,2990,-1009.5,50,2990.5
5,-1009,49,2990,-1008.5,50,2990.5
5,-1008,49,2990,-1007.5,50,2990.5
5,-1007,49,2990,-1006.5,50,2990.5
5,-1006,49,2990,-1005.5,50,2990.5
5,-1005,49,2990,-1004.5,50,2990.5
5,-1004,49,2990,-1003.5,50,2990.5
5,-1003,49,2990,-1002.5,50,2990.5
5,-1002,49,2990,-1001.5,50,2990.5
5,-1001,49,2990,-1000.5,50,2990.5
5,-1000,49,2990,-999.5,50,2990.5
5,-999,49,2990,-998.5,50,2990.5
5,-998,49,2990,-997.5,50,2990.5
5,-997,49,2990,-996.5,50,2990.5
5,-996,49,2990,-995.5,50,2990.5
5,-995,49,2990,-994.5,50,2990.5
5,-994,49,2990,-993.5,50,2990.5
5,-993,49,2990,-992.5,50,2990.5
5,-992,49,2990,-991.5,50,2990.5
5,-991,49,2990,-990.5,50,2990.5
5,-990,49,2990,-989.5,50,2990.5
5,-989,49,2990,-988.5,50,2990.5
5,-988,49,2990,-987.5,50,2990.5
5,-1017,49,2991,-1016.5,50,2991.5
5,-1016,49,2991,-1015.5,50,2991.5
5,-1015,49,2991,-1014.5,50,2991.5
5,-1014,49,2991,-1013.5,50,2991.5
5,-1013,49,2991,-1012.5,50,2991.5
5,-1012,49,2991,-1011.5,50,2991.5
5,-1011,49,2991,-1010.5,50,2991.5
5,-1010,49,2991,-1009.5,50,2991.5
5,-1009,49,2991,-1008.5,50,2991.5
5,-1008,49,2991,-1007.5,50,2991.5
5,-1007,49,2991,-1006.5,50,2991.5
5,-1006,49,2991,-1005.5,50,2991.5
5,-1005,49,2991,-1004.5,50,2991.5
5,-1004,49,2991,-1003.5,50,2991.5
5,-1003,49,2991,-1002.5,50,2991.5
5,-1002,49,2991,-1001.5,50,2991.5
5,-1001,49,2991,-1000.5,50,2991.5
5,-1000,49,2991,-999.5,50,2991.5
5,-999,49,2991,-998.5,50,2991.5
5,-998,49,2991,-997.5,50,2991.5
5,-997,49,2991,-996.5,50,2991.5
5,-996,49,2991,-995.5,50,2991.5
5,-995,49,2991,-994.5,50,2991.5
5,-994,49,2991,-993.5,50,2991.5
5,-993,49,2991,-992.5,50,2991.5
5,-992,49,2991,-991.5,50,2991.5
5,-991,49,2991,-990.5,50,2991.5
5,-990,49,2991,-989.5,50,2991.5
5,-989,49,2991,-988.5,50,2991.5
5,-988,49,2991,-987.5,50,2991.5
5,-987,49,2991,-986.5,50,2991.5
5,-1018,49,2992,-1017.5,50,2992.5
5,-1017,49,2992,-1016.5,50,2992.5
5,-1016,49,2992,-1015.5,50,2992.5
5,-1015,49,2992,-1014.5,50,2992.5
5,-1014,49,2992,-1013.5,50,2992.5
5,-1013,49,2992,-1012.5,50,2992.5
5,-1012,49,2992,-1011.5,50,2992.5
5,-1011,49,2992,-1010.5,50,2992.5
5,-1010,49,2992,-1009.5,50,2992.5
5,-1009,49,2992,-1008.5,50,2992.5
5,-1008,49,2992,-1007.5,50,2992.5
5,-1007,49,2992,-1006.5,50,2992.5
5,-1006,49,2992,-1005.5,50,2992.5
5,-1005,49,2992,-1004.5,50,2992.5
5,-1004,49,2992,-1003.5,50,2992.5
5,-1003,49,2992,-1002.5,50,2992.5
5,-1002,49,2992,-1001.5,50,2992.5
5,-1001,49,2992,-1000.5,50,2992.5
5,-1000,49,2992,-999.5,50,2992.5
5,-999,49,2992,-998.5,50,2992.5
5,-998,49,2992,-997.5,50,2992.5
5,-997,49,2992,-996.5,50,2992.5
5,-996,49,2992,-995.5,50,2992.5
5,-995,49,2992,-994.5,50,2992.5
5,-994,49,2992,-993.5,50,2992.5
5,-993,49,2992,-992.5,50,2992.5
5,-992,49,2992,-991.5,50,2992.5
5,-991,49,2992,-990.5,50,2992.5
5,-990,49,2992,-989.5,50,2992.5
5,-989,49,2992,-988.5,50,2992.5
5,-988,49,2992,-987.5,50,2992.5
5,-987,49,2992,-986.5,50,2992.5
5,-986,49,2992,-985.5,50,2992.5
5,-1018,49,2993,-1017.5,50,2993.5
5,-1017,49,2993,-1016.5,50,2993.5
5,-1016,49,2993,-1015.5,50,2993.5
5,-1015,49,2993,-1014.5,50,2993.5
5,-1014,49,2993,-1013.5,50,2993.5
5,-1013,49,2993,-1012.5,50,2993.5
5,-1012,49,2993,-1011.5,50,2993.5
5,-1011,49,2993,-1010.5,50,2993.5
5,-1010,49,2993,-1009.5,50,2993.5
5,-1009,49,2993,-1008.5,50,2993.5
5,-1008,49,2993,-1007.5,50,2993.5
5,-1007,49,2993,-1006.5,50,2993.5
5,-1006,49,2993,-1005.5,50,2993.5
5,-1005,49,2993,-1004.5,50,2993.5
5,-1004,49,2993,-1003.5,50,2993.5
5,-1003,49,2993,-1002.5,50,2993.5
5,-1002,49,2993,-1001.5,50,2993.5
5,-1001,49,2993,-1000.5,50,2993.5
5,-1000,49,2993,-999.5,50,2993.5
5,-999,49,2993,-998.5,50,2993.5
5,-998,49,2993,-997.5,50,2993.5
5,-997,49,2993,-996.5,50,2993.5
5,-996,49,2993,-995.5,50,2993.5
5,-995,49,2993,-994.5,50,2993.5
5,-994,49,2993,-993.5,50,2993.5
5,-993,49,2993,-992.5,50,2993.5
5,-992,49,2993,-991.5,50,2993.5
5,-991,49,2993,-990.5,50,2993.5
5,-990,49,2993,-989.5,50,2993.5
5,-989,49,2993,-988.5,50,2993.5
5,-988,49,2993,-987.5,50,2993.5
5,-987,49,2993,-986.5,50,2993.5
5,-986,49,2993,-985.5,50,2993.5
5,-1019,49,2994,-1018.5,50,2994.5
5,-1018,49,2994,-1017.5,50,2994.5
5,-1017,49,2994,-1016.5,50,2994.5
5,-1016,49,2994,-1015.5,50,2994.5
5,-1015,49,2994,-1014.5,50,2994.5
5,-1014,49,2994,-1013.5,50,2994.5
5,-1013,49,2994,-1012.5,50,2994.5
5,-1012,49,2994,-1011.5,50,2994.5
5,-1011,49,2994,-1010.5,50,2994.5
5,-1010,49,2994,-1009.5,50,2994.5
5,-1009,49,2994,-1008.5,50,2994.5
5,-1008,49,2994,-1007.5,50,2994.5
5,-1007,49,2994,-1006.5,50,2994.5
5,-1006,49,2994,-1005.5,50,2994.5
5,-1005,49,2994,-1004.5,50,2994.5
5,-1004,49,2994,-1003.5,50,2994.5
5,-1003,49,2994,-1002.5,50,2994.5
5,-1002,49,2994,-1001.5,50,2994.5
5,-1001,49,2994,-1000.5,50,2994.5
5,-1000,49,2994,-999.5,50,2994.5
5,-999,49,2994,-998.5,50,2994.5
5,-998,49,2994,-997.5,50,2994.5
5,-997,49,2994,-996.5,50,2994.5
5,-996,49,2994,-995.5,50,2994.5
5,-995,49,2994,-994.5,50,2994.5
5,-994,49,2994,-993.5,50,2994.5
5,-993,49,2994,-992.5,50,2994.5
5,-992,49,2994,-991.5,50,2994.5
5,-991,49,2994,-990.5,50,2994.5
5,-990,49,2994,-989.5,50,2994.5
5,-989,49,2994,-988.5,50,2994.5
5,-988,49,2994,-987.5,50,2994.5
5,-987,49,2994,-986.5,50,2994.5
5,-986,49,2994,-985.5,50,2994.5
5,-985,49,2994,-984.5,50,2994.5
5,-1019,49,2995,-1018.5,50,2995.5
5,-1018,49,2995,-1017.5,50,2995.5
5,-1017,49,2995,-1016.5,50,2995.5
5,-1016,49,2995,-1015.5,50,2995.5
5,-1015,49,2995,-1014.5,50,2995.5
5,-1014,49,2995,-1013.5,50,2995.5
5,-1008,49,2995,-1007.5,50,2995.5
5,-1007,49,2995,-1006.5,50,2995.5
5,-1006,49,2995,-1005.5,50,2995.5
5,-1005,49,2995,-1004.5,50,2995.5
5,-1004,49,2995,-1003.5,50,2995.5
5,-1003,49,2995,-1002.5,50,2995.5
5,-1002,49,2995,-1001.5,50,2995.5
5,-1001,49,2995,-1000.5,50,2995.5
5,-1000,49,2995,-999.5,50,2995.5
5,-999,49,2995,-998.5,50,2995.5
5,-998,49,2995,-997.5,50,2995.5
5,-997,49,2995,-996.5,50,2995.5
5,-996,49,2995,-995.5,50,2995.5
5,-990,49,2995,-989.5,50,2995.5
5,-989,49,2995,-988.5,50,2995.5
5,-988,49,2995,-987.5,50,2995.5
5,-987,49,2995,-986.5,50,2995.5
5,-986,49,2995,-985.5,50,2995.5
5,-985,49,2995,-984.5,50,2995.5
5,-1019,49,2996,-1018.5,50,2996.5
5,-1018,49,2996,-1017.5,50,2996.5
5,-1017,49,2996,-1016.5,50,2996.5
5,-1016,49,2996,-1015.5,50,2996.5
5,-1015,49,2996,-1014.5,50,2996.5
5,-1014,49,2996,-1013.5,50,2996.5
5,-1008,49,2996,-1007.5,50,2996.5
5,-1007,49,2996,-1006.5,50,2996.5
5,-1006,49,2996,-1005.5,50,2996.5
5,-1005,49,2996,-1004.5,50,2996.5
5,-1004,49,2996,-1003.5,50,2996.5
5,-1003,49,2996,-1002.5,50,2996.5
5,-1002,49,2996,-1001.5,50,2996.5
5,-1001,49,2996,-1000.5,50,2996.5
5,-1000,49,2996,-999.5,50,2996.5
5,-999,49,2996,-998.5,50,2996.5
5,-998,49,2996,-997.5,50,2996.5
5,-997,49,2996,-996.5,50,2996.5
5,-996,49,2996,-995.5,50,2996.5
5,-990,49,2996,-989.5,50,2996.5
5,-989,49,2996,-988.5,50,2996.5
5,-988,49,2996,-987.5,50,2996.5
5,-987,49,2996,-986.5,50,2996.5
5,-986,49,2996,-985.5,50,2996.5
5,-985,49,2996,-984.5,50,2996.5
5,-1020,49,2997,-1019.5,50,2997.5
5,-1019,49,2997,-1018.5,50,2997.5
5,-1018,49,2997,-1017.5,50,2997.5
5,-1017,49,2997,-1016.5,50,2997.5
5,-1016,49,2997,-1015.5,50,2997.5
5,-1015,49,2997,-1014.5,50,2997.5
5,-1014,49,2997,-1013.5,50,2997.5
5,-1008,49,2997,-1007.5,50,2997.5
5,-1007,49,2997,-1006.5,50,2997.5
5,-1006,49,2997,-1005.5,50,2997.5
5,-1005,49,2997,-1004.5,50,2997.5
5,-1004,49,2997,-1003.5,50,2997.5
5,-1003,49,2997,-1002.5,50,2997.5
5,-1002,49,2997,-1001.5,50,2997.5
5,-1001,49,2997,-1000.5,50,2997.5
5,-1000,49,2997,-999.5,50,2997.5
5,-999,49,2997,-998.5,50,2997.5
5,-998,49,2997,-997.5,50,2997.5
5,-997,49,2997,-996.5,50,2997.5
5,-996,49,2997,-995.5,50,2997.5
5,-990,49,2997,-989.5,50,2997.5
5,-989,49,2997,-988.5,50,2997.5
5,-988,49,2997,-987.5,50,2997.5
5,-987,49,2997,-986.5,50,2997.5
5,-986,49,2997,-985.5,50,2997.5
5,-985,49,2997,-984.5,50,2997.5
5,-984,49,2997,-983.5,50,2997.5
5,-1020,49,2998,-1019.5,50,2998.5
5,-1019,49,2998,-1018.5,50,2998.5
5,-1018,49,2998,-1017.5,50,2998.5
5,-1017,49,2998,-1016.5,50,2998.5
5,-1016,49,2998,-1015.5,50,2998.5
5,-1015,49,2998,-1014.5,50,2998.5
5,-1014,49,2998,-1013.5,50,2998.5
5,-1008,49,2998,-1007.5,50,2998.5
5,-1007,49,2998,-1006.5,50,2998.5
5,-1006,49,2998,-1005.5,50,2998.5
5,-1005,49,2998,-1004.5,50,2998.5
5,-1004,49,2998,-1003.5,50,2998.5
5,-1003,49,2998,-1002.5,50,2998.5
5,-1002,49,2998,-1001.5,50,2998.5
5,-1001,49,2998,-1000.5,50,2998.5
5,-1000,49,2998,-999.5,50,2998.5
5,-999,49,2998,-998.5,50,2998.5
5,-998,49,2998,-997.5,50,2998.5
5,-997,49,2998,-996.5,50,2998.5
5,-996,49,2998,-995.5,50,2998.5
5,-990,49,2998,-989.5,50,2998.5
5,-989,49,2998,-988.5,50,2998.5
5,-988,49,2998,-987.5,50,2998.5
5,-987,49,2998,-986.5,50,2998.5
5,-986,49,2998,-985.5,50,2998.5
5,-985,49,2998,-984.5,50,2998.5
5,-984,49,2998,-983.5,50,2998.5
5,-1021,49,2999,-1020.5,50,2999.5
5,-1020,49,2999,-1019.5,50,2999.5
5,-1019,49,2999,-1018.5,50,2999.5
5,-1018,49,2999,-1017.5,50,2999.5
5,-1017,49,2999,-1016.5,50,2999.5
5,-1016,49,2999,-1015.5,50,2999.5
5,-1015,49,2999,-1014.5,50,2999.5
5,-1014,49,2999,-1013.5,50,2999.5
5,-1008,49,2999,-1007.5,50,2999.5
5,-1007,49,2999,-1006.5,50,2999.5
5,-1006,49,2999,-1005.5,50,2999.5
5,-1005,49,2999,-1004.5,50,2999.5
5,-1004,49,2999,-1003.5,50,2999.5
5,-1003,49,2999,-1002.5,50,2999.5
5,-1002,49,2999,-1001.5,50,2999.5
5,-1001,49,2999,-1000.5,50,2999.5
5,-1000,49,2999,-999.5,50,2999.5
5,-999,49,2999,-998.5,50,2999.5
5,-998,49,2999,-997.5,50,2999.5
5,-997,49,2999,-996.5,50,2999.5
5,-996,49,2999,-995.5,50,2999.5
5,-990,49,2999,-989.5,50,2999.5
5,-989,49,2999,-988.5,50,2999.5
5,-988,49,2999,-987.5,50,2999.5
5,-987,49,2999,-986.5,50,2999.5
5,-986,49,2999,-985.5,50,2999.5
5,-985,49,2999,-984.5,50,2999.5
5,-984,49,2999,-983.5,50,2999.5
5,-983,49,2999,-982.5,50,2999.5
5,-1021,49,3000,-1020.5,50,3000.5
5,-1020,49,3000,-1019.5,50,3000.5
5,-1019,49,3000,-1018.5,50,3000.5
5,-1018,49,3000,-1017.5,50,3000.5
5,-1017,49,3000,-1016.5,50,3000.5
5,-1016,49,3000,-1015.5,50,3000.5
5,-1015,49,3000,-1014.5,50,3000.5
5,-1014,49,3000,-1013.5,50,3000.5
5,-1013,49,3000,-1012.5,50,3000.5
5,-1012,49,3000,-1011.5,50,3000.5
5,-1011,49,3000,-1010.5,50,3000.5
5,-1010,49,3000,-1009.5,50,3000.5
5,-1009,49,3000,-1008.5,50,3000.5
5,-1008,49,3000,-1007.5,50,3000.5
5,-1007,49,3000,-1006.5,50,3000.5
5,-1006,49,3000,-1005.5,50,3000.5
5,-1005,49,3000,-1004.5,50,3000.5
5,-1004,49,3000,-1003.5,50,3000.5
5,-1003,49,3000,-1002.5,50,3000.5
5,-1002,49,3000,-1001.5,50,3000.5
5,-1001,49,3000,-1000.5,50,3000.5
5,-1000,49,3000,-999.5,50,3000.5
5,-999,49,3000,-998.5,50,3000.5
5,-998,49,3000,-997.5,50,3000.5
5,-997,49,3000,-996.5,50,3000.5
5,-996,49,3000,-995.5,50,3000.5
5,-995,49,3000,-994.5,50,3000.5
5,-994,49,3000,-993.5,50,3000.5
5,-993,49,3000,-992.5,50,3000.5
5,-992,49,3000,-991.5,50,3000.5
5,-991,49,3000,-990.5,50,3000.5
5,-990,49,3000,-989.5,50,3000.5
5,-989,49,3000,-988.5,50,3000.5
5,-988,49,3000,-987.5,50,3000.5
5,-987,49,3000,-986.5,50,3000.5
5,-986,49,3000,-985.5,50,3000.5
5,-985,49,3000,-984.5,50,3000.5
5,-984,49,3000,-983.5,50,3000.5
5,-983,49,3000,-982.5,50,3000.5
5,-1021,49,3001,-1020.5,50,3001.5
5,-1020,49,3001,-1019.5,50,3001.5
5,-1019,49,3001,-1018.5,50,3001.5
5,-1018,49,3001,-1017.5,50,3001.5
5,-1017,49,3001,-1016.5,50,3001.5
5,-1016,49,3001,-1015.5,50,3001.5
5,-1015,49,3001,-1014.5,50,3001.5
5,-1014,49,3001,-1013.5,50,3001.5
5,-1013,49,3001,-1012.5,50,3001.5
5,-1012,49,3001,-1011.5,50,3001.5
5,-1011,49,3001,-1010.5,50,3001.5
5,-1010,49,3001,-1009.5,50,3001.5
5,-1009,49,3001,-1008.5,50,3001.5
5,-1008,49,3001,-1007.5,50,3001.5
5,-1007,49,3001,-1006.5,50,3001.5
5,-1006,49,3001,-1005.5,50,3001.5
5,-1005,49,3001,-1004.5,50,3001.5
5,-1004,49,3001,-1003.5,50,3001.5
5,-1003,49,3001,-1002.5,50,3001.5
5,-1002,49,3001,-1001.5,50,3001.5
5,-1001,49,3001,-1000.5,50,3001.5
5,-1000,49,3001,-999.5,50,3001.5
5,-999,49,3001,-998.5,50,3001.5
5,-998,49,3001,-997.5,50,3001.5
5,-997,49,3001,-996.5,50,3001.5
5,-996,49,3001,-995.5,50,3001.5
5,-995,49,3001,-994.5,50,3001.5
5,-994,49,3001,-993.5,50,3001.5
5,-993,49,3001,-992.5,50,3001.5
5,-992,49,3001,-991.5,50,3001.5
5,-991,49,3001,-990.5,50,3001.5
5,-990,49,3001,-989.5,50,3001.5
5,-989,49,3001,-988.5,50,3001.5
5,-988,49,3001,-987.5,50,3001.5
5,-987,49,3001,-986.5,50,3001.5
5,-986,49,3001,-985.5,50,3001.5
5,-985,49,3001,-984.5,50,3001.5
5,-984,49,3001,-983.5,50,3001.5
5,-983,49,3001,-982.5,50,3001.5
5,-1022,49,3002,-1021.5,50,3002.5
5,-1021,49,3002,-1020.5,50,3002.5
5,-1020,49,3002,-1019.5,50,3002.5
5,-1019,49,3002,-1018.5,50,3002.5
5,-1018,49,3002,-1017.5,50,3002.5
5,-1017,49,3002,-1016.5,50,3002.5
5,-1016,49,3002,-1015.5,50,3002.5
5,-1015,49,3002,-1014.5,50,3002.5
5,-1014,49,3002,-1013.5,50,3002.5
5,-1013,49,3002,-1012.5,50,3002.5
5,-1012,49,3002,-1011.5,50,3002.5
5,-1011,49,3002,-1010.5,50,3002.5
5,-1010,49,3002,-1009.5,50,3002.5
5,-1009,49,3002,-1008.5,50,3002.5
5,-1008,49,3002,-1007.5,50,3002.5
5,-1007,49,3002,-1006.5,50,3002.5
5,-1006,49,3002,-1005.5,50,3002.5
5,-1005,49,3002,-1004.5,50,3002.5
5,-1004,49,3002,-1003.5,50,3002.5
5,-1003,49,3002,-1002.5,50,3002.5
5,-1002,49,3002,-1001.5,50,3002.5
5,-1001,49,3002,-1000.5,50,3002.5
5,-1000,49,3002,-999.5,50,3002.5
5,-999,49,3002,-998.5,50,3002.5
5,-998,49,3002,-997.5,50,3002.5
5,-997,49,3002,-996.5,50,3002.5
5,-996,49,3002,-995.5,50,3002.5
5,-995,49,3002,-994.5,50,3002.5
5,-994,49,3002,-993.5,50,3002.5
5,-993,49,3002,-992.5,50,3002.5
5,-992,49,3002,-991.5,50,3002.5
5,-991,49,3002,-990.5,50,3002.5
5,-990,49,3002,-989.5,50,3002.5
5,-989,49,3002,-988.5,50,3002.5
5,-988,49,3002,-987.5,50,3002.5
5,-987,49,3002,-986.5,50,3002.5
5,-986,49,3002,-985.5,50,3002.5
5,-985,49,3002,-984.5,50,3002.5
5,-984,49,3002,-983.5,50,3002.5
5,-983,49,3002,-982.5,50,3002.5
5,-982,49,3002,-981.5,50,3002.5
5,-1022,49,3003,-1021.5,50,3003.5
5,-1021,49,3003,-1020.5,50,3003.5
5,-1020,49,3003,-1019.5,50,3003.5
5,-1019,49,3003,-1018.5,50,3003.5
5,-1018,49,3003,-1017.5,50,3003.5
5,-1017,49,3003,-1016.5,50,3003.5
5,-1016,49,3003,-1015.5,50,3003.5
5,-1015,49,3003,-1014.5,50,3003.5
5,-1014,49,3003,-1013.5,50,3003.5
5,-1013,49,3003,-1012.5,50,3003.5
5,-1012,49,3003,-1011.5,50,3003.5
5,-1011,49,3003,-1010.5,50,3003.5
5,-1010,49,3003,-1009.5,50,3003.5
5,-1009,49,3003,-1008.5,50,3003.5
5,-1008,49,3003,-1007.5,50,3003.5
5,-1007,49,3003,-1006.5,50,3003.5
5,-1006,49,3003,-1005.5,50,3003.5
5,-1005,49,3003,-1004.5,50,3003.5
5,-1004,49,3003,-1003.5,50,3003.5
5,-1003,49,3003,-1002.5,50,3003.5
5,-1002,49,3003,-1001.5,50,3003.5
5,-1001,49,3003,-1000.5,50,3003.5
5,-1000,49,3003,-999.5,50,3003.5
5,-999,49,3003,-998.5,50,3003.5
5,-998,49,3003,-997.5,50,3003.5
5,-997,49,3003,-996.5,50,3003.5
5,-996,49,3003,-995.5,50,3003.5
5,-995,49,3003,-994.5,50,3003.5
5,-994,49,3003,-993.5,50,3003.5
5,-993,49,3003,-992.5,50,3003.5
5,-992,49,3003,-991.5,50,3003.5
5,-991,49,3003,-990.5,50,3003.5
5,-990,49,3003,-989.5,50,3003.5
5,-989,49,3003,-988.5,50,3003.5
5,-988,49,3003,-987.5,50,3003.5
5,-987,49,3003,-986.5,50,3003.5
5,-986,49,3003,-985.5,50,3003.5
5,-985,49,3003,-984.5,50,3003.5
5,-984,49,3003,-983.5,50,3003.5
5,-983,49,3003,-982.5,50,3003.5
5,-982,49,3003,-981.5,50,3003.5
5,-1023,49,3004,-1022.5,50,3004.5
5,-1022,49,3004,-1021.5,50,3004.5
5,-1021,49,3004,-1020.5,50,3004.5
5,-1020,49,3004,-1019.5,50,3004.5
5,-1019,49,3004,-1018.5,50,3004.5
5,-1018,49,3004,-1017.5,50,3004.5
5,-1017,49,3004,-1016.5,50,3004.5
5,-1016,49,3004,-1015.5,50,3004.5
5,-1015,49,3004,-1014.5,50,3004.5
5,-1014,49,3004,-1013.5,50,3004.5
5,-1013,49,3004,-1012.5,50,3004.5
5,-1012,49,3004,-1011.5,50,3004.5
5,-1011,49,3004,-1010.5,50,3004.5
5,-1010,49,3004,-1009.5,50,3004.5
5,-1009,49,3004,-1008.5,50,3004.5
5,-1008,49,3004,-1007.5,50,3004.5
5,-1007,49,3004,-1006.5,50,3004.5
5,-1006,49,3004,-1005.5,50,3004.5
5,-1005,49,3004,-1004.5,50,3004.5
5,-1004,49,3004,-1003.5,50,3004.5
5,-1003,49,3004,-1002.5,50,3004.5
5,-1002,49,3004,-1001.5,50,3004.5
5,-1001,49,3004,-1000.5,50,3004.5
5,-1000,49,3004,-999.5,50,3004.5
5,-999,49,3004,-998.5,50,3004.5
5,-998,49,3004,-997.5,50,3004.5
5,-997,49,3004,-996.5,50,3004.5
5,-996,49,3004,-995.5,50,3004.5
5,-995,49,3004,-994.5,50,3004.5
5,-994,49,3004,-993.5,50,3004.5
5,-993,49,3004,-992.5,50,3004.5
5,-992,49,3004,-991.5,50,3004.5
5,-991,49,3004,-990.5,50,3004.5
5,-990,49,3004,-989.5,50,3004.5
5,-989,49,3004,-988.5,50,3004.5
5,-988,49,3004,-987.5,50,3004.5
5,-987,49,3004,-986.5,50,3004.5
5,-986,49,3004,-985.5,50,3004.5
5,-985,49,3004,-984.5,50,3004.5
5,-984,49,3004,-983.5,50,3004.5
5,-983,49,3004,-982.5,50,3004.5
5,-982,49,3004,-981.5,50,3004.5
5,-981,49,3004,-980.5,50,3004.5
5,-1023,49,3005,-1022.5,50,3005.5
5,-1022,49,3005,-1021.5,50,3005.5
5,-1021,49,3005,-1020.5,50,3005.5
5,-1020,49,3005,-1019.5,50,3005.5
5,-1019,49,3005,-1018.5,50,3005.5
5,-1018,49,3005,-1017.5,50,3005.5
5,-1017,49,3005,-1016.5,50,3005.5
5,-1016,49,3005,-1015.5,50,3005.5
5,-1015,49,3005,-1014.5,50,3005.5
5,-1014,49,3005,-1013.5,50,3005.5
5,-1013,49,3005,-1012.5,50,3005.5
5,-1012,49,3005,-1011.5,50,3005.5
5,-1011,49,3005,-1010.5,50,3005.5
5,-1010,49,3005,-1009.5,50,3005.5
5,-1009,49,3005,-1008.5,50,3005.5
5,-1008,49,3005,-1007.5,50,3005.5
5,-1007,49,3005,-1006.5,50,3005.5
5,-1006,49,3005,-1005.5,50,3005.5
5,-1005,49,3005,-1004.5,50,3005.5
5,-1004,49,3005,-1003.5,50,3005.5
5,-1003,49,3005,-1002.5,50,3005.5
5,-1002,49,3005,-1001.5,50,3005.5
5,-1001,49,3005,-1000.5,50,3005.5
5,-1000,49,3005,-999.5,50,3005.5
5,-999,49,3005,-998.5,50,3005.5
5,-998,49,3005,-997.5,50,3005.5
5,-997,49,3005,-996.5,50,3005.5
5,-996,49,3005,-995.5,50,3005.5
5,-995,49,3005,-994.5,50,3005.5
5,-994,49,3005,-993.5,50,3005.5
5,-993,49,3005,-992.5,50,3005.5
5,-992,49,3005,-991.5,50,3005.5
5,-991,49,3005,-990.5,50,3005.5
5,-990,49,3005,-989.5,50,3005.5
5,-989,49,3005,-988.5,50,3005.5
5,-988,49,3005,-987.5,50,3005.5
5,-987,49,3005,-986.5,50,3005.5
5,-986,49,3005,-985.5,50,3005.5
5,-985,49,3005,-984.5,50,3005.5
5,-984,49,3005,-983.5,50,3005.5
5,-983,49,3005,-982.5,50,3005.5
5,-982,49,3005,-981.5,50,3005.5
5,-981,49,3005,-980.5,50,3005.5
5,-1024,49,3006,-1023.5,50,3006.5
5,-1023,49,3006,-1022.5,50,3006.5
5,-1022,49,3006,-1021.5,50,3006.5
5,-1021,49,3006,-1020.5,50,3006.5
5,-1020,49,3006,-1019.5,50,3006.5
5,-1019,49,3006,-1018.5,50,3006.5
5,-1018,49,3006,-1017.5,50,3006.5
5,-1017,49,3006,-1016.5,50,3006.5
5,-1016,49,3006,-1015.5,50,3006.5
5,-1015,49,3006,-1014.5,50,3006.5
5,-1014,49,3006,-1013.5,50,3006.5
5,-1013,49,3006,-1012.5,50,3006.5
5,-1012,49,3006,-1011.5,50,3006.5
5,-1011,49,3006,-1010.5,50,3006.5
5,-1010,49,3006,-1009.5,50,3006.5
5,-1009,49,3006,-1008.5,50,3006.5
5,-1008,49,3006,-1007.5,50,3006.5
5,-1007,49,3006,-1006.5,50,3006.5
5,-1006,49,3006,-1005.5,50,3006.5
5,-1005,49,3006,-1004.5,50,3006.5
5,-1004,49,3006,-1003.5,50,3006.5
5,-1003,49,3006,-1002.5,50,3006.5
5,-1002,49,3006,-1001.5,50,3006.5
5,-1001,49,3006,-1000.5,50,3006.5
5,-1000,49,3006,-999.5,50,3006.5
5,-999,49,3006,-998.5,50,3006.5
5,-998,49,3006,-997.5,50,3006.5
5,-997,49,3006,-996.5,50,3006.5
5,-996,49,3006,-995.5,50,3006.5
5,-995,49,3006,-994.5,50,3006.5
5,-994,49,3006,-993.5,50,3006.5
5,-993,49,3006,-992.5,50,3006.5
5,-992,49,3006,-991.5,50,3006.5
5,-991,49,3006,-990.5,50,3006.5
5,-990,49,3006,-989.5,50,3006.5
5,-989,49,3006,-988.5,50,3006.5
5,-988,49,3006,-987.5,50,3006.5
5,-987,49,3006,-986.5,50,3006.5
5,-986,49,3006,-985.5,50,3006.5
5,-985,49,3006,-984.5,50,3006.5
5,-984,49,3006,-983.5,50,3006.5
5,-983,49,3006,-982.5,50,3006.5
5,-982,49,3006,-981.5,50,3006.5
5,-981,49,3006,-980.5,50,3006.5
5,-980,49,3006,-979.5,50,3006.5
5,-1023,49,3007,-1022.5,50,3007.5
5,-1022,49,3007,-1021.5,50,3007.5
5,-1021,49,3007,-1020.5,50,3007.5
5,-1020,49,3007,-1019.5,50,3007.5
5,-1019,49,3007,-1018.5,50,3007.5
5,-1018,49,3007,-1017.5,50,3007.5
5,-1017,49,3007,-1016.5,50,3007.5
5,-1016,49,3007,-1015.5,50,3007.5
5,-1015,49,3007,-1014.5,50,3007.5
5,-1014,49,3007,-1013.5,50,3007.5
5,-1013,49,3007,-1012.5,50,3007.5
5,-1012,49,3007,-1011.5,50,3007.5
5,-1011,49,3007,-1010.5,50,3007.5
5,-1010,49,3007,-1009.5,50,3007.5
5,-1009,49,3007,-1008.5,50,3007.5
5,-1008,49,3007,-1007.5,50,3007.5
5,-1007,49,3007,-1006.5,50,3007.5
5,-1006,49,3007,-1005.5,50,3007.5
5,-1005,49,3007,-1004.5,50,3007.5
5,-1004,49,3007,-1003.5,50,3007.5
5,-1003,49,3007,-1002.5,50,3007.5
5,-1002,49,3007,-1001.5,50,3007.5
5,-1001,49,3007,-1000.5,50,3007.5
5,-1000,49,3007,-999.5,50,3007.5
5,-999,49,3007,-998.5,50,3007.5
5,-998,49,3007,-997.5,50,3007.5
5,-997,49,3007,-996.5,50,3007.5
5,-996,49,3007,-995.5,50,3007.5
5,-995,49,3007,-994.5,50,3007.5
5,-994,49,3007,-993.5,50,3007.5
5,-993,49,3007,-992.5,50,3007.5
5,-992,49,3007,-991.5,50,3007.5
5,-991,49,3007,-990.5,50,3007.5
5,-990,49,3007,-989.5,50,3007.5
5,-989,49,3007,-988.5,50,3007.5
5,-988,49,3007,-987.5,50,3007.5
5,-987,49,3007,-986.5,50,3007.5
5,-986,49,3007,-985.5,50,3007.5
5,-985,49,3007,-984.5,50,3007.5
5,-984,49,3007,-983.5,50,3007.5
5,-983,49,3007,-982.5,50,3007.5
5,-982,49,3007,-981.5,50,3007.5
5,-981,49,3007,-980.5,50,3007.5
5,-1023,49,3008,-1022.5,50,3008.5
5,-1022,49,3008,-1021.5,50,3008.5
5,-1021,49,3008,-1020.5,50,3008.5
5,-1020,49,3008,-1019.5,50,3008.5
5,-1019,49,3008,-1018.5,50,3008.5
5,-1018,49,3008,-1017.5,50,3008.5
5,-1017,49,3008,-1016.5,50,3008.5
5,-1016,49,3008,-1015.5,50,3008.5
5,-1015,49,3008,-1014.5,50,3008.5
5,-1014,49,3008,-1013.5,50,3008.5
5,-1013,49,3008,-1012.5,50,3008.5
5,-1012,49,3008,-1011.5,50,3008.5
5,-1011,49,3008,-1010.5,50,3008.5
5,-1010,49,3008,-1009.5,50,3008.5
5,-1009,49,3008,-1008.5,50,3008.5
5,-1008,49,3008,-1007.5,50,3008.5
5,-1007,49,3008,-1006.5,50,3008.5
5,-1006,49,3008,-1005.5,50,3008.5
5,-1005,49,3008,-1004.5,50,3008.5
5,-1004,49,3008,-1003.5,50,3008.5
5,-1003,49,3008,-1002.5,50,3008.5
5,-1002,49,3008,-1001.5,50,3008.5
5,-1001,49,3008,-1000.5,50,3008.5
5,-1000,49,3008,-999.5,50,3008.5
5,-999,49,3008,-998.5,50,3008.5
5,-998,49,3008,-997.5,50,3008.5
5,-997,49,3008,-996.5,50,3008.5
5,-996,49,3008,-995.5,50,3008.5
5,-995,49,3008,-994.5,50,3008.5
5,-994,49,3008,-993.5,50,3008.5
5,-993,49,3008,-992.5,50,3008.5
5,-992,49,3008,-991.5,50,3008.5
5,-991,49,3008,-990.5,50,3008.5
5,-990,49,3008,-989.5,50,3008.5
5,-989,49,3008,-988.5,50,3008.5
5,-988,49,3008,-987.5,50,3008.5
5,-987,49,3008,-986.5,50,3008.5
5,-986,49,3008,-985.5,50,3008.5
5,-985,49,3008,-984.5,50,3008.5
5,-984,49,3008,-983.5,50,3008.5
5,-983,49,3008,-982.5,50,3008.5
5,-982,49,3008,-981.5,50,3008.5
5,-981,49,3008,-980.5,50,3008.5
5,-1022,49,3009,-1021.5,50,3009.5
5,-1021,49,3009,-1020.5,50,3009.5
5,-1020,49,3009,-1019.5,50,3009.5
5,-1019,49,3009,-1018.5,50,3009.5
5,-1018,49,3009,-1017.5,50,3009.5
5,-1017,49,3009,-1016.5,50,3009.5
5,-1016,49,3009,-1015.5,50,3009.5
5,-1015,49,3009,-1014.5,50,3009.5
5,-1014,49,3009,-1013.5,50,3009.5
5,-1013,49,3009,-1012.5,50,3009.5
5,-1012,49,3009,-1011.5,50,3009.5
5,-1011,49,3009,-1010.5,50,3009.5
5,-1010,49,3009,-1009.5,50,3009.5
5,-1009,49,3009,-1008.5,50,3009.5
5,-1008,49,3009,-1007.5,50,3009.5
5,-1007,49,3009,-1006.5,50,3009.5
5,-1006,49,3009,-1005.5,50,3009.5
5,-1005,49,3009,-1004.5,50,3009.5
5,-1004,49,3009,-1003.5,50,3009.5
5,-1003,49,3009,-1002.5,50,3009.5
5,-1002,49,3009,-1001.5,50,3009.5
5,-1001,49,3009,-1000.5,50,3009.5
5,-1000,49,3009,-999.5,50,3009.5
5,-999,49,3009,-998.5,50,3009.5
5,-998,49,3009,-997.5,50,3009.5
5,-997,49,3009,-996.5,50,3009.5
5,-996,49,3009,-995.5,50,3009.5
5,-995,49,3009,-994.5,50,3009.5
5,-994,49,3009,-993.5,50,3009.5
5,-993,49,3009,-992.5,50,3009.5
5,-992,49,3009,-991.5,50,3009.5
5,-991,49,3009,-990.5,50,3009.5
5,-990,49,3009,-989.5,50,3009.5
5,-989,49,3009,-988.5,50,3009.5
5,-988,49,3009,-987.5,50,3009.5
5,-987,49,3009,-986.5,50,3009.5
5,-986,49,3009,-985.5,50,3009.5
5,-985,49,3009,-984.5,50,3009.5
5,-984,49,3009,-983.5,50,3009.5
5,-983,49,3009,-982.5,50,3009.5
5,-982,49,3009,-981.5,50,3009.5
5,-1022,49,3010,-1021.5,50,3010.5
5,-1021,49,3010,-1020.5,50,3010.5
5,-1020,49,3010,-1019.5,50,3010.5
5,-1019,49,3010,-1018.5,50,3010.5
5,-1018,49,3010,-1017.5,50,3010.5
5,-1017,49,3010,-1016.5,50,3010.5
5,-1016,49,3010,-1015.5,50,3010.5
5,-1015,49,3010,-1014.5,50,3010.5
5,-1014,49,3010,-1013.5,50,3010.5
5,-1013,49,3010,-1012.5,50,3010.5
5,-1012,49,3010,-1011.5,50,3010.5
5,-1011,49,3010,-1010.5,50,3010.5
5,-1010,49,3010,-1009.5,50,3010.5
5,-1009,49,3010,-1008.5,50,3010.5
5,-1008,49,3010,-1007.5,50,3010.5
5,-1007,49,3010,-1006.5,50,3010.5
5,-1006,49,3010,-1005.5,50,3010.5
5,-1005,49,3010,-1004.5,50,3010.5
5,-1004,49,3010,-1003.5,50,3010.5
5,-1003,49,3010,-1002.5,50,3010.5
5,-1002,49,3010,-1001.5,50,3010.5
5,-1001,49,3010,-1000.5,50,3010.5
5,-1000,49,3010,-999.5,50,3010.5
5,-999,49,3010,-998.5,50,3010.5
5,-998,49,3010,-997.5,50,3010.5
5,-997,49,3010,-996.5,50,3010.5
5,-996,49,3010,-995.5,50,3010.5
5,-995,49,3010,-994.5,50,3010.5
5,-994,49,3010,-993.5,50,3010.5
5,-993,49,3010,-992.5,50,3010.5
5,-992,49,3010,-991.5,50,3010.5
5,-991,49,3010,-990.5,50,3010.5
5,-990,49,3010,-989.5,50,3010.5
5,-989,49,3010,-988.5,50,3010.5
5,-988,49,3010,-987.5,50,3010.5
5,-987,49,3010,-986.5,50,3010.5
5,-986,49,3010,-985.5,50,3010.5
5,-985,49,3010,-984.5,50,3010.5
5,-984,49,3010,-983.5,50,3010.5
5,-983,49,3010,-982.5,50,3010.5
5,-982,49,3010,-981.5,50,3010.5
5,-1021,49,3011,-1020.5,50,3011.5
5,-1020,49,3011,-1019.5,50,3011.5
5,-1019,49,3011,-1018.5,50,3011.5
5,-1018,49,3011,-1017.5,50,3011.5
5,-1017,49,3011,-1016.5,50,3011.5
5,-1016,49,3011,-1015.5,50,3011.5
5,-1015,49,3011,-1014.5,50,3011.5
5,-1014,49,3011,-1013.5,50,3011.5
5,-1013,49,3011,-1012.5,50,3011.5
5,-1012,49,3011,-1011.5,50,3011.5
5,-1011,49,3011,-1010.5,50,3011.5
5,-1010,49,3011,-1009.5,50,3011.5
5,-1009,49,3011,-1008.5,50,3011.5
5,-1008,49,3011,-1007.5,50,3011.5
5,-1007,49,3011,-1006.5,50,3011.5
5,-1006,49,3011,-1005.5,50,3011.5
5,-1005,49,3011,-1004.5,50,3011.5
5,-1004,49,3011,-1003.5,50,3011.5
5,-1003,49,3011,-1002.5,50,3011.5
5,-1002,49,3011,-1001.5,50,3011.5
5,-1001,49,3011,-1000.5,50,3011.5
5,-1000,49,3011,-999.5,50,3011.5
5,-999,49,3011,-998.5,50,3011.5
5,-998,49,3011,-997.5,50,3011.5
5,-997,49,3011,-996.5,50,3011.5
5,-996,49,3011,-995.5,50,3011.5
5,-995,49,3011,-994.5,50,3011.5
5,-994,49,3011,-993.5,50,3011.5
5,-993,49,3011,-992.5,50,3011.5
5,-992,49,3011,-991.5,50,3011.5
5,-991,49,3011,-990.5,50,3011.5
5,-990,49,3011,-989.5,50,3011.5
5,-989,49,3011,-988.5,50,3011.5
5,-988,49,3011,-987.5,50,3011.5
5,-987,49,3011,-986.5,50,3011.5
5,-986,49,3011,-985.5,50,3011.5
5,-985,49,3011,-984.5,50,3011.5
5,-984,49,3011,-983.5,50,3011.5
5,-983,49,3011,-982.5,50,3011.5
5,-1021,49,3012,-1020.5,50,3012.5
5,-1020,49,3012,-1019.5,50,3012.5
5,-1019,49,3012,-1018.5,50,3012.5
5,-1018,49,3012,-1017.5,50,3012.5
5,-1017,49,3012,-1016.5,50,3012.5
5,-1016,49,3012,-1015.5,50,3012.5
5,-1015,49,3012,-1014.5,50,3012.5
5,-1014,49,3012,-1013.5,50,3012.5
5,-1013,49,3012,-1012.5,50,3012.5
5,-1012,49,3012,-1011.5,50,3012.5
5,-1011,49,3012,-1010.5,50,3012.5
5,-1010,49,3012,-1009.5,50,3012.5
5,-1009,49,3012,-1008.5,50,3012.5
5,-1008,49,3012,-1007.5,50,3012.5
5,-1007,49,3012,-1006.5,50,3012.5
5,-1006,49,3012,-1005.5,50,3012.5
5,-1005,49,3012,-1004.5,50,3012.5
5,-1004,49,3012,-1003.5,50,3012.5
5,-1003,49,3012,-1002.5,50,3012.5
5,-1002,49,3012,-1001.5,50,3012.5
5,-1001,49,3012,-1000.5,50,3012.5
5,-1000,49,3012,-999.5,50,3012.5
5,-999,49,3012,-998.5,50,3012.5
5,-998,49,3012,-997.5,50,3012.5
5,-997,49,3012,-996.5,50,3012.5
5,-996,49,3012,-995.5,50,3012.5
5,-995,49,3012,-994.5,50,3012.5
5,-994,49,3012,-993.5,50,3012.5
5,-993,49,3012,-992.5,50,3012.5
5,-992,49,3012,-991.5,50,3012.5
5,-991,49,3012,-990.5,50,3012.5
5,-990,49,3012,-989.5,50,3012.5
5,-989,49,3012,-988.5,50,3012.5
5,-988,49,3012,-987.5,50,3012.5
5,-987,49,3012,-986.5,50,3012.5
5,-986,49,3012,-985.5,50,3012.5
5,-985,49,3012,-984.5,50,3012.5
5,-984,49,3012,-983.5,50,3012.5
5,-983,49,3012,-982.5,50,3012.5
5,-1021,49,3013,-1020.5,50,3013.5
5,-1020,49,3013,-1019.5,50,3013.5
5,-1019,49,3013,-1018.5,50,3013.5
5,-1018,49,3013,-1017.5,50,3013.5
5,-1017,49,3013,-1016.5,50,3013.5
5,-1016,49,3013,-1015.5,50,3013.5
5,-1015,49,3013,-1014.5,50,3013.5
5,-1014,49,3013,-1013.5,50,3013.5
5,-1008,49,3013,-1007.5,50,3013.5
5,-1007,49,3013,-1006.5,50,3013.5
5,-1006,49,3013,-1005.5,50,3013.5
5,-1005,49,3013,-1004.5,50,3013.5
5,-1004,49,3013,-1003.5,50,3013.5
5,-1003,49,3013,-1002.5,50,3013.5
5,-1002,49,3013,-1001.5,50,3013.5
5,-1001,49,3013,-1000.5,50,3013.5
5,-1000,49,3013,-999.5,50,3013.5
5,-999,49,3013,-998.5,50,3013.5
5,-998,49,3013,-997.5,50,3013.5
5,-997,49,3013,-996.5,50,3013.5
5,-996,49,3013,-995.5,50,3013.5
5,-990,49,3013,-989.5,50,3013.5
5,-989,49,3013,-988.5,50,3013.5
5,-988,49,3013,-987.5,50,3013.5
5,-987,49,3013,-986.5,50,3013.5
5,-986,49,3013,-985.5,50,3013.5
5,-985,49,3013,-984.5,50,3013.5
5,-984,49,3013,-983.5,50,3013.5
5,-983,49,3013,-982.5,50,3013.5
5,-1020,49,3014,-1019.5,50,3014.5
5,-1019,49,3014,-1018.5,50,3014.5
5,-1018,49,3014,-1017.5,50,3014.5
5,-1017,49,3014,-1016.5,50,3014.5
5,-1016,49,3014,-1015.5,50,3014.5
5,-1015,49,3014,-1014.5,50,3014.5
5,-1014,49,3014,-1013.5,50,3014.5
5,-1008,49,3014,-1007.5,50,3014.5
5,-1007,49,3014,-1006.5,50,3014.5
5,-1006,49,3014,-1005.5,50,3014.5
5,-1005,49,3014,-1004.5,50,3014.5
5,-1004,49,3014,-1003.5,50,3014.5
5,-1003,49,3014,-1002.5,50,3014.5
5,-1002,49,3014,-1001.5,50,3014.5
5,-1001,49,3014,-1000.5,50,3014.5
5,-1000,49,3014,-999.5,50,3014.5
5,-999,49,3014,-998.5,50,3014.5
5,-998,49,3014,-997.5,50,3014.5
5,-997,49,3014,-996.5,50,3014.5
5,-996,49,3014,-995.5,50,3014.5
5,-990,49,3014,-989.5,50,3014.5
5,-989,49,3014,-988.5,50,3014.5
5,-988,49,3014,-987.5,50,3014.5
5,-987,49,3014,-986.5,50,3014.5
5,-986,49,3014,-985.5,50,3014.5
5,-985,49,3014,-984.5,50,3014.5
5,-984,49,3014,-983.5,50,3014.5
5,-1020,49,3015,-1019.5,50,3015.5
5,-1019,49,3015,-1018.5,50,3015.5
5,-1018,49,3015,-1017.5,50,3015.5
5,-1017,49,3015,-1016.5,50,3015.5
5,-1016,49,3015,-1015.5,50,3015.5
5,-1015,49,3015,-1014.5,50,3015.5
5,-1014,49,3015,-1013.5,50,3015.5
5,-1008,49,3015,-1007.5,50,3015.5
5,-1007,49,3015,-1006.5,50,3015.5
5,-1006,49,3015,-1005.5,50,3015.5
5,-1005,49,3015,-1004.5,50,3015.5
5,-1004,49,3015,-1003.5,50,3015.5
5,-1003,49,3015,-1002.5,50,3015.5
5,-1002,49,3015,-1001.5,50,3015.5
5,-1001,49,3015,-1000.5,50,3015.5
5,-1000,49,3015,-999.5,50,3015.5
5,-999,49,3015,-998.5,50,3015.5
5,-998,49,3015,-997.5,50,3015.5
5,-997,49,3015,-996.5,50,3015.5
5,-996,49,3015,-995.5,50,3015.5
5,-990,49,3015,-989.5,50,3015.5
5,-989,49,3015,-988.5,50,3015.5
5,-988,49,3015,-987.5,50,3015.5
5,-987,49,3015,-986.5,50,3015.5
5,-986,49,3015,-985.5,50,3015.5
5,-985,49,3015,-984.5,50,3015.5
5,-984,49,3015,-983.5,50,3015.5
5,-1019,49,3016,-1018.5,50,3016.5
5,-1018,49,3016,-1017.5,50,3016.5
5,-1017,49,3016,-1016.5,50,3016.5
5,-1016,49,3016,-1015.5,50,3016.5
5,-1015,49,3016,-1014.5,50,3016.5
5,-1014,49,3016,-1013.5,50,3016.5
5,-1008,49,3016,-1007.5,50,3016.5
5,-1007,49,3016,-1006.5,50,3016.5
5,-1006,49,3016,-1005.5,50,3016.5
5,-1005,49,3016,-1004.5,50,3016.5
5,-1004,49,3016,-1003.5,50,3016.5
5,-1003,49,3016,-1002.5,50,3016.5
5,-1002,49,3016,-1001.5,50,3016.5
5,-1001,49,3016,-1000.5,50,3016.5
5,-1000,49,3016,-999.5,50,3016.5
5,-999,49,3016,-998.5,50,3016.5
5,-998,49,3016,-997.5,50,3016.5
5,-997,49,3016,-996.5,50,3016.5
5,-996,49,3016,-995.5,50,3016.5
5,-990,49,3016,-989.5,50,3016.5
5,-989,49,3016,-988.5,50,3016.5
5,-988,49,3016,-987.5,50,3016.5
5,-987,49,3016,-986.5,50,3016.5
5,-986,49,3016,-985.5,50,3016.5
5,-985,49,3016,-984.5,50,3016.5
5,-1019,49,3017,-1018.5,50,3017.5
5,-1018,49,3017,-1017.5,50,3017.5
5,-1017,49,3017,-1016.5,50,3017.5
5,-1016,49,3017,-1015.5,50,3017.5
5,-1015,49,3017,-1014.5,50,3017.5
5,-1014,49,3017,-1013.5,50,3017.5
5,-1008,49,3017,-1007.5,50,3017.5
5,-1007,49,3017,-1006.5,50,3017.5
5,-1006,49,3017,-1005.5,50,3017.5
5,-1005,49,3017,-1004.5,50,3017.5
5,-1004,49,3017,-1003.5,50,3017.5
5,-1003,49,3017,-1002.5,50,3017.5
5,-1002,49,3017,-1001.5,50,3017.5
5,-1001,49,3017,-1000.5,50,3017.5
5,-1000,49,3017,-999.5,50,3017.5
5,-999,49,3017,-998.5,50,3017.5
5,-998,49,3017,-997.5,50,3017.5
5,-997,49,3017,-996.5,50,3017.5
5,-996,49,3017,-995.5,50,3017.5
5,-990,49,3017,-989.5,50,3017.5
5,-989,49,3017,-988.5,50,3017.5
5,-988,49,3017,-987.5,50,3017.5
5,-987,49,3017,-986.5,50,3017.5
5,-986,49,3017,-985.5,50,3017.5
5,-985,49,3017,-984.5,50,3017.5
5,-1019,49,3018,-1018.5,50,3018.5
5,-1018,49,3018,-1017.5,50,3018.5
5,-1017,49,3018,-1016.5,50,3018.5
5,-1016,49,3018,-1015.5,50,3018.5
5,-1015,49,3018,-1014.5,50,3018.5
5,-1014,49,3018,-1013.5,50,3018.5
5,-1013,49,3018,-1012.5,50,3018.5
5,-1012,49,3018,-1011.5,50,3018.5
5,-1011,49,3018,-1010.5,50,3018.5
5,-1010,49,3018,-1009.5,50,3018.5
5,-1009,49,3018,-1008.5,50,3018.5
5,-1008,49,3018,-1007.5,50,3018.5
5,-1007,49,3018,-1006.5,50,3018.5
5,-1006,49,3018,-1005.5,50,3018.5
5,-1005,49,3018,-1004.5,50,3018.5
5,-1004,49,3018,-1003.5,50,3018.5
5,-1003,49,3018,-1002.5,50,3018.5
5,-1002,49,3018,-1001.5,50,3018.5
5,-1001,49,3018,-1000.5,50,3018.5
5,-1000,49,3018,-999.5,50,3018.5
5,-999,49,3018,-998.5,50,3018.5
5,-998,49,3018,-997.5,50,3018.5
5,-997,49,3018,-996.5,50,3018.5
5,-996,49,3018,-995.5,50,3018.5
5,-995,49,3018,-994.5,50,3018.5
5,-994,49,3018,-993.5,50,3018.5
5,-993,49,3018,-992.5,50,3018.5
5,-992,49,3018,-991.5,50,3018.5
5,-991,49,3018,-990.5,50,3018.5
5,-990,49,3018,-989.5,50,3018.5
5,-989,49,3018,-988.5,50,3018.5
5,-988,49,3018,-987.5,50,3018.5
5,-987,49,3018,-986.5,50,3018.5
5,-986,49,3018,-985.5,50,3018.5
5,-985,49,3018,-984.5,50,3018.5
5,-1018,49,3019,-1017.5,50,3019.5
5,-1017,49,3019,-1016.5,50,3019.5
5,-1016,49,3019,-1015.5,50,3019.5
5,-1015,49,3019,-1014.5,50,3019.5
5,-1014,49,3019,-1013.5,50,3019.5
5,-1013,49,3019,-1012.5,50,3019.5
5,-1012,49,3019,-1011.5,50,3019.5
5,-1011,49,3019,-1010.5,50,3019.5
5,-1010,49,3019,-1009.5,50,3019.5
5,-1009,49,3019,-1008.5,50,3019.5
5,-1008,49,3019,-1007.5,50,3019.5
5,-1007,49,3019,-1006.5,50,3019.5
5,-1006,49,3019,-1005.5,50,3019.5
5,-1005,49,3019,-1004.5,50,3019.5
5,-1004,49,3019,-1003.5,50,3019.5
5,-1003,49,3019,-1002.5,50,3019.5
5,-1002,49,3019,-1001.5,50,3019.5
5,-1001,49,3019,-1000.5,50,3019.5
5,-1000,49,3019,-999.5,50,3019.5
5,-999,49,3019,-998.5,50,3019.5
5,-998,49,3019,-997.5,50,3019.5
5,-997,49,3019,-996.5,50,3019.5
5,-996,49,3019,-995.5,50,3019.5
5,-995,49,3019,-994.5,50,3019.5
5,-994,49,3019,-993.5,50,3019.5
5,-993,49,3019,-992.5,50,3019.5
5,-992,49,3019,-991.5,50,3019.5
5,-991,49,3019,-990.5,50,3019.5
5,-990,49,3019,-989.5,50,3019.5
5,-989,49,3019,-988.5,50,3019.5
5,-988,49,3019,-987.5,50,3019.5
5,-987,49,3019,-986.5,50,3019.5
5,-986,49,3019,-985.5,50,3019.5
5,-1018,49,3020,-1017.5,50,3020.5
5,-1017,49,3020,-1016.5,50,3020.5
5,-1016,49,3020,-1015.5,50,3020.5
5,-1015,49,3020,-1014.5,50,3020.5
5,-1014,49,3020,-1013.5,50,3020.5
5,-1013,49,3020,-1012.5,50,3020.5
5,-1012,49,3020,-1011.5,50,3020.5
5,-1011,49,3020,-1010.5,50,3020.5
5,-1010,49,3020,-1009.5,50,3020.5
5,-1009,49,3020,-1008.5,50,3020.5
5,-1008,49,3020,-1007.5,50,3020.5
5,-1007,49,3020,-1006.5,50,3020.5
5,-1006,49,3020,-1005.5,50,3020.5
5,-1005,49,3020,-1004.5,50,3020.5
5,-1004,49,3020,-1003.5,50,3020.5
5,-1003,49,3020,-1002.5,50,3020.5
5,-1002,49,3020,-1001.5,50,3020.5
5,-1001,49,3020,-1000.5,50,3020.5
5,-1000,49,3020,-999.5,50,3020.5
5,-999,49,3020,-998.5,50,3020.5
5,-998,49,3020,-997.5,50,3020.5
5,-997,49,3020,-996.5,50,3020.5
5,-996,49,3020,-995.5,50,3020.5
5,-995,49,3020,-994.5,50,3020.5
5,-994,49,3020,-993.5,50,3020.5
5,-993,49,3020,-992.5,50,3020.5
5,-992,49,3020,-991.5,50,3020.5
5,-991,49,3020,-990.5,50,3020.5
5,-990,49,3020,-989.5,50,3020.5
5,-989,49,3020,-988.5,50,3020.5
5,-988,49,3020,-987.5,50,3020.5
5,-987,49,3020,-986.5,50,3020.5
5,-986,49,3020,-985.5,50,3020.5
5,-1017,49,3021,-1016.5,50,3021.5
5,-1016,49,3021,-1015.5,50,3021.5
5,-1015,49,3021,-1014.5,50,3021.5
5,-1014,49,3021,-1013.5,50,3021.5
5,-1013,49,3021,-1012.5,50,3021.5
5,-1012,49,3021,-1011.5,50,3021.5
5,-1011,49,3021,-1010.5,50,3021.5
5,-1010,49,3021,-1009.5,50,3021.5
5,-1009,49,3021,-1008.5,50,3021.5
5,-1008,49,3021,-1007.5,50,3021.5
5,-1007,49,3021,-1006.5,50,3021.5
5,-1006,49,3021,-1005.5,50,3021.5
5,-1005,49,3021,-1004.5,50,3021.5
5,-1004,49,3021,-1003.5,50,3021.5
5,-1003,49,3021,-1002.5,50,3021.5
5,-1002,49,3021,-1001.5,50,3021.5
5,-1001,49,3021,-1000.5,50,3021.5
5,-1000,49,3021,-999.5,50,3021.5
5,-999,49,3021,-998.5,50,3021.5
5,-998,49,3021,-997.5,50,3021.5
5,-997,49,3021,-996.5,50,3021.5
5,-996,49,3021,-995.5,50,3021.5
5,-995,49,3021,-994.5,50,3021.5
5,-994,49,3021,-993.5,50,3021.5
5,-993,49,3021,-992.5,50,3021.5
5,-992,49,3021,-991.5,50,3021.5
5,-991,49,3021,-990.5,50,3021.5
5,-990,49,3021,-989.5,50,3021.5
5,-989,49,3021,-988.5,50,3021.5
5,-988,49,3021,-987.5,50,3021.5
5,-987,49,3021,-986.5,50,3021.5
5,-1016,49,3022,-1015.5,50,3022.5
5,-1015,49,3022,-1014.5,50,3022.5
5,-1014,49,3022,-1013.5,50,3022.5
5,-1013,49,3022,-1012.5,50,3022.5
5,-1012,49,3022,-1011.5,50,3022.5
5,-1011,49,3022,-1010.5,50,3022.5
5,-1010,49,3022,-1009.5,50,3022.5
5,-1009,49,3022,-1008.5,50,3022.5
5,-1008,49,3022,-1007.5,50,3022.5
5,-1007,49,3022,-1006.5,50,3022.5
5,-1006,49,3022,-1005.5,50,3022.5
5,-1005,49,3022,-1004.5,50,3022.5
5,-1004,49,3022,-1003.5,50,3022.5
5,-1003,49,3022,-1002.5,50,3022.5
5,-1002,49,3022,-1001.5,50,3022.5
5,-1001,49,3022,-1000.5,50,3022.5
5,-1000,49,3022,-999.5,50,3022.5
5,-999,49,3022,-998.5,50,3022.5
5,-998,49,3022,-997.5,50,3022.5
5,-997,49,3022,-996.5,50,3022.5
5,-996,49,3022,-995.5,50,3022.5
5,-995,49,3022,-994.5,50,3022.5
5,-994,49,3022,-993.5,50,3022.5
5,-993,49,3022,-992.5,50,3022.5
5,-992,49,3022,-991.5,50,3022.5
5,-991,49,3022,-990.5,50,3022.5
5,-990,49,3022,-989.5,50,3022.5
5,-989,49,3022,-988.5,50,3022.5
5,-988,49,3022,-987.5,50,3022.5
5,-1014,49,3023,-1013.5,50,3023.5
5,-1013,49,3023,-1012.5,50,3023.5
5,-1012,49,3023,-1011.5,50,3023.5
5,-1011,49,3023,-1010.5,50,3023.5
5,-1010,49,3023,-1009.5,50,3023.5
5,-1009,49,3023,-1008.5,50,3023.5
5,-1008,49,3023,-1007.5,50,3023.5
5,-1007,49,3023,-1006.5,50,3023.5
5,-1006,49,3023,-1005.5,50,3023.5
5,-1005,49,3023,-1004.5,50,3023.5
5,-1004,49,3023,-1003.5,50,3023.5
5,-1003,49,3023,-1002.5,50,3023.5
5,-1002,49,3023,-1001.5,50,3023.5
5,-1001,49,3023,-1000.5,50,3023.5
5,-1000,49,3023,-999.5,50,3023.5
5,-999,49,3023,-998.5,50,3023.5
5,-998,49,3023,-997.5,50,3023.5
5,-997,49,3023,-996.5,50,3023.5
5,-996,49,3023,-995.5,50,3023.5
5,-995,49,3023,-994.5,50,3023.5
5,-994,49,3023,-993.5,50,3023.5
5,-993,49,3023,-992.5,50,3023.5
5,-992,49,3023,-991.5,50,3023.5
5,-991,49,3023,-990.5,50,3023.5
5,-990,49,3023,-989.5,50,3023.5
5,-1011,49,3024,-1010.5,50,3024.5
5,-1010,49,3024,-1009.5,50,3024.5
5,-1009,49,3024,-1008.5,50,3024.5
5,-1008,49,3024,-1007.5,50,3024.5
5,-1007,49,3024,-1006.5,50,3024.5
5,-1006,49,3024,-1005.5,50,3024.5
5,-1005,49,3024,-1004.5,50,3024.5
5,-1004,49,3024,-1003.5,50,3024.5
5,-1003,49,3024,-1002.5,50,3024.5
5,-1002,49,3024,-1001.5,50,3024.5
5,-1001,49,3024,-1000.5,50,3024.5
5,-1000,49,3024,-999.5,50,3024.5
5,-999,49,3024,-998.5,50,3024.5
5,-998,49,3024,-997.5,50,3024.5
5,-997,49,3024,-996.5,50,3024.5
5,-996,49,3024,-995.5,50,3024.5
5,-995,49,3024,-994.5,50,3024.5
5,-994,49,3024,-993.5,50,3024.5
5,-993,49,3024,-992.5,50,3024.5
5,-1009,49,3025,-1008.5,50,3025.5
5,-1008,49,3025,-1007.5,50,3025.5
5,-1007,49,3025,-1006.5,50,3025.5
5,-1006,49,3025,-1005.5,50,3025.5
5,-1005,49,3025,-1004.5,50,3025.5
5,-1004,49,3025,-1003.5,50,3025.5
5,-1003,49,3025,-1002.5,50,3025.5
5,-1002,49,3025,-1001.5,50,3025.5
5,-1001,49,3025,-1000.5,50,3025.5
5,-1000,49,3025,-999.5,50,3025.5
5,-999,49,3025,-998.5,50,3025.5
5,-998,49,3025,-997.5,50,3025.5
5,-997,49,3025,-996.5,50,3025.5
5,-996,49,3025,-995.5,50,3025.5
5,-995,49,3025,-994.5,50,3025.5
5,-1006,49,3026,-1005.5,50,3026.5
5,-1005,49,3026,-1004.5,50,3026.5
5,-1004,49,3026,-1003.5,50,3026.5
5,-1003,49,3026,-1002.5,50,3026.5
5,-1002,49,3026,-1001.5,50,3026.5
5,-1001,49,3026,-1000.5,50,3026.5
5,-1000,49,3026,-999.5,50,3026.5
5,-999,49,3026,-998.5,50,3026.5
5,-998,49,3026,-997.5,50,3026.5
5,-1004,49,3027,-1003.5,50,3027.5
5,-1003,49,3027,-1002.5,50,3027.5
5,-1002,49,3027,-1001.5,50,3027.5
5,-1001,49,3027,-1000.5,50,3027.5
5,-1000,49,3027,-999.5,50,3027.5
5,-1002,49,3028,-1001.5,50,3028.5
6,-1002,64,2985,-1001.5,65,2985.5
6,-1004,64,2986,-1003.5,65,2986.5
6,-1003,64,2986,-1002.5,65,2986.5
6,-1002,64,2986,-1001.5,65,2986.5
6,-1001,64,2986,-1000.5,65,2986.5
6,-1000,64,2986,-999.5,65,2986.5
6,-1006,64,2987,-1005.5,65,2987.5
6,-1005,64,2987,-1004.5,65,2987.5
6,-1004,64,2987,-1003.5,65,2987.5
6,-1003,64,2987,-1002.5,65,2987.5
6,-1002,64,2987,-1001.5,65,2987.5
6,-1001,64,2987,-1000.5,65,2987.5
6,-1000,64,2987,-999.5,65,2987.5
6,-999,64,2987,-998.5,65,2987.5
6,-998,64,2987,-997.5,65,2987.5
6,-1009,64,2988,-1008.5,65,2988.5
6,-1008,64,2988,-1007.5,65,2988.5
6,-1007,64,2988,-1006.5,65,2988.5
6,-1006,64,2988,-1005.5,65,2988.5
6,-1005,64,2988,-1004.5,65,2988.5
6,-1004,64,2988,-1003.5,65,2988.5
6,-1003,64,2988,-1002.5,65,2988.5
6,-1002,64,2988,-1001.5,65,2988.5
6,-1001,64,2988,-1000.5,65,2988.5
6,-1000,64,2988,-999.5,65,2988.5
6,-999,64,2988,-998.5,65,2988.5
6,-998,64,2988,-997.5,65,2988.5
6,-997,64,2988,-996.5,65,2988.5
6,-996,64,2988,-995.5,65,2988.5
6,-995,64,2988,-994.5,65,2988.5
6,-1011,64,2989,-1010.5,65,2989.5
6,-1010,64,2989,-1009.5,65,2989.5
6,-1009,64,2989,-1008.5,65,2989.5
6,-1008,64,2989,-1007.5,65,2989.5
6,-1007,64,2989,-1006.5,65,2989.5
6,-1006,64,2989,-1005.5,65,2989.5
6,-1005,64,2989,-1004.5,65,2989.5
6,-1004,64,2989,-1003.5,65,2989.5
6,-1003,64,2989,-1002.5,65,2989.5
6,-1002,64,2989,-1001.5,65,2989.5
6,-1001,64,2989,-1000.5,65,2989.5
6,-1000,64,2989,-999.5,65,2989.5
6,-999,64,2989,-998.5,65,2989.5
6,-998,64,2989,-997.5,65,2989.5
6,-997,64,2989,-996.5,65,2989.5
6,-996,64,2989,-995.5,65,2989.5
6,-995,64,2989,-994.5,65,2989.5
6,-994,64,2989,-993.5,65,2989.5
6,-993,64,2989,-992.5,65,2989.5
6,-1014,64,2990,-1013.5,65,2990.5
6,-1013,64,2990,-1012.5,65,2990.5
6,-1012,64,2990,-1011.5,65,2990.5
6,-1011,64,2990,-1010.5,65,2990.5
6,-1010,64,2990,-1009.5,65,2990.5
6,-1009,64,2990,-1008.5,65,2990.5
6,-1008,64,2990,-1007.5,65,2990.5
6,-1007,64,2990,-1006.5,65,2990.5
6,-1006,64,2990,-1005.5,65,2990.5
6,-1005,64,2990,-1004.5,65,2990.5
6,-1004,64,2990,-1003.5,65,2990.5
6,-1003,64,2990,-1002.5,65,2990.5
6,-1002,64,2990,-1001.5,65,2990.5
6,-1001,64,2990,-1000.5,65,2990.5
6,-1000,64,2990,-999.5,65,2990.5
6,-999,64,2990,-998.5,65,2990.5
6,-998,64,2990,-997.5,65,2990.5
6,-997,64,2990,-996.5,65,2990.5
6,-996,64,2990,-995.5,65,2990.5
6,-995,64,2990,-994.5,65,2990.5
6,-994,64,2990,-993.5,65,2990.5
6,-993,64,2990,-992.5,65,2990.5
6,-992,64,2990,-991.5,65,2990.5
6,-991,64,2990,-990.5,65,2990.5
6,-990,64,2990,-989.5,65,2990.5
6,-1016,64,2991,-1015.5,65,2991.5
6,-1015,64,2991,-1014.5,65,2991.5
6,-1014,64,2991,-1013.5,65,2991.5
6,-1013,64,2991,-1012.5,65,2991.5
6,-1012,64,2991,-1011.5,65,2991.5
6,-1011,64,2991,-1010.5,65,2991.5
6,-1010,64,2991,-1009.5,65,2991.5
6,-1009,64,2991,-1008.5,65,2991.5
6,-1008,64,2991,-1007.5,65,2991.5
6,-1007,64,2991,-1006.5,65,2991.5
6,-1006,64,2991,-1005.5,65,2991.5
6,-1005,64,2991,-1004.5,65,2991.5
6,-1004,64,2991,-1003.5,65,2991.5
6,-1003,64,2991,-1002.5,65,2991.5
6,-1002,64,2991,-1001.5,65,2991.5
6,-1001,64,2991,-1000.5,65,2991.5
6,-1000,64,2991,-999.5,65,2991.5
6,-999,64,2991,-998.5,65,2991.5
6,-998,64,2991,-997.5,65,2991.5
6,-997,64,2991,-996.5,65,2991.5
6,-996,64,2991,-995.5,65,2991.5
6,-995,64,2991,-994.5,65,2991.5
6,-994,64,2991,-993.5,65,2991.5
6,-993,64,2991,-992.5,65,2991.5
6,-992,64,2991,-991.5,65,2991.5
6,-991,64,2991,-990.5,65,2991.5
6,-990,64,2991,-989.5,65,2991.5
6,-989,64,2991,-988.5,65,2991.5
6,-988,64,2991,-987.5,65,2991.5
6,-1017,64,2992,-1016.5,65,2992.5
6,-1016,64,2992,-1015.5,65,2992.5
6,-1015,64,2992,-1014.5,65,2992.5
6,-1014,64,2992,-1013.5,65,2992.5
6,-1013,64,2992,-1012.5,65,2992.5
6,-1012,64,2992,-1011.5,65,2992.5
6,-1011,64,2992,-1010.5,65,2992.5
6,-1010,64,2992,-1009.5,65,2992.5
6,-1009,64,2992,-1008.5,65,2992.5
6,-1008,64,2992,-1007.5,65,2992.5
6,-1007,64,2992,-1006.5,65,2992.5
6,-1006,64,2992,-1005.5,65,2992.5
6,-1005,64,2992,-1004.5,65,2992.5
6,-1004,64,2992,-1003.5,65,2992.5
6,-1003,64,2992,-1002.5,65,2992.5
6,-1002,64,2992,-1001.5,65,2992.5
6,-1001,64,2992,-1000.5,65,2992.5
6,-1000,64,2992,-999.5,65,2992.5
6,-999,64,2992,-998.5,65,2992.5
6,-998,64,2992,-997.5,65,2992.5
6,-997,64,2992,-996.5,65,2992.5
6,-996,64,2992,-995.5,65,2992.5
6,-995,64,2992,-994.5,65,2992.5
6,-994,64,2992,-993.5,65,2992.5
6,-993,64,2992,-992.5,65,2992.5
6,-992,64,2992,-991.5,65,2992.5
6,-991,64,2992,-990.5,65,2992.5
6,-990,64,2992,-989.5,65,2992.5
6,-989,64,2992,-988.5,65,2992.5
6,-988,64,2992,-987.5,65,2992.5
6,-987,64,2992,-986.5,65,2992.5
6,-1017,64,2993,-1016.5,65,2993.5
6,-1016,64,2993,-1015.5,65,2993.5
6,-1015,64,2993,-1014.5,65,2993.5
6,-1014,64,2993,-1013.5,65,2993.5
6,-1013,64,2993,-1012.5,65,2993.5
6,-1012,64,2993,-1011.5,65,2993.5
6,-1011,64,2993,-1010.5,65,2993.5
6,-1010,64,2993,-1009.5,65,2993.5
6,-1009,64,2993,-1008.5,65,2993.5
6,-1008,64,2993,-1007.5,65,2993.5
6,-1007,64,2993,-1006.5,65,2993.5
6,-1006,64,2993,-1005.5,65,2993.5
6,-1005,64,2993,-1004.5,65,2993.5
6,-1004,64,2993,-1003.5,65,2993.5
6,-1003,64,2993,-1002.5,65,2993.5
6,-1002,64,2993,-1001.5,65,2993.5
6,-1001,64,2993,-1000.5,65,2993.5
6,-1000,64,2993,-999.5,65,2993.5
6,-999,64,2993,-998.5,65,2993.5
6,-998,64,2993,-997.5,65,2993.5
6,-997,64,2993,-996.5,65,2993.5
6,-996,64,2993,-995.5,65,2993.5
6,-995,64,2993,-994.5,65,2993.5
6,-994,64,2993,-993.5,65,2993.5
6,-993,64,2993,-992.5,65,2993.5
6,-992,64,2993,-991.5,65,2993.5
6,-991,64,2993,-990.5,65,2993.5
6,-990,64,2993,-989.5,65,2993.5
6,-989,64,2993,-988.5,65,2993.5
6,-988,64,2993,-987.5,65,2993.5
6,-987,64,2993,-986.5,65,2993.5
6,-1018,64,2994,-1017.5,65,2994.5
6,-1017,64,2994,-1016.5,65,2994.5
6,-1016,64,2994,-1015.5,65,2994.5
6,-1015,64,2994,-1014.5,65,2994.5
6,-1014,64,2994,-1013.5,65,2994.5
6,-1013,64,2994,-1012.5,65,2994.5
6,-1012,64,2994,-1011.5,65,2994.5
6,-1011,64,2994,-1010.5,65,2994.5
6,-1010,64,2994,-1009.5,65,2994.5
6,-1009,64,2994,-1008.5,65,2994.5
6,-1008,64,2994,-1007.5,65,2994.5
6,-1007,64,2994,-1006.5,65,2994.5
6,-1006,64,2994,-1005.5,65,2994.5
6,-1005,64,2994,-1004.5,65,2994.5
6,-1004,64,2994,-1003.5,65,2994.5
6,-1003,64,2994,-1002.5,65,2994.5
6,-1002,64,2994,-1001.5,65,2994.5
6,-1001,64,2994,-1000.5,65,2994.5
6,-1000,64,2994,-999.5,65,2994.5
6,-999,64,2994,-998.5,65,2994.5
6,-998,64,2994,-997.5,65,2994.5
6,-997,64,2994,-996.5,65,2994.5
6,-996,64,2994,-995.5,65,2994.5
6,-995,64,2994,-994.5,65,2994.5
6,-994,64,2994,-993.5,65,2994.5
6,-993,64,2994,-992.5,65,2994.5
6,-992,64,2994,-991.5,65,2994.5
6,-991,64,2994,-990.5,65,2994.5
6,-990,64,2994,-989.5,65,2994.5
6,-989,64,2994,-988.5,65,2994.5
6,-988,64,2994,-987.5,65,2994.5
6,-987,64,2994,-986.5,65,2994.5
6,-986,64,2994,-985.5,65,2994.5
6,-1018,64,2995,-1017.5,65,2995.5
6,-1017,64,2995,-1016.5,65,2995.5
6,-1016,64,2995,-1015.5,65,2995.5
6,-1015,64,2995,-1014.5,65,2995.5
6,-1014,64,2995,-1013.5,65,2995.5
6,-1008,64,2995,-1007.5,65,2995.5
6,-1007,64,2995,-1006.5,65,2995.5
6,-1006,64,2995,-1005.5,65,2995.5
6,-1005,64,2995,-1004.5,65,2995.5
6,-1004,64,2995,-1003.5,65,2995.5
6,-1003,64,2995,-1002.5,65,2995.5
6,-1002,64,2995,-1001.5,65,2995.5
6,-1001,64,2995,-1000.5,65,2995.5
6,-1000,64,2995,-999.5,65,2995.5
6,-999,64,2995,-998.5,65,2995.5
6,-998,64,2995,-997.5,65,2995.5
6,-997,64,2995,-996.5,65,2995.5
6,-996,64,2995,-995.5,65,2995.5
6,-990,64,2995,-989.5,65,2995.5
6,-989,64,2995,-988.5,65,2995.5
6,-988,64,2995,-987.5,65,2995.5
6,-987,64,2995,-986.5,65,2995.5
6,-986,64,2995,-985.5,65,2995.5
6,-1018,64,2996,-1017.5,65,2996.5
6,-1017,64,2996,-1016.5,65,2996.5
6,-1016,64,2996,-1015.5,65,2996.5
6,-1015,64,2996,-1014.5,65,2996.5
6,-1014,64,2996,-1013.5,65,2996.5
6,-1008,64,2996,-1007.5,65,2996.5
6,-1007,64,2996,-1006.5,65,2996.5
6,-1006,64,2996,-1005.5,65,2996.5
6,-1005,64,2996,-1004.5,65,2996.5
6,-1004,64,2996,-1003.5,65,2996.5
6,-1003,64,2996,-1002.5,65,2996.5
6,-1002,64,2996,-1001.5,65,2996.5
6,-1001,64,2996,-1000.5,65,2996.5
6,-1000,64,2996,-999.5,65,2996.5
6,-999,64,2996,-998.5,65,2996.5
6,-998,64,2996,-997.5,65,2996.5
6,-997,64,2996,-996.5,65,2996.5
6,-996,64,2996,-995.5,65,2996.5
6,-990,64,2996,-989.5,65,2996.5
6,-989,64,2996,-988.5,65,2996.5
6,-988,64,2996,-987.5,65,2996.5
6,-987,64,2996,-986.5,65,2996.5
6,-986,64,2996,-985.5,65,2996.5
6,-1019,64,2997,-1018.5,65,2997.5
6,-1018,64,2997,-1017.5,65,2997.5
6,-1017,64,2997,-1016.5,65,2997.5
6,-1016,64,2997,-1015.5,65,2997.5
6,-1015,64,2997,-1014.5,65,2997.5
6,-1014,64,2997,-1013.5,65,2997.5
6,-1008,64,2997,-1007.5,65,2997.5
6,-1007,64,2997,-1006.5,65,2997.5
6,-1006,64,2997,-1005.5,65,2997.5
6,-1005,64,2997,-1004.5,65,2997.5
6,-1004,64,2997,-1003.5,65,2997.5
6,-1003,64,2997,-1002.5,65,2997.5
6,-1002,64,2997,-1001.5,65,2997.5
6,-1001,64,2997,-1000.5,65,2997.5
6,-1000,64,2997,-999.5,65,2997.5
6,-999,64,2997,-998.5,65,2997.5
6,-998,64,2997,-997.5,65,2997.5
6,-997,64,2997,-996.5,65,2997.5
6,-996,64,2997,-995.5,65,2997.5
6,-990,64,2997,-989.5,65,2997.5
6,-989,64,2997,-988.5,65,2997.5
6,-988,64,2997,-987.5,65,2997.5
6,-987,64,2997,-986.5,65,2997.5
6,-986,64,2997,-985.5,65,2997.5
6,-985,64,2997,-984.5,65,2997.5
6,-1019,64,2998,-1018.5,65,2998.5
6,-1018,64,2998,-1017.5,65,2998.5
6,-1017,64,2998,-1016.5,65,2998.5
6,-1016,64,2998,-1015.5,65,2998.5
6,-1015,64,2998,-1014.5,65,2998.5
6,-1014,64,2998,-1013.5,65,2998.5
6,-1008,64,2998,-1007.5,65,2998.5
6,-1007,64,2998,-1006.5,65,2998.5
6,-1006,64,2998,-1005.5,65,2998.5
6,-1005,64,2998,-1004.5,65,2998.5
6,-1004,64,2998,-1003.5,65,2998.5
6,-1003,64,2998,-1002.5,65,2998.5
6,-1002,64,2998,-1001.5,65,2998.5
6,-1001,64,2998,-1000.5,65,2998.5
6,-1000,64,2998,-999.5,65,2998.5
6,-999,64,2998,-998.5,65,2998.5
6,-998,64,2998,-997.5,65,2998.5
6,-997,64,2998,-996.5,65,2998.5
6,-996,64,2998,-995.5,65,2998.5
6,-990,64,2998,-989.5,65,2998.5
6,-989,64,2998,-988.5,65,2998.5
6,-988,64,2998,-987.5,65,2998.5
6,-987,64,2998,-986.5,65,2998.5
6,-986,64,2998,-985.5,65,2998.5
6,-985,64,2998,-984.5,65,2998.5
6,-1020,64,2999,-1019.5,65,2999.5
6,-1019,64,2999,-1018.5,65,2999.5
6,-1018,64,2999,-1017.5,65,2999.5
6,-1017,64,2999,-1016.5,65,2999.5
6,-1016,64,2999,-1015.5,65,2999.5
6,-1015,64,2999,-1014.5,65,2999.5
6,-1014,64,2999,-1013.5,65,2999.5
6,-1008,64,2999,-1007.5,65,2999.5
6,-1007,64,2999,-1006.5,65,2999.5
6,-1006,64,2999,-1005.5,65,2999.5
6,-1005,64,2999,-1004.5,65,2999.5
6,-1004,64,2999,-1003.5,65,2999.5
6,-1003,64,2999,-1002.5,65,2999.5
6,-1002,64,2999,-1001.5,65,2999.5
6,-1001,64,2999,-1000.5,65,2999.5
6,-1000,64,2999,-999.5,65,2999.5
6,-999,64,2999,-998.5,65,2999.5
6,-998,64,2999,-997.5,65,2999.5
6,-997,64,2999,-996.5,65,2999.5
6,-996,64,2999,-995.5,65,2999.5
6,-990,64,2999,-989.5,65,2999.5
6,-989,64,2999,-988.5,65,2999.5
6,-988,64,2999,-987.5,65,2999.5
6,-987,64,2999,-986.5,65,2999.5
6,-986,64,2999,-985.5,65,2999.5
6,-985,64,2999,-984.5,65,2999.5
6,-984,64,2999,-983.5,65,2999.5
6,-1020,64,3000,-1019.5,65,3000.5
6,-1019,64,3000,-1018.5,65,3000.5
6,-1018,64,3000,-1017.5,65,3000.5
6,-1017,64,3000,-1016.5,65,3000.5
6,-1016,64,3000,-1015.5,65,3000.5
6,-1015,64,3000,-1014.5,65,3000.5
6,-1014,64,3000,-1013.5,65,3000.5
6,-1013,64,3000,-1012.5,65,3000.5
6,-1012,64,3000,-1011.5,65,3000.5
6,-1011,64,3000,-1010.5,65,3000.5
6,-1010,64,3000,-1009.5,65,3000.5
6,-1009,64,3000,-1008.5,65,3000.5
6,-1008,64,3000,-1007.5,65,3000.5
6,-1007,64,3000,-1006.5,65,3000.5
6,-1006,64,3000,-1005.5,65,3000.5
6,-1005,64,3000,-1004.5,65,3000.5
6,-1004,64,3000,-1003.5,65,3000.5
6,-1003,64,3000,-1002.5,65,3000.5
6,-1002,64,3000,-1001.5,65,3000.5
6,-1001,64,3000,-1000.5,65,3000.5
6,-1000,64,3000,-999.5,65,3000.5
6,-999,64,3000,-998.5,65,3000.5
6,-998,64,3000,-997.5,65,3000.5
6,-997,64,3000,-996.5,65,3000.5
6,-996,64,3000,-995.5,65,3000.5
6,-995,64,3000,-994.5,65,3000.5
6,-994,64,3000,-993.5,65,3000.5
6,-993,64,3000,-992.5,65,3000.5
6,-992,64,3000,-991.5,65,3000.5
6,-991,64,3000,-990.5,65,3000.5
6,-990,64,3000,-989.5,65,3000.5
6,-989,64,3000,-988.5,65,3000.5
6,-988,64,3000,-987.5,65,3000.5
6,-987,64,3000,-986.5,65,3000.5
6,-986,64,3000,-985.5,65,3000.5
6,-985,64,3000,-984.5,65,3000.5
6,-984,64,3000,-983.5,65,3000.5
6,-1020,64,3001,-1019.5,65,3001.5
6,-1019,64,3001,-1018.5,65,3001.5
6,-1018,64,3001,-1017.5,65,3001.5
6,-1017,64,3001,-1016.5,65,3001.5
6,-1016,64,3001,-1015.5,65,3001.5
6,-1015,64,3001,-1014.5,65,3001.5
6,-1014,64,3001,-1013.5,65,3001.5
6,-1013,64,3001,-1012.5,65,3001.5
6,-1012,64,3001,-1011.5,65,3001.5
6,-1011,64,3001,-1010.5,65,3001.5
6,-1010,64,3001,-1009.5,65,3001.5
6,-1009,64,3001,-1008.5,65,3001.5
6,-1008,64,3001,-1007.5,65,3001.5
6,-1007,64,3001,-1006.5,65,3001.5
6,-1006,64,3001,-1005.5,65,3001.5
6,-1005,64,3001,-1004.5,65,3001.5
6,-1004,64,3001,-1003.5,65,3001.5
6,-1003,64,3001,-1002.5,65,3001.5
6,-1002,64,3001,-1001.5,65,3001.5
6,-1001,64,3001,-1000.5,65,3001.5
6,-1000,64,3001,-999.5,65,3001.5
6,-999,64,3001,-998.5,65,3001.5
6,-998,64,3001,-997.5,65,3001.5
6,-997,64,3001,-996.5,65,3001.5
6,-996,64,3001,-995.5,65,3001.5
6,-995,64,3001,-994.5,65,3001.5
6,-994,64,3001,-993.5,65,3001.5
6,-993,64,3001,-992.5,65,3001.5
6,-992,64,3001,-991.5,65,3001.5
6,-991,64,3001,-990.5,65,3001.5
6,-990,64,3001,-989.5,65,3001.5
6,-989,64,3001,-988.5,65,3001.5
6,-988,64,3001,-987.5,65,3001.5
6,-987,64,3001,-986.5,65,3001.5
6,-986,64,3001,-985.5,65,3001.5
6,-985,64,3001,-984.5,65,3001.5
6,-984,64,3001,-983.5,65,3001.5
6,-1021,64,3002,-1020.5,65,3002.5
6,-1020,64,3002,-1019.5,65,3002.5
6,-1019,64,3002,-1018.5,65,3002.5
6,-1018,64,3002,-1017.5,65,3002.5
6,-1017,64,3002,-1016.5,65,3002.5
6,-1016,64,3002,-1015.5,65,3002.5
6,-1015,64,3002,-1014.5,65,3002.5
6,-1014,64,3002,-1013.5,65,3002.5
6,-1013,64,3002,-1012.5,65,3002.5
6,-1012,64,3002,-1011.5,65,3002.5
6,-1011,64,3002,-1010.5,65,3002.5
6,-1010,64,3002,-1009.5,65,3002.5
6,-1009,64,3002,-1008.5,65,3002.5
6,-1008,64,3002,-1007.5,65,3002.5
6,-1007,64,3002,-1006.5,65,3002.5
6,-1006,64,3002,-1005.5,65,3002.5
6,-1005,64,3002,-1004.5,65,3002.5
6,-1004,64,3002,-1003.5,65,3002.5
6,-1003,64,3002,-1002.5,65,3002.5
6,-1002,64,3002,-1001.5,65,3002.5
6,-1001,64,3002,-1000.5,65,3002.5
6,-1000,64,3002,-999.5,65,3002.5
6,-999,64,3002,-998.5,65,3002.5
6,-998,64,3002,-997.5,65,3002.5
6,-997,64,3002,-996.5,65,3002.5
6,-996,64,3002,-995.5,65,3002.5
6,-995,64,3002,-994.5,65,3002.5
6,-994,64,3002,-993.5,65,3002.5
6,-993,64,3002,-992.5,65,3002.5
6,-992,64,3002,-991.5,65,3002.5
6,-991,64,3002,-990.5,65,3002.5
6,-990,64,3002,-989.5,65,3002.5
6,-989,64,3002,-988.5,65,3002.5
6,-988,64,3002,-987.5,65,3002.5
6,-987,64,3002,-986.5,65,3002.5
6,-986,64,3002,-985.5,65,3002.5
6,-985,64,3002,-984.5,65,3002.5
6,-984,64,3002,-983.5,65,3002.5
6,-983,64,3002,-982.5,65,3002.5
6,-1021,64,3003,-1020.5,65,3003.5
6,-1020,64,3003,-1019.5,65,3003.5
6,-1019,64,3003,-1018.5,65,3003.5
6,-1018,64,3003,-1017.5,65,3003.5
6,-1017,64,3003,-1016.5,65,3003.5
6,-1016,64,3003,-1015.5,65,3003.5
6,-1015,64,3003,-1014.5,65,3003.5
6,-1014,64,3003,-1013.5,65,3003.5
6,-1013,64,3003,-1012.5,65,3003.5
6,-1012,64,3003,-1011.5,65,3003.5
6,-1011,64,3003,-1010.5,65,3003.5
6,-1010,64,3003,-1009.5,65,3003.5
6,-1009,64,3003,-1008.5,65,3003.5
6,-1008,64,3003,-1007.5,65,3003.5
6,-1007,64,3003,-1006.5,65,3003.5
6,-1006,64,3003,-1005.5,65,3003.5
6,-1005,64,3003,-1004.5,65,3003.5
6,-1004,64,3003,-1003.5,65,3003.5
6,-1003,64,3003,-1002.5,65,3003.5
6,-1002,64,3003,-1001.5,65,3003.5
6,-1001,64,3003,-1000.5,65,3003.5
6,-1000,64,3003,-999.5,65,3003.5
6,-999,64,3003,-998.5,65,3003.5
6,-998,64,3003,-997.5,65,3003.5
6,-997,64,3003,-996.5,65,3003.5
6,-996,64,3003,-995.5,65,3003.5
6,-995,64,3003,-994.5,65,3003.5
6,-994,64,3003,-993.5,65,3003.5
6,-993,64,3003,-992.5,65,3003.5
6,-992,64,3003,-991.5,65,3003.5
6,-991,64,3003,-990.5,65,3003.5
6,-990,64,3003,-989.5,65,3003.5
6,-989,64,3003,-988.5,65,3003.5
6,-988,64,3003,-987.5,65,3003.5
6,-987,64,3003,-986.5,65,3003.5
6,-986,64,3003,-985.5,65,3003.5
6,-985,64,3003,-984.5,65,3003.5
6,-984,64,3003,-983.5,65,3003.5
6,-983,64,3003,-982.5,65,3003.5
6,-1022,64,3004,-1021.5,65,3004.5
6,-1021,64,3004,-1020.5,65,3004.5
6,-1020,64,3004,-1019.5,65,3004.5
6,-1019,64,3004,-1018.5,65,3004.5
6,-1018,64,3004,-1017.5,65,3004.5
6,-1017,64,3004,-1016.5,65,3004.5
6,-1016,64,3004,-1015.5,65,3004.5
6,-1015,64,3004,-1014.5,65,3004.5
6,-1014,64,3004,-1013.5,65,3004.5
6,-1013,64,3004,-1012.5,65,3004.5
6,-1012,64,3004,-1011.5,65,3004.5
6,-1011,64,3004,-1010.5,65,3004.5
6,-1010,64,3004,-1009.5,65,3004.5
6,-1009,64,3004,-1008.5,65,3004.5
6,-1008,64,3004,-1007.5,65,3004.5
6,-1007,64,3004,-1006.5,65,3004.5
6,-1006,64,3004,-1005.5,65,3004.5
6,-1005,64,3004,-1004.5,65,3004.5
6,-1004,64,3004,-1003.5,65,3004.5
6,-1003,64,3004,-1002.5,65,3004.5
6,-1002,64,3004,-1001.5,65,3004.5
6,-1001,64,3004,-1000.5,65,3004.5
6,-1000,64,3004,-999.5,65,3004.5
6,-999,64,3004,-998.5,65,3004.5
6,-998,64,3004,-997.5,65,3004.5
6,-997,64,3004,-996.5,65,3004.5
6,-996,64,3004,-995.5,65,3004.5
6,-995,64,3004,-994.5,65,3004.5
6,-994,64,3004,-993.5,65,3004.5
6,-993,64,3004,-992.5,65,3004.5
6,-992,64,3004,-991.5,65,3004.5
6,-991,64,3004,-990.5,65,3004.5
6,-990,64,3004,-989.5,65,3004.5
6,-989,64,3004,-988.5,65,3004.5
6,-988,64,3004,-987.5,65,3004.5
6,-987,64,3004,-986.5,65,3004.5
6,-986,64,3004,-985.5,65,3004.5
6,-985,64,3004,-984.5,65,3004.5
6,-984,64,3004,-983.5,65,3004.5
6,-983,64,3004,-982.5,65,3004.5
6,-982,64,3004,-981.5,65,3004.5
6,-1022,64,3005,-1021.5,65,3005.5
6,-1021,64,3005,-1020.5,65,3005.5
6,-1020,64,3005,-1019.5,65,3005.5
6,-1019,64,3005,-1018.5,65,3005.5
6,-1018,64,3005,-1017.5,65,3005.5
6,-1017,64,3005,-1016.5,65,3005.5
6,-1016,64,3005,-1015.5,65,3005.5
6,-1015,64,3005,-1014.5,65,3005.5
6,-1014,64,3005,-1013.5,65,3005.5
6,-1013,64,3005,-1012.5,65,3005.5
6,-1012,64,3005,-1011.5,65,3005.5
6,-1011,64,3005,-1010.5,65,3005.5
6,-1010,64,3005,-1009.5,65,3005.5
6,-1009,64,3005,-1008.5,65,3005.5
6,-1008,64,3005,-1007.5,65,3005.5
6,-1007,64,3005,-1006.5,65,3005.5
6,-1006,64,3005,-1005.5,65,3005.5
6,-1005,64,3005,-1004.5,65,3005.5
6,-1004,64,3005,-1003.5,65,3005.5
6,-1003,64,3005,-1002.5,65,3005.5
6,-1002,64,3005,-1001.5,65,3005.5
6,-1001,64,3005,-1000.5,65,3005.5
6,-1000,64,3005,-999.5,65,3005.5
6,-999,64,3005,-998.5,65,3005.5
6,-998,64,3005,-997.5,65,3005.5
6,-997,64,3005,-996.5,65,3005.5
6,-996,64,3005,-995.5,65,3005.5
6,-995,64,3005,-994.5,65,3005.5
6,-994,64,3005,-993.5,65,3005.5
6,-993,64,3005,-992.5,65,3005.5
6,-992,64,3005,-991.5,65,3005.5
6,-991,64,3005,-990.5,65,3005.5
6,-990,64,3005,-989.5,65,3005.5
6,-989,64,3005,-988.5,65,3005.5
6,-988,64,3005,-987.5,65,3005.5
6,-987,64,3005,-986.5,65,3005.5
6,-986,64,3005,-985.5,65,3005.5
6,-985,64,3005,-984.5,65,3005.5
6,-984,64,3005,-983.5,65,3005.5
6,-983,64,3005,-982.5,65,3005.5
6,-982,64,3005,-981.5,65,3005.5
6,-1023,64,3006,-1022.5,65,3006.5
6,-1022,64,3006,-1021.5,65,3006.5
6,-1021,64,3006,-1020.5,65,3006.5
6,-1020,64,3006,-1019.5,65,3006.5
6,-1019,64,3006,-1018.5,65,3006.5
6,-1018,64,3006,-1017.5,65,3006.5
6,-1017,64,3006,-1016.5,65,3006.5
6,-1016,64,3006,-1015.5,65,3006.5
6,-1015,64,3006,-1014.5,65,3006.5
6,-1014,64,3006,-1013.5,65,3006.5
6,-1013,64,3006,-1012.5,65,3006.5
6,-1012,64,3006,-1011.5,65,3006.5
6,-1011,64,3006,-1010.5,65,3006.5
6,-1010,64,3006,-1009.5,65,3006.5
6,-1009,64,3006,-1008.5,65,3006.5
6,-1008,64,3006,-1007.5,65,3006.5
6,-1007,64,3006,-1006.5,65,3006.5
6,-1006,64,3006,-1005.5,65,3006.5
6,-1005,64,3006,-1004.5,65,3006.5
6,-1004,64,3006,-1003.5,65,3006.5
6,-1003,64,3006,-1002.5,65,3006.5
6,-1002,64,3006,-1001.5,65,3006.5
6,-1001,64,3006,-1000.5,65,3006.5
6,-1000,64,3006,-999.5,65,3006.5
6,-999,64,3006,-998.5,65,3006.5
6,-998,64,3006,-997.5,65,3006.5
6,-997,64,3006,-996.5,65,3006.5
6,-996,64,3006,-995.5,65,3006.5
6,-995,64,3006,-994.5,65,3006.5
6,-994,64,3006,-993.5,65,3006.5
6,-993,64,3006,-992.5,65,3006.5
6,-992,64,3006,-991.5,65,3006.5
6,-991,64,3006,-990.5,65,3006.5
6,-990,64,3006,-989.5,65,3006.5
6,-989,64,3006,-988.5,65,3006.5
6,-988,64,3006,-987.5,65,3006.5
6,-987,64,3006,-986.5,65,3006.5
6,-986,64,3006,-985.5,65,3006.5
6,-985,64,3006,-984.5,65,3006.5
6,-984,64,3006,-983.5,65,3006.5
6,-983,64,3006,-982.5,65,3006.5
6,-982,64,3006,-981.5,65,3006.5
6,-981,64,3006,-980.5,65,3006.5
6,-1022,64,3007,-1021.5,65,3007.5
6,-1021,64,3007,-1020.5,65,3007.5
6,-1020,64,3007,-1019.5,65,3007.5
6,-1019,64,3007,-1018.5,65,3007.5
6,-1018,64,3007,-1017.5,65,3007.5
6,-1017,64,3007,-1016.5,65,3007.5
6,-1016,64,3007,-1015.5,65,3007.5
6,-1015,64,3007,-1014.5,65,3007.5
6,-1014,64,3007,-1013.5,65,3007.5
6,-1013,64,3007,-1012.5,65,3007.5
6,-1012,64,3007,-1011.5,65,3007.5
6,-1011,64,3007,-1010.5,65,3007.5
6,-1010,64,3007,-1009.5,65,3007.5
6,-1009,64,3007,-1008.5,65,3007.5
6,-1008,64,3007,-1007.5,65,3007.5
6,-1007,64,3007,-1006.5,65,3007.5
6,-1006,64,3007,-1005.5,65,3007.5
6,-1005,64,3007,-1004.5,65,3007.5
6,-1004,64,3007,-1003.5,65,3007.5
6,-1003,64,3007,-1002.5,65,3007.5
6,-1002,64,3007,-1001.5,65,3007.5
6,-1001,64,3007,-1000.5,65,3007.5
6,-1000,64,3007,-999.5,65,3007.5
6,-999,64,3007,-998.5,65,3007.5
6,-998,64,3007,-997.5,65,3007.5
6,-997,64,3007,-996.5,65,3007.5
6,-996,64,3007,-995.5,65,3007.5
6,-995,64,3007,-994.5,65,3007.5
6,-994,64,3007,-993.5,65,3007.5
6,-993,64,3007,-992.5,65,3007.5
6,-992,64,3007,-991.5,65,3007.5
6,-991,64,3007,-990.5,65,3007.5
6,-990,64,3007,-989.5,65,3007.5
6,-989,64,3007,-988.5,65,3007.5
6,-988,64,3007,-987.5,65,3007.5
6,-987,64,3007,-986.5,65,3007.5
6,-986,64,3007,-985.5,65,3007.5
6,-985,64,3007,-984.5,65,3007.5
6,-984,64,3007,-983.5,65,3007.5
6,-983,64,3007,-982.5,65,3007.5
6,-982,64,3007,-981.5,65,3007.5
6,-1022,64,3008,-1021.5,65,3008.5
6,-1021,64,3008,-1020.5,65,3008.5
6,-1020,64,3008,-1019.5,65,3008.5
6,-1019,64,3008,-1018.5,65,3008.5
6,-1018,64,3008,-1017.5,65,3008.5
6,-1017,64,3008,-1016.5,65,3008.5
6,-1016,64,3008,-1015.5,65,3008.5
6,-1015,64,3008,-1014.5,65,3008.5
6,-1014,64,3008,-1013.5,65,3008.5
6,-1013,64,3008,-1012.5,65,3008.5
6,-1012,64,3008,-1011.5,65,3008.5
6,-1011,64,3008,-1010.5,65,3008.5
6,-1010,64,3008,-1009.5,65,3008.5
6,-1009,64,3008,-1008.5,65,3008.5
6,-1008,64,3008,-1007.5,65,3008.5
6,-1007,64,3008,-1006.5,65,3008.5
6,-1006,64,3008,-1005.5,65,3008.5
6,-1005,64,3008,-1004.5,65,3008.5
6,-1004,64,3008,-1003.5,65,3008.5
6,-1003,64,3008,-1002.5,65,3008.5
6,-1002,64,3008,-1001.5,65,3008.5
6,-1001,64,3008,-1000.5,65,3008.5
6,-1000,64,3008,-999.5,65,3008.5
6,-999,64,3008,-998.5,65,3008.5
6,-998,64,3008,-997.5,65,3008.5
6,-997,64,3008,-996.5,65,3008.5
6,-996,64,3008,-995.5,65,3008.5
6,-995,64,3008,-994.5,65,3008.5
6,-994,64,3008,-993.5,65,3008.5
6,-993,64,3008,-992.5,65,3008.5
6,-992,64,3008,-991.5,65,3008.5
6,-991,64,3008,-990.5,65,3008.5
6,-990,64,3008,-989.5,65,3008.5
6,-989,64,3008,-988.5,65,3008.5
6,-988,64,3008,-987.5,65,3008.5
6,-987,64,3008,-986.5,65,3008.5
6,-986,64,3008,-985.5,65,3008.5
6,-985,64,3008,-984.5,65,3008.5
6,-984,64,3008,-983.5,65,3008.5
6,-983,64,3008,-982.5,65,3008.5
6,-982,64,3008,-981.5,65,3008.5
6,-1021,64,3009,-1020.5,65,3009.5
6,-1020,64,3009,-1019.5,65,3009.5
6,-1019,64,3009,-1018.5,65,3009.5
6,-1018,64,3009,-1017.5,65,3009.5
6,-1017,64,3009,-1016.5,65,3009.5
6,-1016,64,3009,-1015.5,65,3009.5
6,-1015,64,3009,-1014.5,65,3009.5
6,-1014,64,3009,-1013.5,65,3009.5
6,-1013,64,3009,-1012.5,65,3009.5
6,-1012,64,3009,-1011.5,65,3009.5
6,-1011,64,3009,-1010.5,65,3009.5
6,-1010,64,3009,-1009.5,65,3009.5
6,-1009,64,3009,-1008.5,65,3009.5
6,-1008,64,3009,-1007.5,65,3009.5
6,-1007,64,3009,-1006.5,65,3009.5
6,-1006,64,3009,-1005.5,65,3009.5
6,-1005,64,3009,-1004.5,65,3009.5
6,-1004,64,3009,-1003.5,65,3009.5
6,-1003,64,3009,-1002.5,65,3009.5
6,-1002,64,3009,-1001.5,65,3009.5
6,-1001,64,3009,-1000.5,65,3009.5
6,-1000,64,3009,-999.5,65,3009.5
6,-999,64,3009,-998.5,65,3009.5
6,-998,64,3009,-997.5,65,3009.5
6,-997,64,3009,-996.5,65,3009.5
6,-996,64,3009,-995.5,65,3009.5
6,-995,64,3009,-994.5,65,3009.5
6,-994,64,3009,-993.5,65,3009.5
6,-993,64,3009,-992.5,65,3009.5
6,-992,64,3009,-991.5,65,3009.5
6,-991,64,3009,-990.5,65,3009.5
6,-990,64,3009,-989.5,65,3009.5
6,-989,64,3009,-988.5,65,3009.5
6,-988,64,3009,-987.5,65,3009.5
6,-987,64,3009,-986.5,65,3009.5
6,-986,64,3009,-985.5,65,3009.5
6,-985,64,3009,-984.5,65,3009.5
6,-984,64,3009,-983.5,65,3009.5
6,-983,64,3009,-982.5,65,3009.5
6,-1021,64,3010,-1020.5,65,3010.5
6,-1020,64,3010,-1019.5,65,3010.5
6,-1019,64,3010,-1018.5,65,3010.5
6,-1018,64,3010,-1017.5,65,3010.5
6,-1017,64,3010,-1016.5,65,3010.5
6,-1016,64,3010,-1015.5,65,3010.5
6,-1015,64,3010,-1014.5,65,3010.5
6,-1014,64,3010,-1013.5,65,3010.5
6,-1013,64,3010,-1012.5,65,3010.5
6,-1012,64,3010,-1011.5,65,3010.5
6,-1011,64,3010,-1010.5,65,3010.5
6,-1010,64,3010,-1009.5,65,3010.5
6,-1009,64,3010,-1008.5,65,3010.5
6,-1008,64,3010,-1007.5,65,3010.5
6,-1007,64,3010,-1006.5,65,3010.5
6,-1006,64,3010,-1005.5,65,3010.5
6,-1005,64,3010,-1004.5,65,3010.5
6,-1004,64,3010,-1003.5,65,3010.5
6,-1003,64,3010,-1002.5,65,3010.5
6,-1002,64,3010,-1001.5,65,3010.5
6,-1001,64,3010,-1000.5,65,3010.5
6,-1000,64,3010,-999.5,65,3010.5
6,-999,64,3010,-998.5,65,3010.5
6,-998,64,3010,-997.5,65,3010.5
6,-997,64,3010,-996.5,65,3010.5
6,-996,64,3010,-995.5,65,3010.5
6,-995,64,3010,-994.5,65,3010.5
6,-994,64,3010,-993.5,65,3010.5
6,-993,64,3010,-992.5,65,3010.5
6,-992,64,3010,-991.5,65,3010.5
6,-991,64,3010,-990.5,65,3010.5
6,-990,64,3010,-989.5,65,3010.5
6,-989,64,3010,-988.5,65,3010.5
6,-988,64,3010,-987.5,65,3010.5
6,-987,64,3010,-986.5,65,3010.5
6,-986,64,3010,-985.5,65,3010.5
6,-985,64,3010,-984.5,65,3010.5
6,-984,64,3010,-983.5,65,3010.5
6,-983,64,3010,-982.5,65,3010.5
6,-1020,64,3011,-1019.5,65,3011.5
6,-1019,64,3011,-1018.5,65,3011.5
6,-1018,64,3011,-1017.5,65,3011.5
6,-1017,64,3011,-1016.5,65,3011.5
6,-1016,64,3011,-1015.5,65,3011.5
6,-1015,64,3011,-1014.5,65,3011.5
6,-1014,64,3011,-1013.5,65,3011.5
6,-1013,64,3011,-1012.5,65,3011.5
6,-1012,64,3011,-1011.5,65,3011.5
6,-1011,64,3011,-1010.5,65,3011.5
6,-1010,64,3011,-1009.5,65,3011.5
6,-1009,64,3011,-1008.5,65,3011.5
6,-1008,64,3011,-1007.5,65,3011.5
6,-1007,64,3011,-1006.5,65,3011.5
6,-1006,64,3011,-1005.5,65,3011.5
6,-1005,64,3011,-1004.5,65,3011.5
6,-1004,64,3011,-1003.5,65,3011.5
6,-1003,64,3011,-1002.5,65,3011.5
6,-1002,64,3011,-1001.5,65,3011.5
6,-1001,64,3011,-1000.5,65,3011.5
6,-1000,64,3011,-999.5,65,3011.5
6,-999,64,3011,-998.5,65,3011.5
6,-998,64,3011,-997.5,65,3011.5
6,-997,64,3011,-996.5,65,3011.5
6,-996,64,3011,-995.5,65,3011.5
6,-995,64,3011,-994.5,65,3011.5
6,-994,64,3011,-993.5,65,3011.5
6,-993,64,3011,-992.5,65,3011.5
6,-992,64,3011,-991.5,65,3011.5
6,-991,64,3011,-990.5,65,3011.5
6,-990,64,3011,-989.5,65,3011.5
6,-989,64,3011,-988.5,65,3011.5
6,-988,64,3011,-987.5,65,3011.5
6,-987,64,3011,-986.5,65,3011.5
6,-986,64,3011,-985.5,65,3011.5
6,-985,64,3011,-984.5,65,3011.5
6,-984,64,3011,-983.5,65,3011.5
6,-1020,64,3012,-1019.5,65,3012.5
6,-1019,64,3012,-1018.5,65,3012.5
6,-1018,64,3012,-1017.5,65,3012.5
6,-1017,64,3012,-1016.5,65,3012.5
6,-1016,64,3012,-1015.5,65,3012.5
6,-1015,64,3012,-1014.5,65,3012.5
6,-1014,64,3012,-1013.5,65,3012.5
6,-1013,64,3012,-1012.5,65,3012.5
6,-1012,64,3012,-1011.5,65,3012.5
6,-1011,64,3012,-1010.5,65,3012.5
6,-1010,64,3012,-1009.5,65,3012.5
6,-1009,64,3012,-1008.5,65,3012.5
6,-1008,64,3012,-1007.5,65,3012.5
6,-1007,64,3012,-1006.5,65,3012.5
6,-1006,64,3012,-1005.5,65,3012.5
6,-1005,64,3012,-1004.5,65,3012.5
6,-1004,64,3012,-1003.5,65,3012.5
6,-1003,64,3012,-1002.5,65,3012.5
6,-1002,64,3012,-1001.5,65,3012.5
6,-1001,64,3012,-1000.5,65,3012.5
6,-1000,64,3012,-999.5,65,3012.5
6,-999,64,3012,-998.5,65,3012.5
6,-998,64,3012,-997.5,65,3012.5
6,-997,64,3012,-996.5,65,3012.5
6,-996,64,3012,-995.5,65,3012.5
6,-995,64,3012,-994.5,65,3012.5
6,-994,64,3012,-993.5,65,3012.5
6,-993,64,3012,-992.5,65,3012.5
6,-992,64,3012,-991.5,65,3012.5
6,-991,64,3012,-990.5,65,3012.5
6,-990,64,3012,-989.5,65,3012.5
6,-989,64,3012,-988.5,65,3012.5
6,-988,64,3012,-987.5,65,3012.5
6,-987,64,3012,-986.5,65,3012.5
6,-986,64,3012,-985.5,65,3012.5
6,-985,64,3012,-984.5,65,3012.5
6,-984,64,3012,-983.5,65,3012.5
6,-1020,64,3013,-1019.5,65,3013.5
6,-1019,64,3013,-1018.5,65,3013.5
6,-1018,64,3013,-1017.5,65,3013.5
6,-1017,64,3013,-1016.5,65,3013.5
6,-1016,64,3013,-1015.5,65,3013.5
6,-1015,64,3013,-1014.5,65,3013.5
6,-1014,64,3013,-1013.5,65,3013.5
6,-1008,64,3013,-1007.5,65,3013.5
6,-1007,64,3013,-1006.5,65,3013.5
6,-1006,64,3013,-1005.5,65,3013.5
6,-1005,64,3013,-1004.5,65,3013.5
6,-1004,64,3013,-1003.5,65,3013.5
6,-1003,64,3013,-1002.5,65,3013.5
6,-1002,64,3013,-1001.5,65,3013.5
6,-1001,64,3013,-1000.5,65,3013.5
6,-1000,64,3013,-999.5,65,3013.5
6,-999,64,3013,-998.5,65,3013.5
6,-998,64,3013,-997.5,65,3013.5
6,-997,64,3013,-996.5,65,3013.5
6,-996,64,3013,-995.5,65,3013.5
6,-990,64,3013,-989.5,65,3013.5
6,-989,64,3013,-988.5,65,3013.5
6,-988,64,3013,-987.5,65,3013.5
6,-987,64,3013,-986.5,65,3013.5
6,-986,64,3013,-985.5,65,3013.5
6,-985,64,3013,-984.5,65,3013.5
6,-984,64,3013,-983.5,65,3013.5
6,-1019,64,3014,-1018.5,65,3014.5
6,-1018,64,3014,-1017.5,65,3014.5
6,-1017,64,3014,-1016.5,65,3014.5
6,-1016,64,3014,-1015.5,65,3014.5
6,-1015,64,3014,-1014.5,65,3014.5
6,-1014,64,3014,-1013.5,65,3014.5
6,-1008,64,3014,-1007.5,65,3014.5
6,-1007,64,3014,-1006.5,65,3014.5
6,-1006,64,3014,-1005.5,65,3014.5
6,-1005,64,3014,-1004.5,65,3014.5
6,-1004,64,3014,-1003.5,65,3014.5
6,-1003,64,3014,-1002.5,65,3014.5
6,-1002,64,3014,-1001.5,65,3014.5
6,-1001,64,3014,-1000.5,65,3014.5
6,-1000,64,3014,-999.5,65,3014.5
6,-999,64,3014,-998.5,65,3014.5
6,-998,64,3014,-997.5,65,3014.5
6,-997,64,3014,-996.5,65,3014.5
6,-996,64,3014,-995.5,65,3014.5
6,-990,64,3014,-989.5,65,3014.5
6,-989,64,3014,-988.5,65,3014.5
6,-988,64,3014,-987.5,65,3014.5
6,-987,64,3014,-986.5,65,3014.5
6,-986,64,3014,-985.5,65,3014.5
6,-985,64,3014,-984.5,65,3014.5
6,-1019,64,3015,-1018.5,65,3015.5
6,-1018,64,3015,-1017.5,65,3015.5
6,-1017,64,3015,-1016.5,65,3015.5
6,-1016,64,3015,-1015.5,65,3015.5
6,-1015,64,3015,-1014.5,65,3015.5
6,-1014,64,3015,-1013.5,65,3015.5
6,-1008,64,3015,-1007.5,65,3015.5
6,-1007,64,3015,-1006.5,65,3015.5
6,-1006,64,3015,-1005.5,65,3015.5
6,-1005,64,3015,-1004.5,65,3015.5
6,-1004,64,3015,-1003.5,65,3015.5
6,-1003,64,3015,-1002.5,65,3015.5
6,-1002,64,3015,-1001.5,65,3015.5
6,-1001,64,3015,-1000.5,65,3015.5
6,-1000,64,3015,-999.5,65,3015.5
6,-999,64,3015,-998.5,65,3015.5
6,-998,64,3015,-997.5,65,3015.5
6,-997,64,3015,-996.5,65,3015.5
6,-996,64,3015,-995.5,65,3015.5
6,-990,64,3015,-989.5,65,3015.5
6,-989,64,3015,-988.5,65,3015.5
6,-988,64,3015,-987.5,65,3015.5
6,-987,64,3015,-986.5,65,3015.5
6,-986,64,3015,-985.5,65,3015.5
6,-985,64,3015,-984.5,65,3015.5
6,-1018,64,3016,-1017.5,65,3016.5
6,-1017,64,3016,-1016.5,65,3016.5
6,-1016,64,3016,-1015.5,65,3016.5
6,-1015,64,3016,-1014.5,65,3016.5
6,-1014,64,3016,-1013.5,65,3016.5
6,-1008,64,3016,-1007.5,65,3016.5
6,-1007,64,3016,-1006.5,65,3016.5
6,-1006,64,3016,-1005.5,65,3016.5
6,-1005,64,3016,-1004.5,65,3016.5
6,-1004,64,3016,-1003.5,65,3016.5
6,-1003,64,3016,-1002.5,65,3016.5
6,-1002,64,3016,-1001.5,65,3016.5
6,-1001,64,3016,-1000.5,65,3016.5
6,-1000,64,3016,-999.5,65,3016.5
6,-999,64,3016,-998.5,65,3016.5
6,-998,64,3016,-997.5,65,3016.5
6,-997,64,3016,-996.5,65,3016.5
6,-996,64,3016,-995.5,65,3016.5
6,-990,64,3016,-989.5,65,3016.5
6,-989,64,3016,-988.5,65,3016.5
6,-988,64,3016,-987.5,65,3016.5
6,-987,64,3016,-986.5,65,3016.5
6,-986,64,3016,-985.5,65,3016.5
6,-1018,64,3017,-1017.5,65,3017.5
6,-1017,64,3017,-1016.5,65,3017.5
6,-1016,64,3017,-1015.5,65,3017.5
6,-1015,64,3017,-1014.5,65,3017.5
6,-1014,64,3017,-1013.5,65,3017.5
6,-1008,64,3017,-1007.5,65,3017.5
6,-1007,64,3017,-1006.5,65,3017.5
6,-1006,64,3017,-1005.5,65,3017.5
6,-1005,64,3017,-1004.5,65,3017.5
6,-1004,64,3017,-1003.5,65,3017.5
6,-1003,64,3017,-1002.5,65,3017.5
6,-1002,64,3017,-1001.5,65,3017.5
6,-1001,64,3017,-1000.5,65,3017.5
6,-1000,64,3017,-999.5,65,3017.5
6,-999,64,3017,-998.5,65,3017.5
6,-998,64,3017,-997.5,65,3017.5
6,-997,64,3017,-996.5,65,3017.5
6,-996,64,3017,-995.5,65,3017.5
6,-990,64,3017,-989.5,65,3017.5
6,-989,64,3017,-988.5,65,3017.5
6,-988,64,3017,-987.5,65,3017.5
6,-987,64,3017,-986.5,65,3017.5
6,-986,64,3017,-985.5,65,3017.5
6,-1018,64,3018,-1017.5,65,3018.5
6,-1017,64,3018,-1016.5,65,3018.5
6,-1016,64,3018,-1015.5,65,3018.5
6,-1015,64,3018,-1014.5,65,3018.5
6,-1014,64,3018,-1013.5,65,3018.5
6,-1013,64,3018,-1012.5,65,3018.5
6,-1012,64,3018,-1011.5,65,3018.5
6,-1011,64,3018,-1010.5,65,3018.5
6,-1010,64,3018,-1009.5,65,3018.5
6,-1009,64,3018,-1008.5,65,3018.5
6,-1008,64,3018,-1007.5,65,3018.5
6,-1007,64,3018,-1006.5,65,3018.5
6,-1006,64,3018,-1005.5,65,3018.5
6,-1005,64,3018,-1004.5,65,3018.5
6,-1004,64,3018,-1003.5,65,3018.5
6,-1003,64,3018,-1002.5,65,3018.5
6,-1002,64,3018,-1001.5,65,3018.5
6,-1001,64,3018,-1000.5,65,3018.5
6,-1000,64,3018,-999.5,65,3018.5
6,-999,64,3018,-998.5,65,3018.5
6,-998,64,3018,-997.5,65,3018.5
6,-997,64,3018,-996.5,65,3018.5
6,-996,64,3018,-995.5,65,3018.5
6,-995,64,3018,-994.5,65,3018.5
6,-994,64,3018,-993.5,65,3018.5
6,-993,64,3018,-992.5,65,3018.5
6,-992,64,3018,-991.5,65,3018.5
6,-991,64,3018,-990.5,65,3018.5
6,-990,64,3018,-989.5,65,3018.5
6,-989,64,3018,-988.5,65,3018.5
6,-988,64,3018,-987.5,65,3018.5
6,-987,64,3018,-986.5,65,3018.5
6,-986,64,3018,-985.5,65,3018.5
6,-1017,64,3019,-1016.5,65,3019.5
6,-1016,64,3019,-1015.5,65,3019.5
6,-1015,64,3019,-1014.5,65,3019.5
6,-1014,64,3019,-1013.5,65,3019.5
6,-1013,64,3019,-1012.5,65,3019.5
6,-1012,64,3019,-1011.5,65,3019.5
6,-1011,64,3019,-1010.5,65,3019.5
6,-1010,64,3019,-1009.5,65,3019.5
6,-1009,64,3019,-1008.5,65,3019.5
6,-1008,64,3019,-1007.5,65,3019.5
6,-1007,64,3019,-1006.5,65,3019.5
6,-1006,64,3019,-1005.5,65,3019.5
6,-1005,64,3019,-1004.5,65,3019.5
6,-1004,64,3019,-1003.5,65,3019.5
6,-1003,64,3019,-1002.5,65,3019.5
6,-1002,64,3019,-1001.5,65,3019.5
6,-1001,64,3019,-1000.5,65,3019.5
6,-1000,64,3019,-999.5,65,3019.5
6,-999,64,3019,-998.5,65,3019.5
6,-998,64,3019,-997.5,65,3019.5
6,-997,64,3019,-996.5,65,3019.5
6,-996,64,3019,-995.5,65,3019.5
6,-995,64,3019,-994.5,65,3019.5
6,-994,64,3019,-993.5,65,3019.5
6,-993,64,3019,-992.5,65,3019.5
6,-992,64,3019,-991.5,65,3019.5
6,-991,64,3019,-990.5,65,3019.5
6,-990,64,3019,-989.5,65,3019.5
6,-989,64,3019,-988.5,65,3019.5
6,-988,64,3019,-987.5,65,3019.5
6,-987,64,3019,-986.5,65,3019.5
6,-1017,64,3020,-1016.5,65,3020.5
6,-1016,64,3020,-1015.5,65,3020.5
6,-1015,64,3020,-1014.5,65,3020.5
6,-1014,64,3020,-1013.5,65,3020.5
6,-1013,64,3020,-1012.5,65,3020.5
6,-1012,64,3020,-1011.5,65,3020.5
6,-1011,64,3020,-1010.5,65,3020.5
6,-1010,64,3020,-1009.5,65,3020.5
6,-1009,64,3020,-1008.5,65,3020.5
6,-1008,64,3020,-1007.5,65,3020.5
6,-1007,64,3020,-1006.5,65,3020.5
6,-1006,64,3020,-1005.5,65,3020.5
6,-1005,64,3020,-1004.5,65,3020.5
6,-1004,64,3020,-1003.5,65,3020.5
6,-1003,64,3020,-1002.5,65,3020.5
6,-1002,64,3020,-1001.5,65,3020.5
6,-1001,64,3020,-1000.5,65,3020.5
6,-1000,64,3020,-999.5,65,3020.5
6,-999,64,3020,-998.5,65,3020.5
6,-998,64,3020,-997.5,65,3020.5
6,-997,64,3020,-996.5,65,3020.5
6,-996,64,3020,-995.5,65,3020.5
6,-995,64,3020,-994.5,65,3020.5
6,-994,64,3020,-993.5,65,3020.5
6,-993,64,3020,-992.5,65,3020.5
6,-992,64,3020,-991.5,65,3020.5
6,-991,64,3020,-990.5,65,3020.5
6,-990,64,3020,-989.5,65,3020.5
6,-989,64,3020,-988.5,65,3020.5
6,-988,64,3020,-987.5,65,3020.5
6,-987,64,3020,-986.5,65,3020.5
6,-1016,64,3021,-1015.5,65,3021.5
6,-1015,64,3021,-1014.5,65,3021.5
6,-1014,64,3021,-1013.5,65,3021.5
6,-1013,64,3021,-1012.5,65,3021.5
6,-1012,64,3021,-1011.5,65,3021.5
6,-1011,64,3021,-1010.5,65,3021.5
6,-1010,64,3021,-1009.5,65,3021.5
6,-1009,64,3021,-1008.5,65,3021.5
6,-1008,64,3021,-1007.5,65,3021.5
6,-1007,64,3021,-1006.5,65,3021.5
6,-1006,64,3021,-1005.5,65,3021.5
6,-1005,64,3021,-1004.5,65,3021.5
6,-1004,64,3021,-1003.5,65,3021.5
6,-1003,64,3021,-1002.5,65,3021.5
6,-1002,64,3021,-1001.5,65,3021.5
6,-1001,64,3021,-1000.5,65,3021.5
6,-1000,64,3021,-999.5,65,3021.5
6,-999,64,3021,-998.5,65,3021.5
6,-998,64,3021,-997.5,65,3021.5
6,-997,64,3021,-996.5,65,3021.5
6,-996,64,3021,-995.5,65,3021.5
6,-995,64,3021,-994.5,65,3021.5
6,-994,64,3021,-993.5,65,3021.5
6,-993,64,3021,-992.5,65,3021.5
6,-992,64,3021,-991.5,65,3021.5
6,-991,64,3021,-990.5,65,3021.5
6,-990,64,3021,-989.5,65,3021.5
6,-989,64,3021,-988.5,65,3021.5
6,-988,64,3021,-987.5,65,3021.5
6,-1014,64,3022,-1013.5,65,3022.5
6,-1013,64,3022,-1012.5,65,3022.5
6,-1012,64,3022,-1011.5,65,3022.5
6,-1011,64,3022,-1010.5,65,3022.5
6,-1010,64,3022,-1009.5,65,3022.5
6,-1009,64,3022,-1008.5,65,3022.5
6,-1008,64,3022,-1007.5,65,3022.5
6,-1007,64,3022,-1006.5,65,3022.5
6,-1006,64,3022,-1005.5,65,3022.5
6,-1005,64,3022,-1004.5,65,3022.5
6,-1004,64,3022,-1003.5,65,3022.5
6,-1003,64,3022,-1002.5,65,3022.5
6,-1002,64,3022,-1001.5,65,3022.5
6,-1001,64,3022,-1000.5,65,3022.5
6,-1000,64,3022,-999.5,65,3022.5
6,-999,64,3022,-998.5,65,3022.5
6,-998,64,3022,-997.5,65,3022.5
6,-997,64,3022,-996.5,65,3022.5
6,-996,64,3022,-995.5,65,3022.5
6,-995,64,3022,-994.5,65,3022.5
6,-994,64,3022,-993.5,65,3022.5
6,-993,64,3022,-992.5,65,3022.5
6,-992,64,3022,-991.5,65,3022.5
6,-991,64,3022,-990.5,65,3022.5
6,-990,64,3022,-989.5,65,3022.5
6,-1011,64,3023,-1010.5,65,3023.5
6,-1010,64,3023,-1009.5,65,3023.5
6,-1009,64,3023,-1008.5,65,3023.5
6,-1008,64,3023,-1007.5,65,3023.5
6,-1007,64,3023,-1006.5,65,3023.5
6,-1006,64,3023,-1005.5,65,3023.5
6,-1005,64,3023,-1004.5,65,3023.5
6,-1004,64,3023,-1003.5,65,3023.5
6,-1003,64,3023,-1002.5,65,3023.5
6,-1002,64,3023,-1001.5,65,3023.5
6,-1001,64,3023,-1000.5,65,3023.5
6,-1000,64,3023,-999.5,65,3023.5
6,-999,64,3023,-998.5,65,3023.5
6,-998,64,3023,-997.5,65,3023.5
6,-997,64,3023,-996.5,65,3023.5
6,-996,64,3023,-995.5,65,3023.5
6,-995,64,3023,-994.5,65,3023.5
6,-994,64,3023,-993.5,65,3023.5
6,-993,64,3023,-992.5,65,3023.5
6,-1009,64,3024,-1008.5,65,3024.5
6,-1008,64,3024,-1007.5,65,3024.5
6,-1007,64,3024,-1006.5,65,3024.5
6,-1006,64,3024,-1005.5,65,3024.5
6,-1005,64,3024,-1004.5,65,3024.5
6,-1004,64,3024,-1003.5,65,3024.5
6,-1003,64,3024,-1002.5,65,3024.5
6,-1002,64,3024,-1001.5,65,3024.5
6,-1001,64,3024,-1000.5,65,3024.5
6,-1000,64,3024,-999.5,65,3024.5
6,-999,64,3024,-998.5,65,3024.5
6,-998,64,3024,-997.5,65,3024.5
6,-997,64,3024,-996.5,65,3024.5
6,-996,64,3024,-995.5,65,3024.5
6,-995,64,3024,-994.5,65,3024.5
6,-1006,64,3025,-1005.5,65,3025.5
6,-1005,64,3025,-1004.5,65,3025.5
6,-1004,64,3025,-1003.5,65,3025.5
6,-1003,64,3025,-1002.5,65,3025.5
6,-1002,64,3025,-1001.5,65,3025.5
6,-1001,64,3025,-1000.5,65,3025.5
6,-1000,64,3025,-999.5,65,3025.5
6,-999,64,3025,-998.5,65,3025.5
6,-998,64,3025,-997.5,65,3025.5
6,-1004,64,3026,-1003.5,65,3026.5
6,-1003,64,3026,-1002.5,65,3026.5
6,-1002,64,3026,-1001.5,65,3026.5
6,-1001,64,3026,-1000.5,65,3026.5
6,-1000,64,3026,-999.5,65,3026.5
6,-1002,64,3027,-1001.5,65,3027.5
7,-1002,79,2986,-1001.5,80,2986.5
7,-1004,79,2987,-1003.5,80,2987.5
7,-1003,79,2987,-1002.5,80,2987.5
7,-1002,79,2987,-1001.5,80,2987.5
7,-1001,79,2987,-1000.5,80,2987.5
7,-1000,79,2987,-999.5,80,2987.5
7,-1006,79,2988,-1005.5,80,2988.5
7,-1005,79,2988,-1004.5,80,2988.5
7,-1004,79,2988,-1003.5,80,2988.5
7,-1003,79,2988,-1002.5,80,2988.5
7,-1002,79,2988,-1001.5,80,2988.5
7,-1001,79,2988,-1000.5,80,2988.5
7,-1000,79,2988,-999.5,80,2988.5
7,-999,79,2988,-998.5,80,2988.5
7,-998,79,2988,-997.5,80,2988.5
7,-1009,79,2989,-1008.5,80,2989.5
7,-1008,79,2989,-1007.5,80,2989.5
7,-1007,79,2989,-1006.5,80,2989.5
7,-1006,79,2989,-1005.5,80,2989.5
7,-1005,79,2989,-1004.5,80,2989.5
7,-1004,79,2989,-1003.5,80,2989.5
7,-1003,79,2989,-1002.5,80,2989.5
7,-1002,79,2989,-1001.5,80,2989.5
7,-1001,79,2989,-1000.5,80,2989.5
7,-1000,79,2989,-999.5,80,2989.5
7,-999,79,2989,-998.5,80,2989.5
7,-998,79,2989,-997.5,80,2989.5
7,-997,79,2989,-996.5,80,2989.5
7,-996,79,2989,-995.5,80,2989.5
7,-995,79,2989,-994.5,80,2989.5
7,-1011,79,2990,-1010.5,80,2990.5
7,-1010,79,2990,-1009.5,80,2990.5
7,-1009,79,2990,-1008.5,80,2990.5
7,-1008,79,2990,-1007.5,80,2990.5
7,-1007,79,2990,-1006.5,80,2990.5
7,-1006,79,2990,-1005.5,80,2990.5
7,-1005,79,2990,-1004.5,80,2990.5
7,-1004,79,2990,-1003.5,80,2990.5
7,-1003,79,2990,-1002.5,80,2990.5
7,-1002,79,2990,-1001.5,80,2990.5
7,-1001,79,2990,-1000.5,80,2990.5
7,-1000,79,2990,-999.5,80,2990.5
7,-999,79,2990,-998.5,80,2990.5
7,-998,79,2990,-997.5,80,2990.5
7,-997,79,2990,-996.5,80,2990.5
7,-996,79,2990,-995.5,80,2990.5
7,-995,79,2990,-994.5,80,2990.5
7,-994,79,2990,-993.5,80,2990.5
7,-993,79,2990,-992.5,80,2990.5
7,-1014,79,2991,-1013.5,80,2991.5
7,-1013,79,2991,-1012.5,80,2991.5
7,-1012,79,2991,-1011.5,80,2991.5
7,-1011,79,2991,-1010.5,80,2991.5
7,-1010,79,2991,-1009.5,80,2991.5
7,-1009,79,2991,-1008.5,80,2991.5
7,-1008,79,2991,-1007.5,80,2991.5
7,-1007,79,2991,-1006.5,80,2991.5
7,-1006,79,2991,-1005.5,80,2991.5
7,-1005,79,2991,-1004.5,80,2991.5
7,-1004,79,2991,-1003.5,80,2991.5
7,-1003,79,2991,-1002.5,80,2991.5
7,-1002,79,2991,-1001.5,80,2991.5
7,-1001,79,2991,-1000.5,80,2991.5
7,-1000,79,2991,-999.5,80,2991.5
7,-999,79,2991,-998.5,80,2991.5
7,-998,79,2991,-997.5,80,2991.5
7,-997,79,2991,-996.5,80,2991.5
7,-996,79,2991,-995.5,80,2991.5
7,-995,79,2991,-994.5,80,2991.5
7,-994,79,2991,-993.5,80,2991.5
7,-993,79,2991,-992.5,80,2991.5
7,-992,79,2991,-991.5,80,2991.5
7,-991,79,2991,-990.5,80,2991.5
7,-990,79,2991,-989.5,80,2991.5
7,-1016,79,2992,-1015.5,80,2992.5
7,-1015,79,2992,-1014.5,80,2992.5
7,-1014,79,2992,-1013.5,80,2992.5
7,-1013,79,2992,-1012.5,80,2992.5
7,-1012,79,2992,-1011.5,80,2992.5
7,-1011,79,2992,-1010.5,80,2992.5
7,-1010,79,2992,-1009.5,80,2992.5
7,-1009,79,2992,-1008.5,80,2992.5
7,-1008,79,2992,-1007.5,80,2992.5
7,-1007,79,2992,-1006.5,80,2992.5
7,-1006,79,2992,-1005.5,80,2992.5
7,-1005,79,2992,-1004.5,80,2992.5
7,-1004,79,2992,-1003.5,80,2992.5
7,-1003,79,2992,-1002.5,80,2992.5
7,-1002,79,2992,-1001.5,80,2992.5
7,-1001,79,2992,-1000.5,80,2992.5
7,-1000,79,2992,-999.5,80,2992.5
7,-999,79,2992,-998.5,80,2992.5
7,-998,79,2992,-997.5,80,2992.5
7,-997,79,2992,-996.5,80,2992.5
7,-996,79,2992,-995.5,80,2992.5
7,-995,79,2992,-994.5,80,2992.5
7,-994,79,2992,-993.5,80,2992.5
7,-993,79,2992,-992.5,80,2992.5
7,-992,79,2992,-991.5,80,2992.5
7,-991,79,2992,-990.5,80,2992.5
7,-990,79,2992,-989.5,80,2992.5
7,-989,79,2992,-988.5,80,2992.5
7,-988,79,2992,-987.5,80,2992.5
7,-1016,79,2993,-1015.5,80,2993.5
7,-1015,79,2993,-1014.5,80,2993.5
7,-1014,79,2993,-1013.5,80,2993.5
7,-1013,79,2993,-1012.5,80,2993.5
7,-1012,79,2993,-1011.5,80,2993.5
7,-1011,79,2993,-1010.5,80,2993.5
7,-1010,79,2993,-1009.5,80,2993.5
7,-1009,79,2993,-1008.5,80,2993.5
7,-1008,79,2993,-1007.5,80,2993.5
7,-1007,79,2993,-1006.5,80,2993.5
7,-1006,79,2993,-1005.5,80,2993.5
7,-1005,79,2993,-1004.5,80,2993.5
7,-1004,79,2993,-1003.5,80,2993.5
7,-1003,79,2993,-1002.5,80,2993.5
7,-1002,79,2993,-1001.5,80,2993.5
7,-1001,79,2993,-1000.5,80,2993.5
7,-1000,79,2993,-999.5,80,2993.5
7,-999,79,2993,-998.5,80,2993.5
7,-998,79,2993,-997.5,80,2993.5
7,-997,79,2993,-996.5,80,2993.5
7,-996,79,2993,-995.5,80,2993.5
7,-995,79,2993,-994.5,80,2993.5
7,-994,79,2993,-993.5,80,2993.5
7,-993,79,2993,-992.5,80,2993.5
7,-992,79,2993,-991.5,80,2993.5
7,-991,79,2993,-990.5,80,2993.5
7,-990,79,2993,-989.5,80,2993.5
7,-989,79,2993,-988.5,80,2993.5
7,-988,79,2993,-987.5,80,2993.5
7,-1017,79,2994,-1016.5,80,2994.5
7,-1016,79,2994,-1015.5,80,2994.5
7,-1015,79,2994,-1014.5,80,2994.5
7,-1014,79,2994,-1013.5,80,2994.5
7,-1013,79,2994,-1012.5,80,2994.5
7,-1012,79,2994,-1011.5,80,2994.5
7,-1011,79,2994,-1010.5,80,2994.5
7,-1010,79,2994,-1009.5,80,2994.5
7,-1009,79,2994,-1008.5,80,2994.5
7,-1008,79,2994,-1007.5,80,2994.5
7,-1007,79,2994,-1006.5,80,2994.5
7,-1006,79,2994,-1005.5,80,2994.5
7,-1005,79,2994,-1004.5,80,2994.5
7,-1004,79,2994,-1003.5,80,2994.5
7,-1003,79,2994,-1002.5,80,2994.5
7,-1002,79,2994,-1001.5,80,2994.5
7,-1001,79,2994,-1000.5,80,2994.5
7,-1000,79,2994,-999.5,80,2994.5
7,-999,79,2994,-998.5,80,2994.5
7,-998,79,2994,-997.5,80,2994.5
7,-997,79,2994,-996.5,80,2994.5
7,-996,79,2994,-995.5,80,2994.5
7,-995,79,2994,-994.5,80,2994.5
7,-994,79,2994,-993.5,80,2994.5
7,-993,79,2994,-992.5,80,2994.5
7,-992,79,2994,-991.5,80,2994.5
7,-991,79,2994,-990.5,80,2994.5
7,-990,79,2994,-989.5,80,2994.5
7,-989,79,2994,-988.5,80,2994.5
7,-988,79,2994,-987.5,80,2994.5
7,-987,79,2994,-986.5,80,2994.5
7,-1017,79,2995,-1016.5,80,2995.5
7,-1016,79,2995,-1015.5,80,2995.5
7,-1015,79,2995,-1014.5,80,2995.5
7,-1014,79,2995,-1013.5,80,2995.5
7,-1008,79,2995,-1007.5,80,2995.5
7,-1007,79,2995,-1006.5,80,2995.5
7,-1006,79,2995,-1005.5,80,2995.5
7,-1005,79,2995,-1004.5,80,2995.5
7,-1004,79,2995,-1003.5,80,2995.5
7,-1003,79,2995,-1002.5,80,2995.5
7,-1002,79,2995,-1001.5,80,2995.5
7,-1001,79,2995,-1000.5,80,2995.5
7,-1000,79,2995,-999.5,80,2995.5
7,-999,79,2995,-998.5,80,2995.5
7,-998,79,2995,-997.5,80,2995.5
7,-997,79,2995,-996.5,80,2995.5
7,-996,79,2995,-995.5,80,2995.5
7,-990,79,2995,-989.5,80,2995.5
7,-989,79,2995,-988.5,80,2995.5
7,-988,79,2995,-987.5,80,2995.5
7,-987,79,2995,-986.5,80,2995.5
7,-1017,79,2996,-1016.5,80,2996.5
7,-1016,79,2996,-1015.5,80,2996.5
7,-1015,79,2996,-1014.5,80,2996.5
7,-1014,79,2996,-1013.5,80,2996.5
7,-1008,79,2996,-1007.5,80,2996.5
7,-1007,79,2996,-1006.5,80,2996.5
7,-1006,79,2996,-1005.5,80,2996.5
7,-1005,79,2996,-1004.5,80,2996.5
7,-1004,79,2996,-1003.5,80,2996.5
7,-1003,79,2996,-1002.5,80,2996.5
7,-1002,79,2996,-1001.5,80,2996.5
7,-1001,79,2996,-1000.5,80,2996.5
7,-1000,79,2996,-999.5,80,2996.5
7,-999,79,2996,-998.5,80,2996.5
7,-998,79,2996,-997.5,80,2996.5
7,-997,79,2996,-996.5,80,2996.5
7,-996,79,2996,-995.5,80,2996.5
7,-990,79,2996,-989.5,80,2996.5
7,-989,79,2996,-988.5,80,2996.5
7,-988,79,2996,-987.5,80,2996.5
7,-987,79,2996,-986.5,80,2996.5
7,-1018,79,2997,-1017.5,80,2997.5
7,-1017,79,2997,-1016.5,80,2997.5
7,-1016,79,2997,-1015.5,80,2997.5
7,-1015,79,2997,-1014.5,80,2997.5
7,-1014,79,2997,-1013.5,80,2997.5
7,-1008,79,2997,-1007.5,80,2997.5
7,-1007,79,2997,-1006.5,80,2997.5
7,-1006,79,2997,-1005.5,80,2997.5
7,-1005,79,2997,-1004.5,80,2997.5
7,-1004,79,2997,-1003.5,80,2997.5
7,-1003,79,2997,-1002.5,80,2997.5
7,-1002,79,2997,-1001.5,80,2997.5
7,-1001,79,2997,-1000.5,80,2997.5
7,-1000,79,2997,-999.5,80,2997.5
7,-999,79,2997,-998.5,80,2997.5
7,-998,79,2997,-997.5,80,2997.5
7,-997,79,2997,-996.5,80,2997.5
7,-996,79,2997,-995.5,80,2997.5
7,-990,79,2997,-989.5,80,2997.5
7,-989,79,2997,-988.5,80,2997.5
7,-988,79,2997,-987.5,80,2997.5
7,-987,79,2997,-986.5,80,2997.5
7,-986,79,2997,-985.5,80,2997.5
7,-1018,79,2998,-1017.5,80,2998.5
7,-1017,79,2998,-1016.5,80,2998.5
7,-1016,79,2998,-1015.5,80,2998.5
7,-1015,79,2998,-1014.5,80,2998.5
7,-1014,79,2998,-1013.5,80,2998.5
7,-1008,79,2998,-1007.5,80,2998.5
7,-1007,79,2998,-1006.5,80,2998.5
7,-1006,79,2998,-1005.5,80,2998.5
7,-1005,79,2998,-1004.5,80,2998.5
7,-1004,79,2998,-1003.5,80,2998.5
7,-1003,79,2998,-1002.5,80,2998.5
7,-1002,79,2998,-1001.5,80,2998.5
7,-1001,79,2998,-1000.5,80,2998.5
7,-1000,79,2998,-999.5,80,2998.5
7,-999,79,2998,-998.5,80,2998.5
7,-998,79,2998,-997.5,80,2998.5
7,-997,79,2998,-996.5,80,2998.5
7,-996,79,2998,-995.5,80,2998.5
7,-990,79,2998,-989.5,80,2998.5
7,-989,79,2998,-988.5,80,2998.5
7,-988,79,2998,-987.5,80,2998.5
7,-987,79,2998,-986.5,80,2998.5
7,-986,79,2998,-985.5,80,2998.5
7,-1019,79,2999,-1018.5,80,2999.5
7,-1018,79,2999,-1017.5,80,2999.5
7,-1017,79,2999,-1016.5,80,2999.5
7,-1016,79,2999,-1015.5,80,2999.5
7,-1015,79,2999,-1014.5,80,2999.5
7,-1014,79,2999,-1013.5,80,2999.5
7,-1008,79,2999,-1007.5,80,2999.5
7,-1007,79,2999,-1006.5,80,2999.5
7,-1006,79,2999,-1005.5,80,2999.5
7,-1005,79,2999,-1004.5,80,2999.5
7,-1004,79,2999,-1003.5,80,2999.5
7,-1003,79,2999,-1002.5,80,2999.5
7,-1002,79,2999,-1001.5,80,2999.5
7,-1001,79,2999,-1000.5,80,2999.5
7,-1000,79,2999,-999.5,80,2999.5
7,-999,79,2999,-998.5,80,2999.5
7,-998,79,2999,-997.5,80,2999.5
7,-997,79,2999,-996.5,80,2999.5
7,-996,79,2999,-995.5,80,2999.5
7,-990,79,2999,-989.5,80,2999.5
7,-989,79,2999,-988.5,80,2999.5
7,-988,79,2999,-987.5,80,2999.5
7,-987,79,2999,-986.5,80,2999.5
7,-986,79,2999,-985.5,80,2999.5
7,-985,79,2999,-984.5,80,2999.5
7,-1019,79,3000,-1018.5,80,3000.5
7,-1018,79,3000,-1017.5,80,3000.5
7,-1017,79,3000,-1016.5,80,3000.5
7,-1016,79,3000,-1015.5,80,3000.5
7,-1015,79,3000,-1014.5,80,3000.5
7,-1014,79,3000,-1013.5,80,3000.5
7,-1013,79,3000,-1012.5,80,3000.5
7,-1012,79,3000,-1011.5,80,3000.5
7,-1011,79,3000,-1010.5,80,3000.5
7,-1010,79,3000,-1009.5,80,3000.5
7,-1009,79,3000,-1008.5,80,3000.5
7,-1008,79,3000,-1007.5,80,3000.5
7,-1007,79,3000,-1006.5,80,3000.5
7,-1006,79,3000,-1005.5,80,3000.5
7,-1005,79,3000,-1004.5,80,3000.5
7,-1004,79,3000,-1003.5,80,3000.5
7,-1003,79,3000,-1002.5,80,3000.5
7,-1002,79,3000,-1001.5,80,3000.5
7,-1001,79,3000,-1000.5,80,3000.5
7,-1000,79,3000,-999.5,80,3000.5
7,-999,79,3000,-998.5,80,3000.5
7,-998,79,3000,-997.5,80,3000.5
7,-997,79,3000,-996.5,80,3000.5
7,-996,79,3000,-995.5,80,3000.5
7,-995,79,3000,-994.5,80,3000.5
7,-994,79,3000,-993.5,80,3000.5
7,-993,79,3000,-992.5,80,3000.5
7,-992,79,3000,-991.5,80,3000.5
7,-991,79,3000,-990.5,80,3000.5
7,-990,79,3000,-989.5,80,3000.5
7,-989,79,3000,-988.5,80,3000.5
7,-988,79,3000,-987.5,80,3000.5
7,-987,79,3000,-986.5,80,3000.5
7,-986,79,3000,-985.5,80,3000.5
7,-985,79,3000,-984.5,80,3000.5
7,-1019,79,3001,-1018.5,80,3001.5
7,-1018,79,3001,-1017.5,80,3001.5
7,-1017,79,3001,-1016.5,80,3001.5
7,-1016,79,3001,-1015.5,80,3001.5
7,-1015,79,3001,-1014.5,80,3001.5
7,-1014,79,3001,-1013.5,80,3001.5
7,-1013,79,3001,-1012.5,80,3001.5
7,-1012,79,3001,-1011.5,80,3001.5
7,-1011,79,3001,-1010.5,80,3001.5
7,-1010,79,3001,-1009.5,80,3001.5
7,-1009,79,3001,-1008.5,80,3001.5
7,-1008,79,3001,-1007.5,80,3001.5
7,-1007,79,3001,-1006.5,80,3001.5
7,-1006,79,3001,-1005.5,80,3001.5
7,-1005,79,3001,-1004.5,80,3001.5
7,-1004,79,3001,-1003.5,80,3001.5
7,-1003,79,3001,-1002.5,80,3001.5
7,-1002,79,3001,-1001.5,80,3001.5
7,-1001,79,3001,-1000.5,80,3001.5
7,-1000,79,3001,-999.5,80,3001.5
7,-999,79,3001,-998.5,80,3001.5
7,-998,79,3001,-997.5,80,3001.5
7,-997,79,3001,-996.5,80,3001.5
7,-996,79,3001,-995.5,80,3001.5
7,-995,79,3001,-994.5,80,3001.5
7,-994,79,3001,-993.5,80,3001.5
7,-993,79,3001,-992.5,80,3001.5
7,-992,79,3001,-991.5,80,3001.5
7,-991,79,3001,-990.5,80,3001.5
7,-990,79,3001,-989.5,80,3001.5
7,-989,79,3001,-988.5,80,3001.5
7,-988,79,3001,-987.5,80,3001.5
7,-987,79,3001,-986.5,80,3001.5
7,-986,79,3001,-985.5,80,3001.5
7,-985,79,3001,-984.5,80,3001.5
7,-1020,79,3002,-1019.5,80,3002.5
7,-1019,79,3002,-1018.5,80,3002.5
7,-1018,79,3002,-1017.5,80,3002.5
7,-1017,79,3002,-1016.5,80,3002.5
7,-1016,79,3002,-1015.5,80,3002.5
7,-1015,79,3002,-1014.5,80,3002.5
7,-1014,79,3002,-1013.5,80,3002.5
7,-1013,79,3002,-1012.5,80,3002.5
7,-1012,79,3002,-1011.5,80,3002.5
7,-1011,79,3002,-1010.5,80,3002.5
7,-1010,79,3002,-1009.5,80,3002.5
7,-1009,79,3002,-1008.5,80,3002.5
7,-1008,79,3002,-1007.5,80,3002.5
7,-1007,79,3002,-1006.5,80,3002.5
7,-1006,79,3002,-1005.5,80,3002.5
7,-1005,79,3002,-1004.5,80,3002.5
7,-1004,79,3002,-1003.5,80,3002.5
7,-1003,79,3002,-1002.5,80,3002.5
7,-1002,79,3002,-1001.5,80,3002.5
7,-1001,79,3002,-1000.5,80,3002.5
7,-1000,79,3002,-999.5,80,3002.5
7,-999,79,3002,-998.5,80,3002.5
7,-998,79,3002,-997.5,80,3002.5
7,-997,79,3002,-996.5,80,3002.5
7,-996,79,3002,-995.5,80,3002.5
7,-995,79,3002,-994.5,80,3002.5
7,-994,79,3002,-993.5,80,3002.5
7,-993,79,3002,-992.5,80,3002.5
7,-992,79,3002,-991.5,80,3002.5
7,-991,79,3002,-990.5,80,3002.5
7,-990,79,3002,-989.5,80,3002.5
7,-989,79,3002,-988.5,80,3002.5
7,-988,79,3002,-987.5,80,3002.5
7,-987,79,3002,-986.5,80,3002.5
7,-986,79,3002,-985.5,80,3002.5
7,-985,79,3002,-984.5,80,3002.5
7,-984,79,3002,-983.5,80,3002.5
7,-1020,79,3003,-1019.5,80,3003.5
7,-1019,79,3003,-1018.5,80,3003.5
7,-1018,79,3003,-1017.5,80,3003.5
7,-1017,79,3003,-1016.5,80,3003.5
7,-1016,79,3003,-1015.5,80,3003.5
7,-1015,79,3003,-1014.5,80,3003.5
7,-1014,79,3003,-1013.5,80,3003.5
7,-1013,79,3003,-1012.5,80,3003.5
7,-1012,79,3003,-1011.5,80,3003.5
7,-1011,79,3003,-1010.5,80,3003.5
7,-1010,79,3003,-1009.5,80,3003.5
7,-1009,79,3003,-1008.5,80,3003.5
7,-1008,79,3003,-1007.5,80,3003.5
7,-1007,79,3003,-1006.5,80,3003.5
7,-1006,79,3003,-1005.5,80,3003.5
7,-1005,79,3003,-1004.5,80,3003.5
7,-1004,79,3003,-1003.5,80,3003.5
7,-1003,79,3003,-1002.5,80,3003.5
7,-1002,79,3003,-1001.5,80,3003.5
7,-1001,79,3003,-1000.5,80,3003.5
7,-1000,79,3003,-999.5,80,3003.5
7,-999,79,3003,-998.5,80,3003.5
7,-998,79,3003,-997.5,80,3003.5
7,-997,79,3003,-996.5,80,3003.5
7,-996,79,3003,-995.5,80,3003.5
7,-995,79,3003,-994.5,80,3003.5
7,-994,79,3003,-993.5,80,3003.5
7,-993,79,3003,-992.5,80,3003.5
7,-992,79,3003,-991.5,80,3003.5
7,-991,79,3003,-990.5,80,3003.5
7,-990,79,3003,-989.5,80,3003.5
7,-989,79,3003,-988.5,80,3003.5
7,-988,79,3003,-987.5,80,3003.5
7,-987,79,3003,-986.5,80,3003.5
7,-986,79,3003,-985.5,80,3003.5
7,-985,79,3003,-984.5,80,3003.5
7,-984,79,3003,-983.5,80,3003.5
7,-1021,79,3004,-1020.5,80,3004.5
7,-1020,79,3004,-1019.5,80,3004.5
7,-1019,79,3004,-1018.5,80,3004.5
7,-1018,79,3004,-1017.5,80,3004.5
7,-1017,79,3004,-1016.5,80,3004.5
7,-1016,79,3004,-1015.5,80,3004.5
7,-1015,79,3004,-1014.5,80,3004.5
7,-1014,79,3004,-1013.5,80,3004.5
7,-1013,79,3004,-1012.5,80,3004.5
7,-1012,79,3004,-1011.5,80,3004.5
7,-1011,79,3004,-1010.5,80,3004.5
7,-1010,79,3004,-1009.5,80,3004.5
7,-1009,79,3004,-1008.5,80,3004.5
7,-1008,79,3004,-1007.5,80,3004.5
7,-1007,79,3004,-1006.5,80,3004.5
7,-1006,79,3004,-1005.5,80,3004.5
7,-1005,79,3004,-1004.5,80,3004.5
7,-1004,79,3004,-1003.5,80,3004.5
7,-1003,79,3004,-1002.5,80,3004.5
7,-1002,79,3004,-1001.5,80,3004.5
7,-1001,79,3004,-1000.5,80,3004.5
7,-1000,79,3004,-999.5,80,3004.5
7,-999,79,3004,-998.5,80,3004.5
7,-998,79,3004,-997.5,80,3004.5
7,-997,79,3004,-996.5,80,3004.5
7,-996,79,3004,-995.5,80,3004.5
7,-995,79,3004,-994.5,80,3004.5
7,-994,79,3004,-993.5,80,3004.5
7,-993,79,3004,-992.5,80,3004.5
7,-992,79,3004,-991.5,80,3004.5
7,-991,79,3004,-990.5,80,3004.5
7,-990,79,3004,-989.5,80,3004.5
7,-989,79,3004,-988.5,80,3004.5
7,-988,79,3004,-987.5,80,3004.5
7,-987,79,3004,-986.5,80,3004.5
7,-986,79,3004,-985.5,80,3004.5
7,-985,79,3004,-984.5,80,3004.5
7,-984,79,3004,-983.5,80,3004.5
7,-983,79,3004,-982.5,80,3004.5
7,-1021,79,3005,-1020.5,80,3005.5
7,-1020,79,3005,-1019.5,80,3005.5
7,-1019,79,3005,-1018.5,80,3005.5
7,-1018,79,3005,-1017.5,80,3005.5
7,-1017,79,3005,-1016.5,80,3005.5
7,-1016,79,3005,-1015.5,80,3005.5
7,-1015,79,3005,-1014.5,80,3005.5
7,-1014,79,3005,-1013.5,80,3005.5
7,-1013,79,3005,-1012.5,80,3005.5
7,-1012,79,3005,-1011.5,80,3005.5
7,-1011,79,3005,-1010.5,80,3005.5
7,-1010,79,3005,-1009.5,80,3005.5
7,-1009,79,3005,-1008.5,80,3005.5
7,-1008,79,3005,-1007.5,80,3005.5
7,-1007,79,3005,-1006.5,80,3005.5
7,-1006,79,3005,-1005.5,80,3005.5
7,-1005,79,3005,-1004.5,80,3005.5
7,-1004,79,3005,-1003.5,80,3005.5
7,-1003,79,3005,-1002.5,80,3005.5
7,-1002,79,3005,-1001.5,80,3005.5
7,-1001,79,3005,-1000.5,80,3005.5
7,-1000,79,3005,-999.5,80,3005.5
7,-999,79,3005,-998.5,80,3005.5
7,-998,79,3005,-997.5,80,3005.5
7,-997,79,3005,-996.5,80,3005.5
7,-996,79,3005,-995.5,80,3005.5
7,-995,79,3005,-994.5,80,3005.5
7,-994,79,3005,-993.5,80,3005.5
7,-993,79,3005,-992.5,80,3005.5
7,-992,79,3005,-991.5,80,3005.5
7,-991,79,3005,-990.5,80,3005.5
7,-990,79,3005,-989.5,80,3005.5
7,-989,79,3005,-988.5,80,3005.5
7,-988,79,3005,-987.5,80,3005.5
7,-987,79,3005,-986.5,80,3005.5
7,-986,79,3005,-985.5,80,3005.5
7,-985,79,3005,-984.5,80,3005.5
7,-984,79,3005,-983.5,80,3005.5
7,-983,79,3005,-982.5,80,3005.5
7,-1022,79,3006,-1021.5,80,3006.5
7,-1021,79,3006,-1020.5,80,3006.5
7,-1020,79,3006,-1019.5,80,3006.5
7,-1019,79,3006,-1018.5,80,3006.5
7,-1018,79,3006,-1017.5,80,3006.5
7,-1017,79,3006,-1016.5,80,3006.5
7,-1016,79,3006,-1015.5,80,3006.5
7,-1015,79,3006,-1014.5,80,3006.5
7,-1014,79,3006,-1013.5,80,3006.5
7,-1013,79,3006,-1012.5,80,3006.5
7,-1012,79,3006,-1011.5,80,3006.5
7,-1011,79,3006,-1010.5,80,3006.5
7,-1010,79,3006,-1009.5,80,3006.5
7,-1009,79,3006,-1008.5,80,3006.5
7,-1008,79,3006,-1007.5,80,3006.5
7,-1007,79,3006,-1006.5,80,3006.5
7,-1006,79,3006,-1005.5,80,3006.5
7,-1005,79,3006,-1004.5,80,3006.5
7,-1004,79,3006,-1003.5,80,3006.5
7,-1003,79,3006,-1002.5,80,3006.5
7,-1002,79,3006,-1001.5,80,3006.5
7,-1001,79,3006,-1000.5,80,3006.5
7,-1000,79,3006,-999.5,80,3006.5
7,-999,79,3006,-998.5,80,3006.5
7,-998,79,3006,-997.5,80,3006.5
7,-997,79,3006,-996.5,80,3006.5
7,-996,79,3006,-995.5,80,3006.5
7,-995,79,3006,-994.5,80,3006.5
7,-994,79,3006,-993.5,80,3006.5
7,-993,79,3006,-992.5,80,3006.5
7,-992,79,3006,-991.5,80,3006.5
7,-991,79,3006,-990.5,80,3006.5
7,-990,79,3006,-989.5,80,3006.5
7,-989,79,3006,-988.5,80,3006.5
7,-988,79,3006,-987.5,80,3006.5
7,-987,79,3006,-986.5,80,3006.5
7,-986,79,3006,-985.5,80,3006.5
7,-985,79,3006,-984.5,80,3006.5
7,-984,79,3006,-983.5,80,3006.5
7,-983,79,3006,-982.5,80,3006.5
7,-982,79,3006,-981.5,80,3006.5
7,-1021,79,3007,-1020.5,80,3007.5
7,-1020,79,3007,-1019.5,80,3007.5
7,-1019,79,3007,-1018.5,80,3007.5
7,-1018,79,3007,-1017.5,80,3007.5
7,-1017,79,3007,-1016.5,80,3007.5
7,-1016,79,3007,-1015.5,80,3007.5
7,-1015,79,3007,-1014.5,80,3007.5
7,-1014,79,3007,-1013.5,80,3007.5
7,-1013,79,3007,-1012.5,80,3007.5
7,-1012,79,3007,-1011.5,80,3007.5
7,-1011,79,3007,-1010.5,80,3007.5
7,-1010,79,3007,-1009.5,80,3007.5
7,-1009,79,3007,-1008.5,80,3007.5
7,-1008,79,3007,-1007.5,80,3007.5
7,-1007,79,3007,-1006.5,80,3007.5
7,-1006,79,3007,-1005.5,80,3007.5
7,-1005,79,3007,-1004.5,80,3007.5
7,-1004,79,3007,-1003.5,80,3007.5
7,-1003,79,3007,-1002.5,80,3007.5
7,-1002,79,3007,-1001.5,80,3007.5
7,-1001,79,3007,-1000.5,80,3007.5
7,-1000,79,3007,-999.5,80,3007.5
7,-999,79,3007,-998.5,80,3007.5
7,-998,79,3007,-997.5,80,3007.5
7,-997,79,3007,-996.5,80,3007.5
7,-996,79,3007,-995.5,80,3007.5
7,-995,79,3007,-994.5,80,3007.5
7,-994,79,3007,-993.5,80,3007.5
7,-993,79,3007,-992.5,80,3007.5
7,-992,79,3007,-991.5,80,3007.5
7,-991,79,3007,-990.5,80,3007.5
7,-990,79,3007,-989.5,80,3007.5
7,-989,79,3007,-988.5,80,3007.5
7,-988,79,3007,-987.5,80,3007.5
7,-987,79,3007,-986.5,80,3007.5
7,-986,79,3007,-985.5,80,3007.5
7,-985,79,3007,-984.5,80,3007.5
7,-984,79,3007,-983.5,80,3007.5
7,-983,79,3007,-982.5,80,3007.5
7,-1021,79,3008,-1020.5,80,3008.5
7,-1020,79,3008,-1019.5,80,3008.5
7,-1019,79,3008,-1018.5,80,3008.5
7,-1018,79,3008,-1017.5,80,3008.5
7,-1017,79,3008,-1016.5,80,3008.5
7,-1016,79,3008,-1015.5,80,3008.5
7,-1015,79,3008,-1014.5,80,3008.5
7,-1014,79,3008,-1013.5,80,3008.5
7,-1013,79,3008,-1012.5,80,3008.5
7,-1012,79,3008,-1011.5,80,3008.5
7,-1011,79,3008,-1010.5,80,3008.5
7,-1010,79,3008,-1009.5,80,3008.5
7,-1009,79,3008,-1008.5,80,3008.5
7,-1008,79,3008,-1007.5,80,3008.5
7,-1007,79,3008,-1006.5,80,3008.5
7,-1006,79,3008,-1005.5,80,3008.5
7,-1005,79,3008,-1004.5,80,3008.5
7,-1004,79,3008,-1003.5,80,3008.5
7,-1003,79,3008,-1002.5,80,3008.5
7,-1002,79,3008,-1001.5,80,3008.5
7,-1001,79,3008,-1000.5,80,3008.5
7,-1000,79,3008,-999.5,80,3008.5
7,-999,79,3008,-998.5,80,3008.5
7,-998,79,3008,-997.5,80,3008.5
7,-997,79,3008,-996.5,80,3008.5
7,-996,79,3008,-995.5,80,3008.5
7,-995,79,3008,-994.5,80,3008.5
7,-994,79,3008,-993.5,80,3008.5
7,-993,79,3008,-992.5,80,3008.5
7,-992,79,3008,-991.5,80,3008.5
7,-991,79,3008,-990.5,80,3008.5
7,-990,79,3008,-989.5,80,3008.5
7,-989,79,3008,-988.5,80,3008.5
7,-988,79,3008,-987.5,80,3008.5
7,-987,79,3008,-986.5,80,3008.5
7,-986,79,3008,-985.5,80,3008.5
7,-985,79,3008,-984.5,80,3008.5
7,-984,79,3008,-983.5,80,3008.5
7,-983,79,3008,-982.5,80,3008.5
7,-1020,79,3009,-1019.5,80,3009.5
7,-1019,79,3009,-1018.5,80,3009.5
7,-1018,79,3009,-1017.5,80,3009.5
7,-1017,79,3009,-1016.5,80,3009.5
7,-1016,79,3009,-1015.5,80,3009.5
7,-1015,79,3009,-1014.5,80,3009.5
7,-1014,79,3009,-1013.5,80,3009.5
7,-1013,79,3009,-1012.5,80,3009.5
7,-1012,79,3009,-1011.5,80,3009.5
7,-1011,79,3009,-1010.5,80,3009.5
7,-1010,79,3009,-1009.5,80,3009.5
7,-1009,79,3009,-1008.5,80,3009.5
7,-1008,79,3009,-1007.5,80,3009.5
7,-1007,79,3009,-1006.5,80,3009.5
7,-1006,79,3009,-1005.5,80,3009.5
7,-1005,79,3009,-1004.5,80,3009.5
7,-1004,79,3009,-1003.5,80,3009.5
7,-1003,79,3009,-1002.5,80,3009.5
7,-1002,79,3009,-1001.5,80,3009.5
7,-1001,79,3009,-1000.5,80,3009.5
7,-1000,79,3009,-999.5,80,3009.5
7,-999,79,3009,-998.5,80,3009.5
7,-998,79,3009,-997.5,80,3009.5
7,-997,79,3009,-996.5,80,3009.5
7,-996,79,3009,-995.5,80,3009.5
7,-995,79,3009,-994.5,80,3009.5
7,-994,79,3009,-993.5,80,3009.5
7,-993,79,3009,-992.5,80,3009.5
7,-992,79,3009,-991.5,80,3009.5
7,-991,79,3009,-990.5,80,3009.5
7,-990,79,3009,-989.5,80,3009.5
7,-989,79,3009,-988.5,80,3009.5
7,-988,79,3009,-987.5,80,3009.5
7,-987,79,3009,-986.5,80,3009.5
7,-986,79,3009,-985.5,80,3009.5
7,-985,79,3009,-984.5,80,3009.5
7,-984,79,3009,-983.5,80,3009.5
7,-1020,79,3010,-1019.5,80,3010.5
7,-1019,79,3010,-1018.5,80,3010.5
7,-1018,79,3010,-1017.5,80,3010.5
7,-1017,79,3010,-1016.5,80,3010.5
7,-1016,79,3010,-1015.5,80,3010.5
7,-1015,79,3010,-1014.5,80,3010.5
7,-1014,79,3010,-1013.5,80,3010.5
7,-1013,79,3010,-1012.5,80,3010.5
7,-1012,79,3010,-1011.5,80,3010.5
7,-1011,79,3010,-1010.5,80,3010.5
7,-1010,79,3010,-1009.5,80,3010.5
7,-1009,79,3010,-1008.5,80,3010.5
7,-1008,79,3010,-1007.5,80,3010.5
7,-1007,79,3010,-1006.5,80,3010.5
7,-1006,79,3010,-1005.5,80,3010.5
7,-1005,79,3010,-1004.5,80,3010.5
7,-1004,79,3010,-1003.5,80,3010.5
7,-1003,79,3010,-1002.5,80,3010.5
7,-1002,79,3010,-1001.5,80,3010.5
7,-1001,79,3010,-1000.5,80,3010.5
7,-1000,79,3010,-999.5,80,3010.5
7,-999,79,3010,-998.5,80,3010.5
7,-998,79,3010,-997.5,80,3010.5
7,-997,79,3010,-996.5,80,3010.5
7,-996,79,3010,-995.5,80,3010.5
7,-995,79,3010,-994.5,80,3010.5
7,-994,79,3010,-993.5,80,3010.5
7,-993,79,3010,-992.5,80,3010.5
7,-992,79,3010,-991.5,80,3010.5
7,-991,79,3010,-990.5,80,3010.5
7,-990,79,3010,-989.5,80,3010.5
7,-989,79,3010,-988.5,80,3010.5
7,-988,79,3010,-987.5,80,3010.5
7,-987,79,3010,-986.5,80,3010.5
7,-986,79,3010,-985.5,80,3010.5
7,-985,79,3010,-984.5,80,3010.5
7,-984,79,3010,-983.5,80,3010.5
7,-1019,79,3011,-1018.5,80,3011.5
7,-1018,79,3011,-1017.5,80,3011.5
7,-1017,79,3011,-1016.5,80,3011.5
7,-1016,79,3011,-1015.5,80,3011.5
7,-1015,79,3011,-1014.5,80,3011.5
7,-1014,79,3011,-1013.5,80,3011.5
7,-1013,79,3011,-1012.5,80,3011.5
7,-1012,79,3011,-1011.5,80,3011.5
7,-1011,79,3011,-1010.5,80,3011.5
7,-1010,79,3011,-1009.5,80,3011.5
7,-1009,79,3011,-1008.5,80,3011.5
7,-1008,79,3011,-1007.5,80,3011.5
7,-1007,79,3011,-1006.5,80,3011.5
7,-1006,79,3011,-1005.5,80,3011.5
7,-1005,79,3011,-1004.5,80,3011.5
7,-1004,79,3011,-1003.5,80,3011.5
7,-1003,79,3011,-1002.5,80,3011.5
7,-1002,79,3011,-1001.5,80,3011.5
7,-1001,79,3011,-1000.5,80,3011.5
7,-1000,79,3011,-999.5,80,3011.5
7,-999,79,3011,-998.5,80,3011.5
7,-998,79,3011,-997.5,80,3011.5
7,-997,79,3011,-996.5,80,3011.5
7,-996,79,3011,-995.5,80,3011.5
7,-995,79,3011,-994.5,80,3011.5
7,-994,79,3011,-993.5,80,3011.5
7,-993,79,3011,-992.5,80,3011.5
7,-992,79,3011,-991.5,80,3011.5
7,-991,79,3011,-990.5,80,3011.5
7,-990,79,3011,-989.5,80,3011.5
7,-989,79,3011,-988.5,80,3011.5
7,-988,79,3011,-987.5,80,3011.5
7,-987,79,3011,-986.5,80,3011.5
7,-986,79,3011,-985.5,80,3011.5
7,-985,79,3011,-984.5,80,3011.5
7,-1019,79,3012,-1018.5,80,3012.5
7,-1018,79,3012,-1017.5,80,3012.5
7,-1017,79,3012,-1016.5,80,3012.5
7,-1016,79,3012,-1015.5,80,3012.5
7,-1015,79,3012,-1014.5,80,3012.5
7,-1014,79,3012,-1013.5,80,3012.5
7,-1013,79,3012,-1012.5,80,3012.5
7,-1012,79,3012,-1011.5,80,3012.5
7,-1011,79,3012,-1010.5,80,3012.5
7,-1010,79,3012,-1009.5,80,3012.5
7,-1009,79,3012,-1008.5,80,3012.5
7,-1008,79,3012,-1007.5,80,3012.5
7,-1007,79,3012,-1006.5,80,3012.5
7,-1006,79,3012,-1005.5,80,3012.5
7,-1005,79,3012,-1004.5,80,3012.5
7,-1004,79,3012,-1003.5,80,3012.5
7,-1003,79,3012,-1002.5,80,3012.5
7,-1002,79,3012,-1001.5,80,3012.5
7,-1001,79,3012,-1000.5,80,3012.5
7,-1000,79,3012,-999.5,80,3012.5
7,-999,79,3012,-998.5,80,3012.5
7,-998,79,3012,-997.5,80,3012.5
7,-997,79,3012,-996.5,80,3012.5
7,-996,79,3012,-995.5,80,3012.5
7,-995,79,3012,-994.5,80,3012.5
7,-994,79,3012,-993.5,80,3012.5
7,-993,79,3012,-992.5,80,3012.5
7,-992,79,3012,-991.5,80,3012.5
7,-991,79,3012,-990.5,80,3012.5
7,-990,79,3012,-989.5,80,3012.5
7,-989,79,3012,-988.5,80,3012.5
7,-988,79,3012,-987.5,80,3012.5
7,-987,79,3012,-986.5,80,3012.5
7,-986,79,3012,-985.5,80,3012.5
7,-985,79,3012,-984.5,80,3012.5
7,-1019,79,3013,-1018.5,80,3013.5
7,-1018,79,3013,-1017.5,80,3013.5
7,-1017,79,3013,-1016.5,80,3013.5
7,-1016,79,3013,-1015.5,80,3013.5
7,-1015,79,3013,-1014.5,80,3013.5
7,-1014,79,3013,-1013.5,80,3013.5
7,-1008,79,3013,-1007.5,80,3013.5
7,-1007,79,3013,-1006.5,80,3013.5
7,-1006,79,3013,-1005.5,80,3013.5
7,-1005,79,3013,-1004.5,80,3013.5
7,-1004,79,3013,-1003.5,80,3013.5
7,-1003,79,3013,-1002.5,80,3013.5
7,-1002,79,3013,-1001.5,80,3013.5
7,-1001,79,3013,-1000.5,80,3013.5
7,-1000,79,3013,-999.5,80,3013.5
7,-999,79,3013,-998.5,80,3013.5
7,-998,79,3013,-997.5,80,3013.5
7,-997,79,3013,-996.5,80,3013.5
7,-996,79,3013,-995.5,80,3013.5
7,-990,79,3013,-989.5,80,3013.5
7,-989,79,3013,-988.5,80,3013.5
7,-988,79,3013,-987.5,80,3013.5
7,-987,79,3013,-986.5,80,3013.5
7,-986,79,3013,-985.5,80,3013.5
7,-985,79,3013,-984.5,80,3013.5
7,-1018,79,3014,-1017.5,80,3014.5
7,-1017,79,3014,-1016.5,80,3014.5
7,-1016,79,3014,-1015.5,80,3014.5
7,-1015,79,3014,-1014.5,80,3014.5
7,-1014,79,3014,-1013.5,80,3014.5
7,-1008,79,3014,-1007.5,80,3014.5
7,-1007,79,3014,-1006.5,80,3014.5
7,-1006,79,3014,-1005.5,80,3014.5
7,-1005,79,3014,-1004.5,80,3014.5
7,-1004,79,3014,-1003.5,80,3014.5
7,-1003,79,3014,-1002.5,80,3014.5
7,-1002,79,3014,-1001.5,80,3014.5
7,-1001,79,3014,-1000.5,80,3014.5
7,-1000,79,3014,-999.5,80,3014.5
7,-999,79,3014,-998.5,80,3014.5
7,-998,79,3014,-997.5,80,3014.5
7,-997,79,3014,-996.5,80,3014.5
7,-996,79,3014,-995.5,80,3014.5
7,-990,79,3014,-989.5,80,3014.5
7,-989,79,3014,-988.5,80,3014.5
7,-988,79,3014,-987.5,80,3014.5
7,-987,79,3014,-986.5,80,3014.5
7,-986,79,3014,-985.5,80,3014.5
7,-1018,79,3015,-1017.5,80,3015.5
7,-1017,79,3015,-1016.5,80,3015.5
7,-1016,79,3015,-1015.5,80,3015.5
7,-1015,79,3015,-1014.5,80,3015.5
7,-1014,79,3015,-1013.5,80,3015.5
7,-1008,79,3015,-1007.5,80,3015.5
7,-1007,79,3015,-1006.5,80,3015.5
7,-1006,79,3015,-1005.5,80,3015.5
7,-1005,79,3015,-1004.5,80,3015.5
7,-1004,79,3015,-1003.5,80,3015.5
7,-1003,79,3015,-1002.5,80,3015.5
7,-1002,79,3015,-1001.5,80,3015.5
7,-1001,79,3015,-1000.5,80,3015.5
7,-1000,79,3015,-999.5,80,3015.5
7,-999,79,3015,-998.5,80,3015.5
7,-998,79,3015,-997.5,80,3015.5
7,-997,79,3015,-996.5,80,3015.5
7,-996,79,3015,-995.5,80,3015.5
7,-990,79,3015,-989.5,80,3015.5
7,-989,79,3015,-988.5,80,3015.5
7,-988,79,3015,-987.5,80,3015.5
7,-987,79,3015,-986.5,80,3015.5
7,-986,79,3015,-985.5,80,3015.5
7,-1017,79,3016,-1016.5,80,3016.5
7,-1016,79,3016,-1015.5,80,3016.5
7,-1015,79,3016,-1014.5,80,3016.5
7,-1014,79,3016,-1013.5,80,3016.5
7,-1008,79,3016,-1007.5,80,3016.5
7,-1007,79,3016,-1006.5,80,3016.5
7,-1006,79,3016,-1005.5,80,3016.5
7,-1005,79,3016,-1004.5,80,3016.5
7,-1004,79,3016,-1003.5,80,3016.5
7,-1003,79,3016,-1002.5,80,3016.5
7,-1002,79,3016,-1001.5,80,3016.5
7,-1001,79,3016,-1000.5,80,3016.5
7,-1000,79,3016,-999.5,80,3016.5
7,-999,79,3016,-998.5,80,3016.5
7,-998,79,3016,-997.5,80,3016.5
7,-997,79,3016,-996.5,80,3016.5
7,-996,79,3016,-995.5,80,3016.5
7,-990,79,3016,-989.5,80,3016.5
7,-989,79,3016,-988.5,80,3016.5
7,-988,79,3016,-987.5,80,3016.5
7,-987,79,3016,-986.5,80,3016.5
7,-1017,79,3017,-1016.5,80,3017.5
7,-1016,79,3017,-1015.5,80,3017.5
7,-1015,79,3017,-1014.5,80,3017.5
7,-1014,79,3017,-1013.5,80,3017.5
7,-1008,79,3017,-1007.5,80,3017.5
7,-1007,79,3017,-1006.5,80,3017.5
7,-1006,79,3017,-1005.5,80,3017.5
7,-1005,79,3017,-1004.5,80,3017.5
7,-1004,79,3017,-1003.5,80,3017.5
7,-1003,79,3017,-1002.5,80,3017.5
7,-1002,79,3017,-1001.5,80,3017.5
7,-1001,79,3017,-1000.5,80,3017.5
7,-1000,79,3017,-999.5,80,3017.5
7,-999,79,3017,-998.5,80,3017.5
7,-998,79,3017,-997.5,80,3017.5
7,-997,79,3017,-996.5,80,3017.5
7,-996,79,3017,-995.5,80,3017.5
7,-990,79,3017,-989.5,80,3017.5
7,-989,79,3017,-988.5,80,3017.5
7,-988,79,3017,-987.5,80,3017.5
7,-987,79,3017,-986.5,80,3017.5
7,-1017,79,3018,-1016.5,80,3018.5
7,-1016,79,3018,-1015.5,80,3018.5
7,-1015,79,3018,-1014.5,80,3018.5
7,-1014,79,3018,-1013.5,80,3018.5
7,-1013,79,3018,-1012.5,80,3018.5
7,-1012,79,3018,-1011.5,80,3018.5
7,-1011,79,3018,-1010.5,80,3018.5
7,-1010,79,3018,-1009.5,80,3018.5
7,-1009,79,3018,-1008.5,80,3018.5
7,-1008,79,3018,-1007.5,80,3018.5
7,-1007,79,3018,-1006.5,80,3018.5
7,-1006,79,3018,-1005.5,80,3018.5
7,-1005,79,3018,-1004.5,80,3018.5
7,-1004,79,3018,-1003.5,80,3018.5
7,-1003,79,3018,-1002.5,80,3018.5
7,-1002,79,3018,-1001.5,80,3018.5
7,-1001,79,3018,-1000.5,80,3018.5
7,-1000,79,3018,-999.5,80,3018.5
7,-999,79,3018,-998.5,80,3018.5
7,-998,79,3018,-997.5,80,3018.5
7,-997,79,3018,-996.5,80,3018.5
7,-996,79,3018,-995.5,80,3018.5
7,-995,79,3018,-994.5,80,3018.5
7,-994,79,3018,-993.5,80,3018.5
7,-993,79,3018,-992.5,80,3018.5
7,-992,79,3018,-991.5,80,3018.5
7,-991,79,3018,-990.5,80,3018.5
7,-990,79,3018,-989.5,80,3018.5
7,-989,79,3018,-988.5,80,3018.5
7,-988,79,3018,-987.5,80,3018.5
7,-987,79,3018,-986.5,80,3018.5
7,-1016,79,3019,-1015.5,80,3019.5
7,-1015,79,3019,-1014.5,80,3019.5
7,-1014,79,3019,-1013.5,80,3019.5
7,-1013,79,3019,-1012.5,80,3019.5
7,-1012,79,3019,-1011.5,80,3019.5
7,-1011,79,3019,-1010.5,80,3019.5
7,-1010,79,3019,-1009.5,80,3019.5
7,-1009,79,3019,-1008.5,80,3019.5
7,-1008,79,3019,-1007.5,80,3019.5
7,-1007,79,3019,-1006.5,80,3019.5
7,-1006,79,3019,-1005.5,80,3019.5
7,-1005,79,3019,-1004.5,80,3019.5
7,-1004,79,3019,-1003.5,80,3019.5
7,-1003,79,3019,-1002.5,80,3019.5
7,-1002,79,3019,-1001.5,80,3019.5
7,-1001,79,3019,-1000.5,80,3019.5
7,-1000,79,3019,-999.5,80,3019.5
7,-999,79,3019,-998.5,80,3019.5
7,-998,79,3019,-997.5,80,3019.5
7,-997,79,3019,-996.5,80,3019.5
7,-996,79,3019,-995.5,80,3019.5
7,-995,79,3019,-994.5,80,3019.5
7,-994,79,3019,-993.5,80,3019.5
7,-993,79,3019,-992.5,80,3019.5
7,-992,79,3019,-991.5,80,3019.5
7,-991,79,3019,-990.5,80,3019.5
7,-990,79,3019,-989.5,80,3019.5
7,-989,79,3019,-988.5,80,3019.5
7,-988,79,3019,-987.5,80,3019.5
7,-1016,79,3020,-1015.5,80,3020.5
7,-1015,79,3020,-1014.5,80,3020.5
7,-1014,79,3020,-1013.5,80,3020.5
7,-1013,79,3020,-1012.5,80,3020.5
7,-1012,79,3020,-1011.5,80,3020.5
7,-1011,79,3020,-1010.5,80,3020.5
7,-1010,79,3020,-1009.5,80,3020.5
7,-1009,79,3020,-1008.5,80,3020.5
7,-1008,79,3020,-1007.5,80,3020.5
7,-1007,79,3020,-1006.5,80,3020.5
7,-1006,79,3020,-1005.5,80,3020.5
7,-1005,79,3020,-1004.5,80,3020.5
7,-1004,79,3020,-1003.5,80,3020.5
7,-1003,79,3020,-1002.5,80,3020.5
7,-1002,79,3020,-1001.5,80,3020.5
7,-1001,79,3020,-1000.5,80,3020.5
7,-1000,79,3020,-999.5,80,3020.5
7,-999,79,3020,-998.5,80,3020.5
7,-998,79,3020,-997.5,80,3020.5
7,-997,79,3020,-996.5,80,3020.5
7,-996,79,3020,-995.5,80,3020.5
7,-995,79,3020,-994.5,80,3020.5
7,-994,79,3020,-993.5,80,3020.5
7,-993,79,3020,-992.5,80,3020.5
7,-992,79,3020,-991.5,80,3020.5
7,-991,79,3020,-990.5,80,3020.5
7,-990,79,3020,-989.5,80,3020.5
7,-989,79,3020,-988.5,80,3020.5
7,-988,79,3020,-987.5,80,3020.5
7,-1014,79,3021,-1013.5,80,3021.5
7,-1013,79,3021,-1012.5,80,3021.5
7,-1012,79,3021,-1011.5,80,3021.5
7,-1011,79,3021,-1010.5,80,3021.5
7,-1010,79,3021,-1009.5,80,3021.5
7,-1009,79,3021,-1008.5,80,3021.5
7,-1008,79,3021,-1007.5,80,3021.5
7,-1007,79,3021,-1006.5,80,3021.5
7,-1006,79,3021,-1005.5,80,3021.5
7,-1005,79,3021,-1004.5,80,3021.5
7,-1004,79,3021,-1003.5,80,3021.5
7,-1003,79,3021,-1002.5,80,3021.5
7,-1002,79,3021,-1001.5,80,3021.5
7,-1001,79,3021,-1000.5,80,3021.5
7,-1000,79,3021,-999.5,80,3021.5
7,-999,79,3021,-998.5,80,3021.5
7,-998,79,3021,-997.5,80,3021.5
7,-997,79,3021,-996.5,80,3021.5
7,-996,79,3021,-995.5,80,3021.5
7,-995,79,3021,-994.5,80,3021.5
7,-994,79,3021,-993.5,80,3021.5
7,-993,79,3021,-992.5,80,3021.5
7,-992,79,3021,-991.5,80,3021.5
7,-991,79,3021,-990.5,80,3021.5
7,-990,79,3021,-989.5,80,3021.5
7,-1011,79,3022,-1010.5,80,3022.5
7,-1010,79,3022,-1009.5,80,3022.5
7,-1009,79,3022,-1008.5,80,3022.5
7,-1008,79,3022,-1007.5,80,3022.5
7,-1007,79,3022,-1006.5,80,3022.5
7,-1006,79,3022,-1005.5,80,3022.5
7,-1005,79,3022,-1004.5,80,3022.5
7,-1004,79,3022,-1003.5,80,3022.5
7,-1003,79,3022,-1002.5,80,3022.5
7,-1002,79,3022,-1001.5,80,3022.5
7,-1001,79,3022,-1000.5,80,3022.5
7,-1000,79,3022,-999.5,80,3022.5
7,-999,79,3022,-998.5,80,3022.5
7,-998,79,3022,-997.5,80,3022.5
7,-997,79,3022,-996.5,80,3022.5
7,-996,79,3022,-995.5,80,3022.5
7,-995,79,3022,-994.5,80,3022.5
7,-994,79,3022,-993.5,80,3022.5
7,-993,79,3022,-992.5,80,3022.5
7,-1009,79,3023,-1008.5,80,3023.5
7,-1008,79,3023,-1007.5,80,3023.5
7,-1007,79,3023,-1006.5,80,3023.5
7,-1006,79,3023,-1005.5,80,3023.5
7,-1005,79,3023,-1004.5,80,3023.5
7,-1004,79,3023,-1003.5,80,3023.5
7,-1003,79,3023,-1002.5,80,3023.5
7,-1002,79,3023,-1001.5,80,3023.5
7,-1001,79,3023,-1000.5,80,3023.5
7,-1000,79,3023,-999.5,80,3023.5
7,-999,79,3023,-998.5,80,3023.5
7,-998,79,3023,-997.5,80,3023.5
7,-997,79,3023,-996.5,80,3023.5
7,-996,79,3023,-995.5,80,3023.5
7,-995,79,3023,-994.5,80,3023.5
7,-1006,79,3024,-1005.5,80,3024.5
7,-1005,79,3024,-1004.5,80,3024.5
7,-1004,79,3024,-1003.5,80,3024.5
7,-1003,79,3024,-1002.5,80,3024.5
7,-1002,79,3024,-1001.5,80,3024.5
7,-1001,79,3024,-1000.5,80,3024.5
7,-1000,79,3024,-999.5,80,3024.5
7,-999,79,3024,-998.5,80,3024.5
7,-998,79,3024,-997.5,80,3024.5
7,-1004,79,3025,-1003.5,80,3025.5
7,-1003,79,3025,-1002.5,80,3025.5
7,-1002,79,3025,-1001.5,80,3025.5
7,-1001,79,3025,-1000.5,80,3025.5
7,-1000,79,3025,-999.5,80,3025.5
7,-1002,79,3026,-1001.5,80,3026.5
8,-1002,94,2987,-1001.5,95,2987.5
8,-1004,94,2988,-1003.5,95,2988.5
8,-1003,94,2988,-1002.5,95,2988.5
8,-1002,94,2988,-1001.5,95,2988.5
8,-1001,94,2988,-1000.5,95,2988.5
8,-1000,94,2988,-999.5,95,2988.5
8,-1006,94,2989,-1005.5,95,2989.5
8,-1005,94,2989,-1004.5,95,2989.5
8,-1004,94,2989,-1003.5,95,2989.5
8,-1003,94,2989,-1002.5,95,2989.5
8,-1002,94,2989,-1001.5,95,2989.5
8,-1001,94,2989,-1000.5,95,2989.5
8,-1000,94,2989,-999.5,95,2989.5
8,-999,94,2989,-998.5,95,2989.5
8,-998,94,2989,-997.5,95,2989.5
8,-1009,94,2990,-1008.5,95,2990.5
8,-1008,94,2990,-1007.5,95,2990.5
8,-1007,94,2990,-1006.5,95,2990.5
8,-1006,94,2990,-1005.5,95,2990.5
8,-1005,94,2990,-1004.5,95,2990.5
8,-1004,94,2990,-1003.5,95,2990.5
8,-1003,94,2990,-1002.5,95,2990.5
8,-1002,94,2990,-1001.5,95,2990.5
8,-1001,94,2990,-1000.5,95,2990.5
8,-1000,94,2990,-999.5,95,2990.5
8,-999,94,2990,-998.5,95,2990.5
8,-998,94,2990,-997.5,95,2990.5
8,-997,94,2990,-996.5,95,2990.5
8,-996,94,2990,-995.5,95,2990.5
8,-995,94,2990,-994.5,95,2990.5
8,-1011,94,2991,-1010.5,95,2991.5
8,-1010,94,2991,-1009.5,95,2991.5
8,-1009,94,2991,-1008.5,95,2991.5
8,-1008,94,2991,-1007.5,95,2991.5
8,-1007,94,2991,-1006.5,95,2991.5
8,-1006,94,2991,-1005.5,95,2991.5
8,-1005,94,2991,-1004.5,95,2991.5
8,-1004,94,2991,-1003.5,95,2991.5
8,-1003,94,2991,-1002.5,95,2991.5
8,-1002,94,2991,-1001.5,95,2991.5
8,-1001,94,2991,-1000.5,95,2991.5
8,-1000,94,2991,-999.5,95,2991.5
8,-999,94,2991,-998.5,95,2991.5
8,-998,94,2991,-997.5,95,2991.5
8,-997,94,2991,-996.5,95,2991.5
8,-996,94,2991,-995.5,95,2991.5
8,-995,94,2991,-994.5,95,2991.5
8,-994,94,2991,-993.5,95,2991.5
8,-993,94,2991,-992.5,95,2991.5
8,-1014,94,2992,-1013.5,95,2992.5
8,-1013,94,2992,-1012.5,95,2992.5
8,-1012,94,2992,-1011.5,95,2992.5
8,-1011,94,2992,-1010.5,95,2992.5
8,-1010,94,2992,-1009.5,95,2992.5
8,-1009,94,2992,-1008.5,95,2992.5
8,-1008,94,2992,-1007.5,95,2992.5
8,-1007,94,2992,-1006.5,95,2992.5
8,-1006,94,2992,-1005.5,95,2992.5
8,-1005,94,2992,-1004.5,95,2992.5
8,-1004,94,2992,-1003.5,95,2992.5
8,-1003,94,2992,-1002.5,95,2992.5
8,-1002,94,2992,-1001.5,95,2992.5
8,-1001,94,2992,-1000.5,95,2992.5
8,-1000,94,2992,-999.5,95,2992.5
8,-999,94,2992,-998.5,95,2992.5
8,-998,94,2992,-997.5,95,2992.5
8,-997,94,2992,-996.5,95,2992.5
8,-996,94,2992,-995.5,95,2992.5
8,-995,94,2992,-994.5,95,2992.5
8,-994,94,2992,-993.5,95,2992.5
8,-993,94,2992,-992.5,95,2992.5
8,-992,94,2992,-991.5,95,2992.5
8,-991,94,2992,-990.5,95,2992.5
8,-990,94,2992,-989.5,95,2992.5
8,-1015,94,2993,-1014.5,95,2993.5
8,-1014,94,2993,-1013.5,95,2993.5
8,-1013,94,2993,-1012.5,95,2993.5
8,-1012,94,2993,-1011.5,95,2993.5
8,-1011,94,2993,-1010.5,95,2993.5
8,-1010,94,2993,-1009.5,95,2993.5
8,-1009,94,2993,-1008.5,95,2993.5
8,-1008,94,2993,-1007.5,95,2993.5
8,-1007,94,2993,-1006.5,95,2993.5
8,-1006,94,2993,-1005.5,95,2993.5
8,-1005,94,2993,-1004.5,95,2993.5
8,-1004,94,2993,-1003.5,95,2993.5
8,-1003,94,2993,-1002.5,95,2993.5
8,-1002,94,2993,-1001.5,95,2993.5
8,-1001,94,2993,-1000.5,95,2993.5
8,-1000,94,2993,-999.5,95,2993.5
8,-999,94,2993,-998.5,95,2993.5
8,-998,94,2993,-997.5,95,2993.5
8,-997,94,2993,-996.5,95,2993.5
8,-996,94,2993,-995.5,95,2993.5
8,-995,94,2993,-994.5,95,2993.5
8,-994,94,2993,-993.5,95,2993.5
8,-993,94,2993,-992.5,95,2993.5
8,-992,94,2993,-991.5,95,2993.5
8,-991,94,2993,-990.5,95,2993.5
8,-990,94,2993,-989.5,95,2993.5
8,-989,94,2993,-988.5,95,2993.5
8,-1016,94,2994,-1015.5,95,2994.5
8,-1015,94,2994,-1014.5,95,2994.5
8,-1014,94,2994,-1013.5,95,2994.5
8,-1013,94,2994,-1012.5,95,2994.5
8,-1012,94,2994,-1011.5,95,2994.5
8,-1011,94,2994,-1010.5,95,2994.5
8,-1010,94,2994,-1009.5,95,2994.5
8,-1009,94,2994,-1008.5,95,2994.5
8,-1008,94,2994,-1007.5,95,2994.5
8,-1007,94,2994,-1006.5,95,2994.5
8,-1006,94,2994,-1005.5,95,2994.5
8,-1005,94,2994,-1004.5,95,2994.5
8,-1004,94,2994,-1003.5,95,2994.5
8,-1003,94,2994,-1002.5,95,2994.5
8,-1002,94,2994,-1001.5,95,2994.5
8,-1001,94,2994,-1000.5,95,2994.5
8,-1000,94,2994,-999.5,95,2994.5
8,-999,94,2994,-998.5,95,2994.5
8,-998,94,2994,-997.5,95,2994.5
8,-997,94,2994,-996.5,95,2994.5
8,-996,94,2994,-995.5,95,2994.5
8,-995,94,2994,-994.5,95,2994.5
8,-994,94,2994,-993.5,95,2994.5
8,-993,94,2994,-992.5,95,2994.5
8,-992,94,2994,-991.5,95,2994.5
8,-991,94,2994,-990.5,95,2994.5
8,-990,94,2994,-989.5,95,2994.5
8,-989,94,2994,-988.5,95,2994.5
8,-988,94,2994,-987.5,95,2994.5
8,-1016,94,2995,-1015.5,95,2995.5
8,-1015,94,2995,-1014.5,95,2995.5
8,-1014,94,2995,-1013.5,95,2995.5
8,-1008,94,2995,-1007.5,95,2995.5
8,-1007,94,2995,-1006.5,95,2995.5
8,-1006,94,2995,-1005.5,95,2995.5
8,-1005,94,2995,-1004.5,95,2995.5
8,-1004,94,2995,-1003.5,95,2995.5
8,-1003,94,2995,-1002.5,95,2995.5
8,-1002,94,2995,-1001.5,95,2995.5
8,-1001,94,2995,-1000.5,95,2995.5
8,-1000,94,2995,-999.5,95,2995.5
8,-999,94,2995,-998.5,95,2995.5
8,-998,94,2995,-997.5,95,2995.5
8,-997,94,2995,-996.5,95,2995.5
8,-996,94,2995,-995.5,95,2995.5
8,-990,94,2995,-989.5,95,2995.5
8,-989,94,2995,-988.5,95,2995.5
8,-988,94,2995,-987.5,95,2995.5
8,-1016,94,2996,-1015.5,95,2996.5
8,-1015,94,2996,-1014.5,95,2996.5
8,-1014,94,2996,-1013.5,95,2996.5
8,-1008,94,2996,-1007.5,95,2996.5
8,-1007,94,2996,-1006.5,95,2996.5
8,-1006,94,2996,-1005.5,95,2996.5
8,-1005,94,2996,-1004.5,95,2996.5
8,-1004,94,2996,-1003.5,95,2996.5
8,-1003,94,2996,-1002.5,95,2996.5
8,-1002,94,2996,-1001.5,95,2996.5
8,-1001,94,2996,-1000.5,95,2996.5
8,-1000,94,2996,-999.5,95,2996.5
8,-999,94,2996,-998.5,95,2996.5
8,-998,94,2996,-997.5,95,2996.5
8,-997,94,2996,-996.5,95,2996.5
8,-996,94,2996,-995.5,95,2996.5
8,-990,94,2996,-989.5,95,2996.5
8,-989,94,2996,-988.5,95,2996.5
8,-988,94,2996,-987.5,95,2996.5
8,-1017,94,2997,-1016.5,95,2997.5
8,-1016,94,2997,-1015.5,95,2997.5
8,-1015,94,2997,-1014.5,95,2997.5
8,-1014,94,2997,-1013.5,95,2997.5
8,-1008,94,2997,-1007.5,95,2997.5
8,-1007,94,2997,-1006.5,95,2997.5
8,-1006,94,2997,-1005.5,95,2997.5
8,-1005,94,2997,-1004.5,95,2997.5
8,-1004,94,2997,-1003.5,95,2997.5
8,-1003,94,2997,-1002.5,95,2997.5
8,-1002,94,2997,-1001.5,95,2997.5
8,-1001,94,2997,-1000.5,95,2997.5
8,-1000,94,2997,-999.5,95,2997.5
8,-999,94,2997,-998.5,95,2997.5
8,-998,94,2997,-997.5,95,2997.5
8,-997,94,2997,-996.5,95,2997.5
8,-996,94,2997,-995.5,95,2997.5
8,-990,94,2997,-989.5,95,2997.5
8,-989,94,2997,-988.5,95,2997.5
8,-988,94,2997,-987.5,95,2997.5
8,-987,94,2997,-986.5,95,2997.5
8,-1017,94,2998,-1016.5,95,2998.5
8,-1016,94,2998,-1015.5,95,2998.5
8,-1015,94,2998,-1014.5,95,2998.5
8,-1014,94,2998,-1013.5,95,2998.5
8,-1008,94,2998,-1007.5,95,2998.5
8,-1007,94,2998,-1006.5,95,2998.5
8,-1006,94,2998,-1005.5,95,2998.5
8,-1005,94,2998,-1004.5,95,2998.5
8,-1004,94,2998,-1003.5,95,2998.5
8,-1003,94,2998,-1002.5,95,2998.5
8,-1002,94,2998,-1001.5,95,2998.5
8,-1001,94,2998,-1000.5,95,2998.5
8,-1000,94,2998,-999.5,95,2998.5
8,-999,94,2998,-998.5,95,2998.5
8,-998,94,2998,-997.5,95,2998.5
8,-997,94,2998,-996.5,95,2998.5
8,-996,94,2998,-995.5,95,2998.5
8,-990,94,2998,-989.5,95,2998.5
8,-989,94,2998,-988.5,95,2998.5
8,-988,94,2998,-987.5,95,2998.5
8,-987,94,2998,-986.5,95,2998.5
8,-1018,94,2999,-1017.5,95,2999.5
8,-1017,94,2999,-1016.5,95,2999.5
8,-1016,94,2999,-1015.5,95,2999.5
8,-1015,94,2999,-1014.5,95,2999.5
8,-1014,94,2999,-1013.5,95,2999.5
8,-1008,94,2999,-1007.5,95,2999.5
8,-1007,94,2999,-1006.5,95,2999.5
8,-1006,94,2999,-1005.5,95,2999.5
8,-1005,94,2999,-1004.5,95,2999.5
8,-1004,94,2999,-1003.5,95,2999.5
8,-1003,94,2999,-1002.5,95,2999.5
8,-1002,94,2999,-1001.5,95,2999.5
8,-1001,94,2999,-1000.5,95,2999.5
8,-1000,94,2999,-999.5,95,2999.5
8,-999,94,2999,-998.5,95,2999.5
8,-998,94,2999,-997.5,95,2999.5
8,-997,94,2999,-996.5,95,2999.5
8,-996,94,2999,-995.5,95,2999.5
8,-990,94,2999,-989.5,95,2999.5
8,-989,94,2999,-988.5,95,2999.5
8,-988,94,2999,-987.5,95,2999.5
8,-987,94,2999,-986.5,95,2999.5
8,-986,94,2999,-985.5,95,2999.5
8,-1018,94,3000,-1017.5,95,3000.5
8,-1017,94,3000,-1016.5,95,3000.5
8,-1016,94,3000,-1015.5,95,3000.5
8,-1015,94,3000,-1014.5,95,3000.5
8,-1014,94,3000,-1013.5,95,3000.5
8,-1013,94,3000,-1012.5,95,3000.5
8,-1012,94,3000,-1011.5,95,3000.5
8,-1011,94,3000,-1010.5,95,3000.5
8,-1010,94,3000,-1009.5,95,3000.5
8,-1009,94,3000,-1008.5,95,3000.5
8,-1008,94,3000,-1007.5,95,3000.5
8,-1007,94,3000,-1006.5,95,3000.5
8,-1006,94,3000,-1005.5,95,3000.5
8,-1005,94,3000,-1004.5,95,3000.5
8,-1004,94,3000,-1003.5,95,3000.5
8,-1003,94,3000,-1002.5,95,3000.5
8,-1002,94,3000,-1001.5,95,3000.5
8,-1001,94,3000,-1000.5,95,3000.5
8,-1000,94,3000,-999.5,95,3000.5
8,-999,94,3000,-998.5,95,3000.5
8,-998,94,3000,-997.5,95,3000.5
8,-997,94,3000,-996.5,95,3000.5
8,-996,94,3000,-995.5,95,3000.5
8,-995,94,3000,-994.5,95,3000.5
8,-994,94,3000,-993.5,95,3000.5
8,-993,94,3000,-992.5,95,3000.5
8,-992,94,3000,-991.5,95,3000.5
8,-991,94,3000,-990.5,95,3000.5
8,-990,94,3000,-989.5,95,3000.5
8,-989,94,3000,-988.5,95,3000.5
8,-988,94,3000,-987.5,95,3000.5
8,-987,94,3000,-986.5,95,3000.5
8,-986,94,3000,-985.5,95,3000.5
8,-1018,94,3001,-1017.5,95,3001.5
8,-1017,94,3001,-1016.5,95,3001.5
8,-1016,94,3001,-1015.5,95,3001.5
8,-1015,94,3001,-1014.5,95,3001.5
8,-1014,94,3001,-1013.5,95,3001.5
8,-1013,94,3001,-1012.5,95,3001.5
8,-1012,94,3001,-1011.5,95,3001.5
8,-1011,94,3001,-1010.5,95,3001.5
8,-1010,94,3001,-1009.5,95,3001.5
8,-1009,94,3001,-1008.5,95,3001.5
8,-1008,94,3001,-1007.5,95,3001.5
8,-1007,94,3001,-1006.5,95,3001.5
8,-1006,94,3001,-1005.5,95,3001.5
8,-1005,94,3001,-1004.5,95,3001.5
8,-1004,94,3001,-1003.5,95,3001.5
8,-1003,94,3001,-1002.5,95,3001.5
8,-1002,94,3001,-1001.5,95,3001.5
8,-1001,94,3001,-1000.5,95,3001.5
8,-1000,94,3001,-999.5,95,3001.5
8,-999,94,3001,-998.5,95,3001.5
8,-998,94,3001,-997.5,95,3001.5
8,-997,94,3001,-996.5,95,3001.5
8,-996,94,3001,-995.5,95,3001.5
8,-995,94,3001,-994.5,95,3001.5
8,-994,94,3001,-993.5,95,3001.5
8,-993,94,3001,-992.5,95,3001.5
8,-992,94,3001,-991.5,95,3001.5
8,-991,94,3001,-990.5,95,3001.5
8,-990,94,3001,-989.5,95,3001.5
8,-989,94,3001,-988.5,95,3001.5
8,-988,94,3001,-987.5,95,3001.5
8,-987,94,3001,-986.5,95,3001.5
8,-986,94,3001,-985.5,95,3001.5
8,-1019,94,3002,-1018.5,95,3002.5
8,-1018,94,3002,-1017.5,95,3002.5
8,-1017,94,3002,-1016.5,95,3002.5
8,-1016,94,3002,-1015.5,95,3002.5
8,-1015,94,3002,-1014.5,95,3002.5
8,-1014,94,3002,-1013.5,95,3002.5
8,-1013,94,3002,-1012.5,95,3002.5
8,-1012,94,3002,-1011.5,95,3002.5
8,-1011,94,3002,-1010.5,95,3002.5
8,-1010,94,3002,-1009.5,95,3002.5
8,-1009,94,3002,-1008.5,95,3002.5
8,-1008,94,3002,-1007.5,95,3002.5
8,-1007,94,3002,-1006.5,95,3002.5
8,-1006,94,3002,-1005.5,95,3002.5
8,-1005,94,3002,-1004.5,95,3002.5
8,-1004,94,3002,-1003.5,95,3002.5
8,-1003,94,3002,-1002.5,95,3002.5
8,-1002,94,3002,-1001.5,95,3002.5
8,-1001,94,3002,-1000.5,95,3002.5
8,-1000,94,3002,-999.5,95,3002.5
8,-999,94,3002,-998.5,95,3002.5
8,-998,94,3002,-997.5,95,3002.5
8,-997,94,3002,-996.5,95,3002.5
8,-996,94,3002,-995.5,95,3002.5
8,-995,94,3002,-994.5,95,3002.5
8,-994,94,3002,-993.5,95,3002.5
8,-993,94,3002,-992.5,95,3002.5
8,-992,94,3002,-991.5,95,3002.5
8,-991,94,3002,-990.5,95,3002.5
8,-990,94,3002,-989.5,95,3002.5
8,-989,94,3002,-988.5,95,3002.5
8,-988,94,3002,-987.5,95,3002.5
8,-987,94,3002,-986.5,95,3002.5
8,-986,94,3002,-985.5,95,3002.5
8,-985,94,3002,-984.5,95,3002.5
8,-1019,94,3003,-1018.5,95,3003.5
8,-1018,94,3003,-1017.5,95,3003.5
8,-1017,94,3003,-1016.5,95,3003.5
8,-1016,94,3003,-1015.5,95,3003.5
8,-1015,94,3003,-1014.5,95,3003.5
8,-1014,94,3003,-1013.5,95,3003.5
8,-1013,94,3003,-1012.5,95,3003.5
8,-1012,94,3003,-1011.5,95,3003.5
8,-1011,94,3003,-1010.5,95,3003.5
8,-1010,94,3003,-1009.5,95,3003.5
8,-1009,94,3003,-1008.5,95,3003.5
8,-1008,94,3003,-1007.5,95,3003.5
8,-1007,94,3003,-1006.5,95,3003.5
8,-1006,94,3003,-1005.5,95,3003.5
8,-1005,94,3003,-1004.5,95,3003.5
8,-1004,94,3003,-1003.5,95,3003.5
8,-1003,94,3003,-1002.5,95,3003.5
8,-1002,94,3003,-1001.5,95,3003.5
8,-1001,94,3003,-1000.5,95,3003.5
8,-1000,94,3003,-999.5,95,3003.5
8,-999,94,3003,-998.5,95,3003.5
8,-998,94,3003,-997.5,95,3003.5
8,-997,94,3003,-996.5,95,3003.5
8,-996,94,3003,-995.5,95,3003.5
8,-995,94,3003,-994.5,95,3003.5
8,-994,94,3003,-993.5,95,3003.5
8,-993,94,3003,-992.5,95,3003.5
8,-992,94,3003,-991.5,95,3003.5
8,-991,94,3003,-990.5,95,3003.5
8,-990,94,3003,-989.5,95,3003.5
8,-989,94,3003,-988.5,95,3003.5
8,-988,94,3003,-987.5,95,3003.5
8,-987,94,3003,-986.5,95,3003.5
8,-986,94,3003,-985.5,95,3003.5
8,-985,94,3003,-984.5,95,3003.5
8,-1020,94,3004,-1019.5,95,3004.5
8,-1019,94,3004,-1018.5,95,3004.5
8,-1018,94,3004,-1017.5,95,3004.5
8,-1017,94,3004,-1016.5,95,3004.5
8,-1016,94,3004,-1015.5,95,3004.5
8,-1015,94,3004,-1014.5,95,3004.5
8,-1014,94,3004,-1013.5,95,3004.5
8,-1013,94,3004,-1012.5,95,3004.5
8,-1012,94,3004,-1011.5,95,3004.5
8,-1011,94,3004,-1010.5,95,3004.5
8,-1010,94,3004,-1009.5,95,3004.5
8,-1009,94,3004,-1008.5,95,3004.5
8,-1008,94,3004,-1007.5,95,3004.5
8,-1007,94,3004,-1006.5,95,3004.5
8,-1006,94,3004,-1005.5,95,3004.5
8,-1005,94,3004,-1004.5,95,3004.5
8,-1004,94,3004,-1003.5,95,3004.5
8,-1003,94,3004,-1002.5,95,3004.5
8,-1002,94,3004,-1001.5,95,3004.5
8,-1001,94,3004,-1000.5,95,3004.5
8,-1000,94,3004,-999.5,95,3004.5
8,-999,94,3004,-998.5,95,3004.5
8,-998,94,3004,-997.5,95,3004.5
8,-997,94,3004,-996.5,95,3004.5
8,-996,94,3004,-995.5,95,3004.5
8,-995,94,3004,-994.5,95,3004.5
8,-994,94,3004,-993.5,95,3004.5
8,-993,94,3004,-992.5,95,3004.5
8,-992,94,3004,-991.5,95,3004.5
8,-991,94,3004,-990.5,95,3004.5
8,-990,94,3004,-989.5,95,3004.5
8,-989,94,3004,-988.5,95,3004.5
8,-988,94,3004,-987.5,95,3004.5
8,-987,94,3004,-986.5,95,3004.5
8,-986,94,3004,-985.5,95,3004.5
8,-985,94,3004,-984.5,95,3004.5
8,-984,94,3004,-983.5,95,3004.5
8,-1020,94,3005,-1019.5,95,3005.5
8,-1019,94,3005,-1018.5,95,3005.5
8,-1018,94,3005,-1017.5,95,3005.5
8,-1017,94,3005,-1016.5,95,3005.5
8,-1016,94,3005,-1015.5,95,3005.5
8,-1015,94,3005,-1014.5,95,3005.5
8,-1014,94,3005,-1013.5,95,3005.5
8,-1013,94,3005,-1012.5,95,3005.5
8,-1012,94,3005,-1011.5,95,3005.5
8,-1011,94,3005,-1010.5,95,3005.5
8,-1010,94,3005,-1009.5,95,3005.5
8,-1009,94,3005,-1008.5,95,3005.5
8,-1008,94,3005,-1007.5,95,3005.5
8,-1007,94,3005,-1006.5,95,3005.5
8,-1006,94,3005,-1005.5,95,3005.5
8,-1005,94,3005,-1004.5,95,3005.5
8,-1004,94,3005,-1003.5,95,3005.5
8,-1003,94,3005,-1002.5,95,3005.5
8,-1002,94,3005,-1001.5,95,3005.5
8,-1001,94,3005,-1000.5,95,3005.5
8,-1000,94,3005,-999.5,95,3005.5
8,-999,94,3005,-998.5,95,3005.5
8,-998,94,3005,-997.5,95,3005.5
8,-997,94,3005,-996.5,95,3005.5
8,-996,94,3005,-995.5,95,3005.5
8,-995,94,3005,-994.5,95,3005.5
8,-994,94,3005,-993.5,95,3005.5
8,-993,94,3005,-992.5,95,3005.5
8,-992,94,3005,-991.5,95,3005.5
8,-991,94,3005,-990.5,95,3005.5
8,-990,94,3005,-989.5,95,3005.5
8,-989,94,3005,-988.5,95,3005.5
8,-988,94,3005,-987.5,95,3005.5
8,-987,94,3005,-986.5,95,3005.5
8,-986,94,3005,-985.5,95,3005.5
8,-985,94,3005,-984.5,95,3005.5
8,-984,94,3005,-983.5,95,3005.5
8,-1021,94,3006,-1020.5,95,3006.5
8,-1020,94,3006,-1019.5,95,3006.5
8,-1019,94,3006,-1018.5,95,3006.5
8,-1018,94,3006,-1017.5,95,3006.5
8,-1017,94,3006,-1016.5,95,3006.5
8,-1016,94,3006,-1015.5,95,3006.5
8,-1015,94,3006,-1014.5,95,3006.5
8,-1014,94,3006,-1013.5,95,3006.5
8,-1013,94,3006,-1012.5,95,3006.5
8,-1012,94,3006,-1011.5,95,3006.5
8,-1011,94,3006,-1010.5,95,3006.5
8,-1010,94,3006,-1009.5,95,3006.5
8,-1009,94,3006,-1008.5,95,3006.5
8,-1008,94,3006,-1007.5,95,3006.5
8,-1007,94,3006,-1006.5,95,3006.5
8,-1006,94,3006,-1005.5,95,3006.5
8,-1005,94,3006,-1004.5,95,3006.5
8,-1004,94,3006,-1003.5,95,3006.5
8,-1003,94,3006,-1002.5,95,3006.5
8,-1002,94,3006,-1001.5,95,3006.5
8,-1001,94,3006,-1000.5,95,3006.5
8,-1000,94,3006,-999.5,95,3006.5
8,-999,94,3006,-998.5,95,3006.5
8,-998,94,3006,-997.5,95,3006.5
8,-997,94,3006,-996.5,95,3006.5
8,-996,94,3006,-995.5,95,3006.5
8,-995,94,3006,-994.5,95,3006.5
8,-994,94,3006,-993.5,95,3006.5
8,-993,94,3006,-992.5,95,3006.5
8,-992,94,3006,-991.5,95,3006.5
8,-991,94,3006,-990.5,95,3006.5
8,-990,94,3006,-989.5,95,3006.5
8,-989,94,3006,-988.5,95,3006.5
8,-988,94,3006,-987.5,95,3006.5
8,-987,94,3006,-986.5,95,3006.5
8,-986,94,3006,-985.5,95,3006.5
8,-985,94,3006,-984.5,95,3006.5
8,-984,94,3006,-983.5,95,3006.5
8,-983,94,3006,-982.5,95,3006.5
8,-1020,94,3007,-1019.5,95,3007.5
8,-1019,94,3007,-1018.5,95,3007.5
8,-1018,94,3007,-1017.5,95,3007.5
8,-1017,94,3007,-1016.5,95,3007.5
8,-1016,94,3007,-1015.5,95,3007.5
8,-1015,94,3007,-1014.5,95,3007.5
8,-1014,94,3007,-1013.5,95,3007.5
8,-1013,94,3007,-1012.5,95,3007.5
8,-1012,94,3007,-1011.5,95,3007.5
8,-1011,94,3007,-1010.5,95,3007.5
8,-1010,94,3007,-1009.5,95,3007.5
8,-1009,94,3007,-1008.5,95,3007.5
8,-1008,94,3007,-1007.5,95,3007.5
8,-1007,94,3007,-1006.5,95,3007.5
8,-1006,94,3007,-1005.5,95,3007.5
8,-1005,94,3007,-1004.5,95,3007.5
8,-1004,94,3007,-1003.5,95,3007.5
8,-1003,94,3007,-1002.5,95,3007.5
8,-1002,94,3007,-1001.5,95,3007.5
8,-1001,94,3007,-1000.5,95,3007.5
8,-1000,94,3007,-999.5,95,3007.5
8,-999,94,3007,-998.5,95,3007.5
8,-998,94,3007,-997.5,95,3007.5
8,-997,94,3007,-996.5,95,3007.5
8,-996,94,3007,-995.5,95,3007.5
8,-995,94,3007,-994.5,95,3007.5
8,-994,94,3007,-993.5,95,3007.5
8,-993,94,3007,-992.5,95,3007.5
8,-992,94,3007,-991.5,95,3007.5
8,-991,94,3007,-990.5,95,3007.5
8,-990,94,3007,-989.5,95,3007.5
8,-989,94,3007,-988.5,95,3007.5
8,-988,94,3007,-987.5,95,3007.5
8,-987,94,3007,-986.5,95,3007.5
8,-986,94,3007,-985.5,95,3007.5
8,-985,94,3007,-984.5,95,3007.5
8,-984,94,3007,-983.5,95,3007.5
8,-1020,94,3008,-1019.5,95,3008.5
8,-1019,94,3008,-1018.5,95,3008.5
8,-1018,94,3008,-1017.5,95,3008.5
8,-1017,94,3008,-1016.5,95,3008.5
8,-1016,94,3008,-1015.5,95,3008.5
8,-1015,94,3008,-1014.5,95,3008.5
8,-1014,94,3008,-1013.5,95,3008.5
8,-1013,94,3008,-1012.5,95,3008.5
8,-1012,94,3008,-1011.5,95,3008.5
8,-1011,94,3008,-1010.5,95,3008.5
8,-1010,94,3008,-1009.5,95,3008.5
8,-1009,94,3008,-1008.5,95,3008.5
8,-1008,94,3008,-1007.5,95,3008.5
8,-1007,94,3008,-1006.5,95,3008.5
8,-1006,94,3008,-1005.5,95,3008.5
8,-1005,94,3008,-1004.5,95,3008.5
8,-1004,94,3008,-1003.5,95,3008.5
8,-1003,94,3008,-1002.5,95,3008.5
8,-1002,94,3008,-1001.5,95,3008.5
8,-1001,94,3008,-1000.5,95,3008.5
8,-1000,94,3008,-999.5,95,3008.5
8,-999,94,3008,-998.5,95,3008.5
8,-998,94,3008,-997.5,95,3008.5
8,-997,94,3008,-996.5,95,3008.5
8,-996,94,3008,-995.5,95,3008.5
8,-995,94,3008,-994.5,95,3008.5
8,-994,94,3008,-993.5,95,3008.5
8,-993,94,3008,-992.5,95,3008.5
8,-992,94,3008,-991.5,95,3008.5
8,-991,94,3008,-990.5,95,3008.5
8,-990,94,3008,-989.5,95,3008.5
8,-989,94,3008,-988.5,95,3008.5
8,-988,94,3008,-987.5,95,3008.5
8,-987,94,3008,-986.5,95,3008.5
8,-986,94,3008,-985.5,95,3008.5
8,-985,94,3008,-984.5,95,3008.5
8,-984,94,3008,-983.5,95,3008.5
8,-1019,94,3009,-1018.5,95,3009.5
8,-1018,94,3009,-1017.5,95,3009.5
8,-1017,94,3009,-1016.5,95,3009.5
8,-1016,94,3009,-1015.5,95,3009.5
8,-1015,94,3009,-1014.5,95,3009.5
8,-1014,94,3009,-1013.5,95,3009.5
8,-1013,94,3009,-1012.5,95,3009.5
8,-1012,94,3009,-1011.5,95,3009.5
8,-1011,94,3009,-1010.5,95,3009.5
8,-1010,94,3009,-1009.5,95,3009.5
8,-1009,94,3009,-1008.5,95,3009.5
8,-1008,94,3009,-1007.5,95,3009.5
8,-1007,94,3009,-1006.5,95,3009.5
8,-1006,94,3009,-1005.5,95,3009.5
8,-1005,94,3009,-1004.5,95,3009.5
8,-1004,94,3009,-1003.5,95,3009.5
8,-1003,94,3009,-1002.5,95,3009.5
8,-1002,94,3009,-1001.5,95,3009.5
8,-1001,94,3009,-1000.5,95,3009.5
8,-1000,94,3009,-999.5,95,3009.5
8,-999,94,3009,-998.5,95,3009.5
8,-998,94,3009,-997.5,95,3009.5
8,-997,94,3009,-996.5,95,3009.5
8,-996,94,3009,-995.5,95,3009.5
8,-995,94,3009,-994.5,95,3009.5
8,-994,94,3009,-993.5,95,3009.5
8,-993,94,3009,-992.5,95,3009.5
8,-992,94,3009,-991.5,95,3009.5
8,-991,94,3009,-990.5,95,3009.5
8,-990,94,3009,-989.5,95,3009.5
8,-989,94,3009,-988.5,95,3009.5
8,-988,94,3009,-987.5,95,3009.5
8,-987,94,3009,-986.5,95,3009.5
8,-986,94,3009,-985.5,95,3009.5
8,-985,94,3009,-984.5,95,3009.5
8,-1019,94,3010,-1018.5,95,3010.5
8,-1018,94,3010,-1017.5,95,3010.5
8,-1017,94,3010,-1016.5,95,3010.5
8,-1016,94,3010,-1015.5,95,3010.5
8,-1015,94,3010,-1014.5,95,3010.5
8,-1014,94,3010,-1013.5,95,3010.5
8,-1013,94,3010,-1012.5,95,3010.5
8,-1012,94,3010,-1011.5,95,3010.5
8,-1011,94,3010,-1010.5,95,3010.5
8,-1010,94,3010,-1009.5,95,3010.5
8,-1009,94,3010,-1008.5,95,3010.5
8,-1008,94,3010,-1007.5,95,3010.5
8,-1007,94,3010,-1006.5,95,3010.5
8,-1006,94,3010,-1005.5,95,3010.5
8,-1005,94,3010,-1004.5,95,3010.5
8,-1004,94,3010,-1003.5,95,3010.5
8,-1003,94,3010,-1002.5,95,3010.5
8,-1002,94,3010,-1001.5,95,3010.5
8,-1001,94,3010,-1000.5,95,3010.5
8,-1000,94,3010,-999.5,95,3010.5
8,-999,94,3010,-998.5,95,3010.5
8,-998,94,3010,-997.5,95,3010.5
8,-997,94,3010,-996.5,95,3010.5
8,-996,94,3010,-995.5,95,3010.5
8,-995,94,3010,-994.5,95,3010.5
8,-994,94,3010,-993.5,95,3010.5
8,-993,94,3010,-992.5,95,3010.5
8,-992,94,3010,-991.5,95,3010.5
8,-991,94,3010,-990.5,95,3010.5
8,-990,94,3010,-989.5,95,3010.5
8,-989,94,3010,-988.5,95,3010.5
8,-988,94,3010,-987.5,95,3010.5
8,-987,94,3010,-986.5,95,3010.5
8,-986,94,3010,-985.5,95,3010.5
8,-985,94,3010,-984.5,95,3010.5
8,-1018,94,3011,-1017.5,95,3011.5
8,-1017,94,3011,-1016.5,95,3011.5
8,-1016,94,3011,-1015.5,95,3011.5
8,-1015,94,3011,-1014.5,95,3011.5
8,-1014,94,3011,-1013.5,95,3011.5
8,-1013,94,3011,-1012.5,95,3011.5
8,-1012,94,3011,-1011.5,95,3011.5
8,-1011,94,3011,-1010.5,95,3011.5
8,-1010,94,3011,-1009.5,95,3011.5
8,-1009,94,3011,-1008.5,95,3011.5
8,-1008,94,3011,-1007.5,95,3011.5
8,-1007,94,3011,-1006.5,95,3011.5
8,-1006,94,3011,-1005.5,95,3011.5
8,-1005,94,3011,-1004.5,95,3011.5
8,-1004,94,3011,-1003.5,95,3011.5
8,-1003,94,3011,-1002.5,95,3011.5
8,-1002,94,3011,-1001.5,95,3011.5
8,-1001,94,3011,-1000.5,95,3011.5
8,-1000,94,3011,-999.5,95,3011.5
8,-999,94,3011,-998.5,95,3011.5
8,-998,94,3011,-997.5,95,3011.5
8,-997,94,3011,-996.5,95,3011.5
8,-996,94,3011,-995.5,95,3011.5
8,-995,94,3011,-994.5,95,3011.5
8,-994,94,3011,-993.5,95,3011.5
8,-993,94,3011,-992.5,95,3011.5
8,-992,94,3011,-991.5,95,3011.5
8,-991,94,3011,-990.5,95,3011.5
8,-990,94,3011,-989.5,95,3011.5
8,-989,94,3011,-988.5,95,3011.5
8,-988,94,3011,-987.5,95,3011.5
8,-987,94,3011,-986.5,95,3011.5
8,-986,94,3011,-985.5,95,3011.5
8,-1018,94,3012,-1017.5,95,3012.5
8,-1017,94,3012,-1016.5,95,3012.5
8,-1016,94,3012,-1015.5,95,3012.5
8,-1015,94,3012,-1014.5,95,3012.5
8,-1014,94,3012,-1013.5,95,3012.5
8,-1013,94,3012,-1012.5,95,3012.5
8,-1012,94,3012,-1011.5,95,3012.5
8,-1011,94,3012,-1010.5,95,3012.5
8,-1010,94,3012,-1009.5,95,3012.5
8,-1009,94,3012,-1008.5,95,3012.5
8,-1008,94,3012,-1007.5,95,3012.5
8,-1007,94,3012,-1006.5,95,3012.5
8,-1006,94,3012,-1005.5,95,3012.5
8,-1005,94,3012,-1004.5,95,3012.5
8,-1004,94,3012,-1003.5,95,3012.5
8,-1003,94,3012,-1002.5,95,3012.5
8,-1002,94,3012,-1001.5,95,3012.5
8,-1001,94,3012,-1000.5,95,3012.5
8,-1000,94,3012,-999.5,95,3012.5
8,-999,94,3012,-998.5,95,3012.5
8,-998,94,3012,-997.5,95,3012.5
8,-997,94,3012,-996.5,95,3012.5
8,-996,94,3012,-995.5,95,3012.5
8,-995,94,3012,-994.5,95,3012.5
8,-994,94,3012,-993.5,95,3012.5
8,-993,94,3012,-992.5,95,3012.5
8,-992,94,3012,-991.5,95,3012.5
8,-991,94,3012,-990.5,95,3012.5
8,-990,94,3012,-989.5,95,3012.5
8,-989,94,3012,-988.5,95,3012.5
8,-988,94,3012,-987.5,95,3012.5
8,-987,94,3012,-986.5,95,3012.5
8,-986,94,3012,-985.5,95,3012.5
8,-1018,94,3013,-1017.5,95,3013.5
8,-1017,94,3013,-1016.5,95,3013.5
8,-1016,94,3013,-1015.5,95,3013.5
8,-1015,94,3013,-1014.5,95,3013.5
8,-1014,94,3013,-1013.5,95,3013.5
8,-1008,94,3013,-1007.5,95,3013.5
8,-1007,94,3013,-1006.5,95,3013.5
8,-1006,94,3013,-1005.5,95,3013.5
8,-1005,94,3013,-1004.5,95,3013.5
8,-1004,94,3013,-1003.5,95,3013.5
8,-1003,94,3013,-1002.5,95,3013.5
8,-1002,94,3013,-1001.5,95,3013.5
8,-1001,94,3013,-1000.5,95,3013.5
8,-1000,94,3013,-999.5,95,3013.5
8,-999,94,3013,-998.5,95,3013.5
8,-998,94,3013,-997.5,95,3013.5
8,-997,94,3013,-996.5,95,3013.5
8,-996,94,3013,-995.5,95,3013.5
8,-990,94,3013,-989.5,95,3013.5
8,-989,94,3013,-988.5,95,3013.5
8,-988,94,3013,-987.5,95,3013.5
8,-987,94,3013,-986.5,95,3013.5
8,-986,94,3013,-985.5,95,3013.5
8,-1017,94,3014,-1016.5,95,3014.5
8,-1016,94,3014,-1015.5,95,3014.5
8,-1015,94,3014,-1014.5,95,3014.5
8,-1014,94,3014,-1013.5,95,3014.5
8,-1008,94,3014,-1007.5,95,3014.5
8,-1007,94,3014,-1006.5,95,3014.5
8,-1006,94,3014,-1005.5,95,3014.5
8,-1005,94,3014,-1004.5,95,3014.5
8,-1004,94,3014,-1003.5,95,3014.5
8,-1003,94,3014,-1002.5,95,3014.5
8,-1002,94,3014,-1001.5,95,3014.5
8,-1001,94,3014,-1000.5,95,3014.5
8,-1000,94,3014,-999.5,95,3014.5
8,-999,94,3014,-998.5,95,3014.5
8,-998,94,3014,-997.5,95,3014.5
8,-997,94,3014,-996.5,95,3014.5
8,-996,94,3014,-995.5,95,3014.5
8,-990,94,3014,-989.5,95,3014.5
8,-989,94,3014,-988.5,95,3014.5
8,-988,94,3014,-987.5,95,3014.5
8,-987,94,3014,-986.5,95,3014.5
8,-1017,94,3015,-1016.5,95,3015.5
8,-1016,94,3015,-1015.5,95,3015.5
8,-1015,94,3015,-1014.5,95,3015.5
8,-1014,94,3015,-1013.5,95,3015.5
8,-1008,94,3015,-1007.5,95,3015.5
8,-1007,94,3015,-1006.5,95,3015.5
8,-1006,94,3015,-1005.5,95,3015.5
8,-1005,94,3015,-1004.5,95,3015.5
8,-1004,94,3015,-1003.5,95,3015.5
8,-1003,94,3015,-1002.5,95,3015.5
8,-1002,94,3015,-1001.5,95,3015.5
8,-1001,94,3015,-1000.5,95,3015.5
8,-1000,94,3015,-999.5,95,3015.5
8,-999,94,3015,-998.5,95,3015.5
8,-998,94,3015,-997.5,95,3015.5
8,-997,94,3015,-996.5,95,3015.5
8,-996,94,3015,-995.5,95,3015.5
8,-990,94,3015,-989.5,95,3015.5
8,-989,94,3015,-988.5,95,3015.5
8,-988,94,3015,-987.5,95,3015.5
8,-987,94,3015,-986.5,95,3015.5
8,-1016,94,3016,-1015.5,95,3016.5
8,-1015,94,3016,-1014.5,95,3016.5
8,-1014,94,3016,-1013.5,95,3016.5
8,-1008,94,3016,-1007.5,95,3016.5
8,-1007,94,3016,-1006.5,95,3016.5
8,-1006,94,3016,-1005.5,95,3016.5
8,-1005,94,3016,-1004.5,95,3016.5
8,-1004,94,3016,-1003.5,95,3016.5
8,-1003,94,3016,-1002.5,95,3016.5
8,-1002,94,3016,-1001.5,95,3016.5
8,-1001,94,3016,-1000.5,95,3016.5
8,-1000,94,3016,-999.5,95,3016.5
8,-999,94,3016,-998.5,95,3016.5
8,-998,94,3016,-997.5,95,3016.5
8,-997,94,3016,-996.5,95,3016.5
8,-996,94,3016,-995.5,95,3016.5
8,-990,94,3016,-989.5,95,3016.5
8,-989,94,3016,-988.5,95,3016.5
8,-988,94,3016,-987.5,95,3016.5
8,-1016,94,3017,-1015.5,95,3017.5
8,-1015,94,3017,-1014.5,95,3017.5
8,-1014,94,3017,-1013.5,95,3017.5
8,-1008,94,3017,-1007.5,95,3017.5
8,-1007,94,3017,-1006.5,95,3017.5
8,-1006,94,3017,-1005.5,95,3017.5
8,-1005,94,3017,-1004.5,95,3017.5
8,-1004,94,3017,-1003.5,95,3017.5
8,-1003,94,3017,-1002.5,95,3017.5
8,-1002,94,3017,-1001.5,95,3017.5
8,-1001,94,3017,-1000.5,95,3017.5
8,-1000,94,3017,-999.5,95,3017.5
8,-999,94,3017,-998.5,95,3017.5
8,-998,94,3017,-997.5,95,3017.5
8,-997,94,3017,-996.5,95,3017.5
8,-996,94,3017,-995.5,95,3017.5
8,-990,94,3017,-989.5,95,3017.5
8,-989,94,3017,-988.5,95,3017.5
8,-988,94,3017,-987.5,95,3017.5
8,-1016,94,3018,-1015.5,95,3018.5
8,-1015,94,3018,-1014.5,95,3018.5
8,-1014,94,3018,-1013.5,95,3018.5
8,-1013,94,3018,-1012.5,95,3018.5
8,-1012,94,3018,-1011.5,95,3018.5
8,-1011,94,3018,-1010.5,95,3018.5
8,-1010,94,3018,-1009.5,95,3018.5
8,-1009,94,3018,-1008.5,95,3018.5
8,-1008,94,3018,-1007.5,95,3018.5
8,-1007,94,3018,-1006.5,95,3018.5
8,-1006,94,3018,-1005.5,95,3018.5
8,-1005,94,3018,-1004.5,95,3018.5
8,-1004,94,3018,-1003.5,95,3018.5
8,-1003,94,3018,-1002.5,95,3018.5
8,-1002,94,3018,-1001.5,95,3018.5
8,-1001,94,3018,-1000.5,95,3018.5
8,-1000,94,3018,-999.5,95,3018.5
8,-999,94,3018,-998.5,95,3018.5
8,-998,94,3018,-997.5,95,3018.5
8,-997,94,3018,-996.5,95,3018.5
8,-996,94,3018,-995.5,95,3018.5
8,-995,94,3018,-994.5,95,3018.5
8,-994,94,3018,-993.5,95,3018.5
8,-993,94,3018,-992.5,95,3018.5
8,-992,94,3018,-991.5,95,3018.5
8,-991,94,3018,-990.5,95,3018.5
8,-990,94,3018,-989.5,95,3018.5
8,-989,94,3018,-988.5,95,3018.5
8,-988,94,3018,-987.5,95,3018.5
8,-1015,94,3019,-1014.5,95,3019.5
8,-1014,94,3019,-1013.5,95,3019.5
8,-1013,94,3019,-1012.5,95,3019.5
8,-1012,94,3019,-1011.5,95,3019.5
8,-1011,94,3019,-1010.5,95,3019.5
8,-1010,94,3019,-1009.5,95,3019.5
8,-1009,94,3019,-1008.5,95,3019.5
8,-1008,94,3019,-1007.5,95,3019.5
8,-1007,94,3019,-1006.5,95,3019.5
8,-1006,94,3019,-1005.5,95,3019.5
8,-1005,94,3019,-1004.5,95,3019.5
8,-1004,94,3019,-1003.5,95,3019.5
8,-1003,94,3019,-1002.5,95,3019.5
8,-1002,94,3019,-1001.5,95,3019.5
8,-1001,94,3019,-1000.5,95,3019.5
8,-1000,94,3019,-999.5,95,3019.5
8,-999,94,3019,-998.5,95,3019.5
8,-998,94,3019,-997.5,95,3019.5
8,-997,94,3019,-996.5,95,3019.5
8,-996,94,3019,-995.5,95,3019.5
8,-995,94,3019,-994.5,95,3019.5
8,-994,94,3019,-993.5,95,3019.5
8,-993,94,3019,-992.5,95,3019.5
8,-992,94,3019,-991.5,95,3019.5
8,-991,94,3019,-990.5,95,3019.5
8,-990,94,3019,-989.5,95,3019.5
8,-989,94,3019,-988.5,95,3019.5
8,-1014,94,3020,-1013.5,95,3020.5
8,-1013,94,3020,-1012.5,95,3020.5
8,-1012,94,3020,-1011.5,95,3020.5
8,-1011,94,3020,-1010.5,95,3020.5
8,-1010,94,3020,-1009.5,95,3020.5
8,-1009,94,3020,-1008.5,95,3020.5
8,-1008,94,3020,-1007.5,95,3020.5
8,-1007,94,3020,-1006.5,95,3020.5
8,-1006,94,3020,-1005.5,95,3020.5
8,-1005,94,3020,-1004.5,95,3020.5
8,-1004,94,3020,-1003.5,95,3020.5
8,-1003,94,3020,-1002.5,95,3020.5
8,-1002,94,3020,-1001.5,95,3020.5
8,-1001,94,3020,-1000.5,95,3020.5
8,-1000,94,3020,-999.5,95,3020.5
8,-999,94,3020,-998.5,95,3020.5
8,-998,94,3020,-997.5,95,3020.5
8,-997,94,3020,-996.5,95,3020.5
8,-996,94,3020,-995.5,95,3020.5
8,-995,94,3020,-994.5,95,3020.5
8,-994,94,3020,-993.5,95,3020.5
8,-993,94,3020,-992.5,95,3020.5
8,-992,94,3020,-991.5,95,3020.5
8,-991,94,3020,-990.5,95,3020.5
8,-990,94,3020,-989.5,95,3020.5
8,-1011,94,3021,-1010.5,95,3021.5
8,-1010,94,3021,-1009.5,95,3021.5
8,-1009,94,3021,-1008.5,95,3021.5
8,-1008,94,3021,-1007.5,95,3021.5
8,-1007,94,3021,-1006.5,95,3021.5
8,-1006,94,3021,-1005.5,95,3021.5
8,-1005,94,3021,-1004.5,95,3021.5
8,-1004,94,3021,-1003.5,95,3021.5
8,-1003,94,3021,-1002.5,95,3021.5
8,-1002,94,3021,-1001.5,95,3021.5
8,-1001,94,3021,-1000.5,95,3021.5
8,-1000,94,3021,-999.5,95,3021.5
8,-999,94,3021,-998.5,95,3021.5
8,-998,94,3021,-997.5,95,3021.5
8,-997,94,3021,-996.5,95,3021.5
8,-996,94,3021,-995.5,95,3021.5
8,-995,94,3021,-994.5,95,3021.5
8,-994,94,3021,-993.5,95,3021.5
8,-993,94,3021,-992.5,95,3021.5
8,-1009,94,3022,-1008.5,95,3022.5
8,-1008,94,3022,-1007.5,95,3022.5
8,-1007,94,3022,-1006.5,95,3022.5
8,-1006,94,3022,-1005.5,95,3022.5
8,-1005,94,3022,-1004.5,95,3022.5
8,-1004,94,3022,-1003.5,95,3022.5
8,-1003,94,3022,-1002.5,95,3022.5
8,-1002,94,3022,-1001.5,95,3022.5
8,-1001,94,3022,-1000.5,95,3022.5
8,-1000,94,3022,-999.5,95,3022.5
8,-999,94,3022,-998.5,95,3022.5
8,-998,94,3022,-997.5,95,3022.5
8,-997,94,3022,-996.5,95,3022.5
8,-996,94,3022,-995.5,95,3022.5
8,-995,94,3022,-994.5,95,3022.5
8,-1006,94,3023,-1005.5,95,3023.5
8,-1005,94,3023,-1004.5,95,3023.5
8,-1004,94,3023,-1003.5,95,3023.5
8,-1003,94,3023,-1002.5,95,3023.5
8,-1002,94,3023,-1001.5,95,3023.5
8,-1001,94,3023,-1000.5,95,3023.5
8,-1000,94,3023,-999.5,95,3023.5
8,-999,94,3023,-998.5,95,3023.5
8,-998,94,3023,-997.5,95,3023.5
8,-1004,94,3024,-1003.5,95,3024.5
8,-1003,94,3024,-1002.5,95,3024.5
8,-1002,94,3024,-1001.5,95,3024.5
8,-1001,94,3024,-1000.5,95,3024.5
8,-1000,94,3024,-999.5,95,3024.5
8,-1002,94,3025,-1001.5,95,3025.5
9,-1002,109,2989,-1001.5,110,2989.5
9,-1004,109,2990,-1003.5,110,2990.5
9,-1003,109,2990,-1002.5,110,2990.5
9,-1002,109,2990,-1001.5,110,2990.5
9,-1001,109,2990,-1000.5,110,2990.5
9,-1000,109,2990,-999.5,110,2990.5
9,-1006,109,2991,-1005.5,110,2991.5
9,-1005,109,2991,-1004.5,110,2991.5
9,-1004,109,2991,-1003.5,110,2991.5
9,-1003,109,2991,-1002.5,110,2991.5
9,-1002,109,2991,-1001.5,110,2991.5
9,-1001,109,2991,-1000.5,110,2991.5
9,-1000,109,2991,-999.5,110,2991.5
9,-999,109,2991,-998.5,110,2991.5
9,-998,109,2991,-997.5,110,2991.5
9,-1009,109,2992,-1008.5,110,2992.5
9,-1008,109,2992,-1007.5,110,2992.5
9,-1007,109,2992,-1006.5,110,2992.5
9,-1006,109,2992,-1005.5,110,2992.5
9,-1005,109,2992,-1004.5,110,2992.5
9,-1004,109,2992,-1003.5,110,2992.5
9,-1003,109,2992,-1002.5,110,2992.5
9,-1002,109,2992,-1001.5,110,2992.5
9,-1001,109,2992,-1000.5,110,2992.5
9,-1000,109,2992,-999.5,110,2992.5
9,-999,109,2992,-998.5,110,2992.5
9,-998,109,2992,-997.5,110,2992.5
9,-997,109,2992,-996.5,110,2992.5
9,-996,109,2992,-995.5,110,2992.5
9,-995,109,2992,-994.5,110,2992.5
9,-1011,109,2993,-1010.5,110,2993.5
9,-1010,109,2993,-1009.5,110,2993.5
9,-1009,109,2993,-1008.5,110,2993.5
9,-1008,109,2993,-1007.5,110,2993.5
9,-1007,109,2993,-1006.5,110,2993.5
9,-1006,109,2993,-1005.5,110,2993.5
9,-1005,109,2993,-1004.5,110,2993.5
9,-1004,109,2993,-1003.5,110,2993.5
9,-1003,109,2993,-1002.5,110,2993.5
9,-1002,109,2993,-1001.5,110,2993.5
9,-1001,109,2993,-1000.5,110,2993.5
9,-1000,109,2993,-999.5,110,2993.5
9,-999,109,2993,-998.5,110,2993.5
9,-998,109,2993,-997.5,110,2993.5
9,-997,109,2993,-996.5,110,2993.5
9,-996,109,2993,-995.5,110,2993.5
9,-995,109,2993,-994.5,110,2993.5
9,-994,109,2993,-993.5,110,2993.5
9,-993,109,2993,-992.5,110,2993.5
9,-1014,109,2994,-1013.5,110,2994.5
9,-1013,109,2994,-1012.5,110,2994.5
9,-1012,109,2994,-1011.5,110,2994.5
9,-1011,109,2994,-1010.5,110,2994.5
9,-1010,109,2994,-1009.5,110,2994.5
9,-1009,109,2994,-1008.5,110,2994.5
9,-1008,109,2994,-1007.5,110,2994.5
9,-1007,109,2994,-1006.5,110,2994.5
9,-1006,109,2994,-1005.5,110,2994.5
9,-1005,109,2994,-1004.5,110,2994.5
9,-1004,109,2994,-1003.5,110,2994.5
9,-1003,109,2994,-1002.5,110,2994.5
9,-1002,109,2994,-1001.5,110,2994.5
9,-1001,109,2994,-1000.5,110,2994.5
9,-1000,109,2994,-999.5,110,2994.5
9,-999,109,2994,-998.5,110,2994.5
9,-998,109,2994,-997.5,110,2994.5
9,-997,109,2994,-996.5,110,2994.5
9,-996,109,2994,-995.5,110,2994.5
9,-995,109,2994,-994.5,110,2994.5
9,-994,109,2994,-993.5,110,2994.5
9,-993,109,2994,-992.5,110,2994.5
9,-992,109,2994,-991.5,110,2994.5
9,-991,109,2994,-990.5,110,2994.5
9,-990,109,2994,-989.5,110,2994.5
9,-1014,109,2995,-1013.5,110,2995.5
9,-1008,109,2995,-1007.5,110,2995.5
9,-1007,109,2995,-1006.5,110,2995.5
9,-1006,109,2995,-1005.5,110,2995.5
9,-1005,109,2995,-1004.5,110,2995.5
9,-1004,109,2995,-1003.5,110,2995.5
9,-1003,109,2995,-1002.5,110,2995.5
9,-1002,109,2995,-1001.5,110,2995.5
9,-1001,109,2995,-1000.5,110,2995.5
9,-1000,109,2995,-999.5,110,2995.5
9,-999,109,2995,-998.5,110,2995.5
9,-998,109,2995,-997.5,110,2995.5
9,-997,109,2995,-996.5,110,2995.5
9,-996,109,2995,-995.5,110,2995.5
9,-990,109,2995,-989.5,110,2995.5
9,-1014,109,2996,-1013.5,110,2996.5
9,-1008,109,2996,-1007.5,110,2996.5
9,-1007,109,2996,-1006.5,110,2996.5
9,-1006,109,2996,-1005.5,110,2996.5
9,-1005,109,2996,-1004.5,110,2996.5
9,-1004,109,2996,-1003.5,110,2996.5
9,-1003,109,2996,-1002.5,110,2996.5
9,-1002,109,2996,-1001.5,110,2996.5
9,-1001,109,2996,-1000.5,110,2996.5
9,-1000,109,2996,-999.5,110,2996.5
9,-999,109,2996,-998.5,110,2996.5
9,-998,109,2996,-997.5,110,2996.5
9,-997,109,2996,-996.5,110,2996.5
9,-996,109,2996,-995.5,110,2996.5
9,-990,109,2996,-989.5,110,2996.5
9,-1015,109,2997,-1014.5,110,2997.5
9,-1014,109,2997,-1013.5,110,2997.5
9,-1008,109,2997,-1007.5,110,2997.5
9,-1007,109,2997,-1006.5,110,2997.5
9,-1006,109,2997,-1005.5,110,2997.5
9,-1005,109,2997,-1004.5,110,2997.5
9,-1004,109,2997,-1003.5,110,2997.5
9,-1003,109,2997,-1002.5,110,2997.5
9,-1002,109,2997,-1001.5,110,2997.5
9,-1001,109,2997,-1000.5,110,2997.5
9,-1000,109,2997,-999.5,110,2997.5
9,-999,109,2997,-998.5,110,2997.5
9,-998,109,2997,-997.5,110,2997.5
9,-997,109,2997,-996.5,110,2997.5
9,-996,109,2997,-995.5,110,2997.5
9,-990,109,2997,-989.5,110,2997.5
9,-989,109,2997,-988.5,110,2997.5
9,-1015,109,2998,-1014.5,110,2998.5
9,-1014,109,2998,-1013.5,110,2998.5
9,-1008,109,2998,-1007.5,110,2998.5
9,-1007,109,2998,-1006.5,110,2998.5
9,-1006,109,2998,-1005.5,110,2998.5
9,-1005,109,2998,-1004.5,110,2998.5
9,-1004,109,2998,-1003.5,110,2998.5
9,-1003,109,2998,-1002.5,110,2998.5
9,-1002,109,2998,-1001.5,110,2998.5
9,-1001,109,2998,-1000.5,110,2998.5
9,-1000,109,2998,-999.5,110,2998.5
9,-999,109,2998,-998.5,110,2998.5
9,-998,109,2998,-997.5,110,2998.5
9,-997,109,2998,-996.5,110,2998.5
9,-996,109,2998,-995.5,110,2998.5
9,-990,109,2998,-989.5,110,2998.5
9,-989,109,2998,-988.5,110,2998.5
9,-1016,109,2999,-1015.5,110,2999.5
9,-1015,109,2999,-1014.5,110,2999.5
9,-1014,109,2999,-1013.5,110,2999.5
9,-1008,109,2999,-1007.5,110,2999.5
9,-1007,109,2999,-1006.5,110,2999.5
9,-1006,109,2999,-1005.5,110,2999.5
9,-1005,109,2999,-1004.5,110,2999.5
9,-1004,109,2999,-1003.5,110,2999.5
9,-1003,109,2999,-1002.5,110,2999.5
9,-1002,109,2999,-1001.5,110,2999.5
9,-1001,109,2999,-1000.5,110,2999.5
9,-1000,109,2999,-999.5,110,2999.5
9,-999,109,2999,-998.5,110,2999.5
9,-998,109,2999,-997.5,110,2999.5
9,-997,109,2999,-996.5,110,2999.5
9,-996,109,2999,-995.5,110,2999.5
9,-990,109,2999,-989.5,110,2999.5
9,-989,109,2999,-988.5,110,2999.5
9,-988,109,2999,-987.5,110,2999.5
9,-1016,109,3000,-1015.5,110,3000.5
9,-1015,109,3000,-1014.5,110,3000.5
9,-1014,109,3000,-1013.5,110,3000.5
9,-1013,109,3000,-1012.5,110,3000.5
9,-1012,109,3000,-1011.5,110,3000.5
9,-1011,109,3000,-1010.5,110,3000.5
9,-1010,109,3000,-1009.5,110,3000.5
9,-1009,109,3000,-1008.5,110,3000.5
9,-1008,109,3000,-1007.5,110,3000.5
9,-1007,109,3000,-1006.5,110,3000.5
9,-1006,109,3000,-1005.5,110,3000.5
9,-1005,109,3000,-1004.5,110,3000.5
9,-1004,109,3000,-1003.5,110,3000.5
9,-1003,109,3000,-1002.5,110,3000.5
9,-1002,109,3000,-1001.5,110,3000.5
9,-1001,109,3000,-1000.5,110,3000.5
9,-1000,109,3000,-999.5,110,3000.5
9,-999,109,3000,-998.5,110,3000.5
9,-998,109,3000,-997.5,110,3000.5
9,-997,109,3000,-996.5,110,3000.5
9,-996,109,3000,-995.5,110,3000.5
9,-995,109,3000,-994.5,110,3000.5
9,-994,109,3000,-993.5,110,3000.5
9,-993,109,3000,-992.5,110,3000.5
9,-992,109,3000,-991.5,110,3000.5
9,-991,109,3000,-990.5,110,3000.5
9,-990,109,3000,-989.5,110,3000.5
9,-989,109,3000,-988.5,110,3000.5
9,-988,109,3000,-987.5,110,3000.5
9,-1016,109,3001,-1015.5,110,3001.5
9,-1015,109,3001,-1014.5,110,3001.5
9,-1014,109,3001,-1013.5,110,3001.5
9,-1013,109,3001,-1012.5,110,3001.5
9,-1012,109,3001,-1011.5,110,3001.5
9,-1011,109,3001,-1010.5,110,3001.5
9,-1010,109,3001,-1009.5,110,3001.5
9,-1009,109,3001,-1008.5,110,3001.5
9,-1008,109,3001,-1007.5,110,3001.5
9,-1007,109,3001,-1006.5,110,3001.5
9,-1006,109,3001,-1005.5,110,3001.5
9,-1005,109,3001,-1004.5,110,3001.5
9,-1004,109,3001,-1003.5,110,3001.5
9,-1003,109,3001,-1002.5,110,3001.5
9,-1002,109,3001,-1001.5,110,3001.5
9,-1001,109,3001,-1000.5,110,3001.5
9,-1000,109,3001,-999.5,110,3001.5
9,-999,109,3001,-998.5,110,3001.5
9,-998,109,3001,-997.5,110,3001.5
9,-997,109,3001,-996.5,110,3001.5
9,-996,109,3001,-995.5,110,3001.5
9,-995,109,3001,-994.5,110,3001.5
9,-994,109,3001,-993.5,110,3001.5
9,-993,109,3001,-992.5,110,3001.5
9,-992,109,3001,-991.5,110,3001.5
9,-991,109,3001,-990.5,110,3001.5
9,-990,109,3001,-989.5,110,3001.5
9,-989,109,3001,-988.5,110,3001.5
9,-988,109,3001,-987.5,110,3001.5
9,-1017,109,3002,-1016.5,110,3002.5
9,-1016,109,3002,-1015.5,110,3002.5
9,-1015,109,3002,-1014.5,110,3002.5
9,-1014,109,3002,-1013.5,110,3002.5
9,-1013,109,3002,-1012.5,110,3002.5
9,-1012,109,3002,-1011.5,110,3002.5
9,-1011,109,3002,-1010.5,110,3002.5
9,-1010,109,3002,-1009.5,110,3002.5
9,-1009,109,3002,-1008.5,110,3002.5
9,-1008,109,3002,-1007.5,110,3002.5
9,-1007,109,3002,-1006.5,110,3002.5
9,-1006,109,3002,-1005.5,110,3002.5
9,-1005,109,3002,-1004.5,110,3002.5
9,-1004,109,3002,-1003.5,110,3002.5
9,-1003,109,3002,-1002.5,110,3002.5
9,-1002,109,3002,-1001.5,110,3002.5
9,-1001,109,3002,-1000.5,110,3002.5
9,-1000,109,3002,-999.5,110,3002.5
9,-999,109,3002,-998.5,110,3002.5
9,-998,109,3002,-997.5,110,3002.5
9,-997,109,3002,-996.5,110,3002.5
9,-996,109,3002,-995.5,110,3002.5
9,-995,109,3002,-994.5,110,3002.5
9,-994,109,3002,-993.5,110,3002.5
9,-993,109,3002,-992.5,110,3002.5
9,-992,109,3002,-991.5,110,3002.5
9,-991,109,3002,-990.5,110,3002.5
9,-990,109,3002,-989.5,110,3002.5
9,-989,109,3002,-988.5,110,3002.5
9,-988,109,3002,-987.5,110,3002.5
9,-987,109,3002,-986.5,110,3002.5
9,-1017,109,3003,-1016.5,110,3003.5
9,-1016,109,3003,-1015.5,110,3003.5
9,-1015,109,3003,-1014.5,110,3003.5
9,-1014,109,3003,-1013.5,110,3003.5
9,-1013,109,3003,-1012.5,110,3003.5
9,-1012,109,3003,-1011.5,110,3003.5
9,-1011,109,3003,-1010.5,110,3003.5
9,-1010,109,3003,-1009.5,110,3003.5
9,-1009,109,3003,-1008.5,110,3003.5
9,-1008,109,3003,-1007.5,110,3003.5
9,-1007,109,3003,-1006.5,110,3003.5
9,-1006,109,3003,-1005.5,110,3003.5
9,-1005,109,3003,-1004.5,110,3003.5
9,-1004,109,3003,-1003.5,110,3003.5
9,-1003,109,3003,-1002.5,110,3003.5
9,-1002,109,3003,-1001.5,110,3003.5
9,-1001,109,3003,-1000.5,110,3003.5
9,-1000,109,3003,-999.5,110,3003.5
9,-999,109,3003,-998.5,110,3003.5
9,-998,109,3003,-997.5,110,3003.5
9,-997,109,3003,-996.5,110,3003.5
9,-996,109,3003,-995.5,110,3003.5
9,-995,109,3003,-994.5,110,3003.5
9,-994,109,3003,-993.5,110,3003.5
9,-993,109,3003,-992.5,110,3003.5
9,-992,109,3003,-991.5,110,3003.5
9,-991,109,3003,-990.5,110,3003.5
9,-990,109,3003,-989.5,110,3003.5
9,-989,109,3003,-988.5,110,3003.5
9,-988,109,3003,-987.5,110,3003.5
9,-987,109,3003,-986.5,110,3003.5
9,-1018,109,3004,-1017.5,110,3004.5
9,-1017,109,3004,-1016.5,110,3004.5
9,-1016,109,3004,-1015.5,110,3004.5
9,-1015,109,3004,-1014.5,110,3004.5
9,-1014,109,3004,-1013.5,110,3004.5
9,-1013,109,3004,-1012.5,110,3004.5
9,-1012,109,3004,-1011.5,110,3004.5
9,-1011,109,3004,-1010.5,110,3004.5
9,-1010,109,3004,-1009.5,110,3004.5
9,-1009,109,3004,-1008.5,110,3004.5
9,-1008,109,3004,-1007.5,110,3004.5
9,-1007,109,3004,-1006.5,110,3004.5
9,-1006,109,3004,-1005.5,110,3004.5
9,-1005,109,3004,-1004.5,110,3004.5
9,-1004,109,3004,-1003.5,110,3004.5
9,-1003,109,3004,-1002.5,110,3004.5
9,-1002,109,3004,-1001.5,110,3004.5
9,-1001,109,3004,-1000.5,110,3004.5
9,-1000,109,3004,-999.5,110,3004.5
9,-999,109,3004,-998.5,110,3004.5
9,-998,109,3004,-997.5,110,3004.5
9,-997,109,3004,-996.5,110,3004.5
9,-996,109,3004,-995.5,110,3004.5
9,-995,109,3004,-994.5,110,3004.5
9,-994,109,3004,-993.5,110,3004.5
9,-993,109,3004,-992.5,110,3004.5
9,-992,109,3004,-991.5,110,3004.5
9,-991,109,3004,-990.5,110,3004.5
9,-990,109,3004,-989.5,110,3004.5
9,-989,109,3004,-988.5,110,3004.5
9,-988,109,3004,-987.5,110,3004.5
9,-987,109,3004,-986.5,110,3004.5
9,-986,109,3004,-985.5,110,3004.5
9,-1018,109,3005,-1017.5,110,3005.5
9,-1017,109,3005,-1016.5,110,3005.5
9,-1016,109,3005,-1015.5,110,3005.5
9,-1015,109,3005,-1014.5,110,3005.5
9,-1014,109,3005,-1013.5,110,3005.5
9,-1013,109,3005,-1012.5,110,3005.5
9,-1012,109,3005,-1011.5,110,3005.5
9,-1011,109,3005,-1010.5,110,3005.5
9,-1010,109,3005,-1009.5,110,3005.5
9,-1009,109,3005,-1008.5,110,3005.5
9,-1008,109,3005,-1007.5,110,3005.5
9,-1007,109,3005,-1006.5,110,3005.5
9,-1006,109,3005,-1005.5,110,3005.5
9,-1005,109,3005,-1004.5,110,3005.5
9,-1004,109,3005,-1003.5,110,3005.5
9,-1003,109,3005,-1002.5,110,3005.5
9,-1002,109,3005,-1001.5,110,3005.5
9,-1001,109,3005,-1000.5,110,3005.5
9,-1000,109,3005,-999.5,110,3005.5
9,-999,109,3005,-998.5,110,3005.5
9,-998,109,3005,-997.5,110,3005.5
9,-997,109,3005,-996.5,110,3005.5
9,-996,109,3005,-995.5,110,3005.5
9,-995,109,3005,-994.5,110,3005.5
9,-994,109,3005,-993.5,110,3005.5
9,-993,109,3005,-992.5,110,3005.5
9,-992,109,3005,-991.5,110,3005.5
9,-991,109,3005,-990.5,110,3005.5
9,-990,109,3005,-989.5,110,3005.5
9,-989,109,3005,-988.5,110,3005.5
9,-988,109,3005,-987.5,110,3005.5
9,-987,109,3005,-986.5,110,3005.5
9,-986,109,3005,-985.5,110,3005.5
9,-1019,109,3006,-1018.5,110,3006.5
9,-1018,109,3006,-1017.5,110,3006.5
9,-1017,109,3006,-1016.5,110,3006.5
9,-1016,109,3006,-1015.5,110,3006.5
9,-1015,109,3006,-1014.5,110,3006.5
9,-1014,109,3006,-1013.5,110,3006.5
9,-1013,109,3006,-1012.5,110,3006.5
9,-1012,109,3006,-1011.5,110,3006.5
9,-1011,109,3006,-1010.5,110,3006.5
9,-1010,109,3006,-1009.5,110,3006.5
9,-1009,109,3006,-1008.5,110,3006.5
9,-1008,109,3006,-1007.5,110,3006.5
9,-1007,109,3006,-1006.5,110,3006.5
9,-1006,109,3006,-1005.5,110,3006.5
9,-1005,109,3006,-1004.5,110,3006.5
9,-1004,109,3006,-1003.5,110,3006.5
9,-1003,109,3006,-1002.5,110,3006.5
9,-1002,109,3006,-1001.5,110,3006.5
9,-1001,109,3006,-1000.5,110,3006.5
9,-1000,109,3006,-999.5,110,3006.5
9,-999,109,3006,-998.5,110,3006.5
9,-998,109,3006,-997.5,110,3006.5
9,-997,109,3006,-996.5,110,3006.5
9,-996,109,3006,-995.5,110,3006.5
9,-995,109,3006,-994.5,110,3006.5
9,-994,109,3006,-993.5,110,3006.5
9,-993,109,3006,-992.5,110,3006.5
9,-992,109,3006,-991.5,110,3006.5
9,-991,109,3006,-990.5,110,3006.5
9,-990,109,3006,-989.5,110,3006.5
9,-989,109,3006,-988.5,110,3006.5
9,-988,109,3006,-987.5,110,3006.5
9,-987,109,3006,-986.5,110,3006.5
9,-986,109,3006,-985.5,110,3006.5
9,-985,109,3006,-984.5,110,3006.5
9,-1018,109,3007,-1017.5,110,3007.5
9,-1017,109,3007,-1016.5,110,3007.5
9,-1016,109,3007,-1015.5,110,3007.5
9,-1015,109,3007,-1014.5,110,3007.5
9,-1014,109,3007,-1013.5,110,3007.5
9,-1013,109,3007,-1012.5,110,3007.5
9,-1012,109,3007,-1011.5,110,3007.5
9,-1011,109,3007,-1010.5,110,3007.5
9,-1010,109,3007,-1009.5,110,3007.5
9,-1009,109,3007,-1008.5,110,3007.5
9,-1008,109,3007,-1007.5,110,3007.5
9,-1007,109,3007,-1006.5,110,3007.5
9,-1006,109,3007,-1005.5,110,3007.5
9,-1005,109,3007,-1004.5,110,3007.5
9,-1004,109,3007,-1003.5,110,3007.5
9,-1003,109,3007,-1002.5,110,3007.5
9,-1002,109,3007,-1001.5,110,3007.5
9,-1001,109,3007,-1000.5,110,3007.5
9,-1000,109,3007,-999.5,110,3007.5
9,-999,109,3007,-998.5,110,3007.5
9,-998,109,3007,-997.5,110,3007.5
9,-997,109,3007,-996.5,110,3007.5
9,-996,109,3007,-995.5,110,3007.5
9,-995,109,3007,-994.5,110,3007.5
9,-994,109,3007,-993.5,110,3007.5
9,-993,109,3007,-992.5,110,3007.5
9,-992,109,3007,-991.5,110,3007.5
9,-991,109,3007,-990.5,110,3007.5
9,-990,109,3007,-989.5,110,3007.5
9,-989,109,3007,-988.5,110,3007.5
9,-988,109,3007,-987.5,110,3007.5
9,-987,109,3007,-986.5,110,3007.5
9,-986,109,3007,-985.5,110,3007.5
9,-1018,109,3008,-1017.5,110,3008.5
9,-1017,109,3008,-1016.5,110,3008.5
9,-1016,109,3008,-1015.5,110,3008.5
9,-1015,109,3008,-1014.5,110,3008.5
9,-1014,109,3008,-1013.5,110,3008.5
9,-1013,109,3008,-1012.5,110,3008.5
9,-1012,109,3008,-1011.5,110,3008.5
9,-1011,109,3008,-1010.5,110,3008.5
9,-1010,109,3008,-1009.5,110,3008.5
9,-1009,109,3008,-1008.5,110,3008.5
9,-1008,109,3008,-1007.5,110,3008.5
9,-1007,109,3008,-1006.5,110,3008.5
9,-1006,109,3008,-1005.5,110,3008.5
9,-1005,109,3008,-1004.5,110,3008.5
9,-1004,109,3008,-1003.5,110,3008.5
9,-1003,109,3008,-1002.5,110,3008.5
9,-1002,109,3008,-1001.5,110,3008.5
9,-1001,109,3008,-1000.5,110,3008.5
9,-1000,109,3008,-999.5,110,3008.5
9,-999,109,3008,-998.5,110,3008.5
9,-998,109,3008,-997.5,110,3008.5
9,-997,109,3008,-996.5,110,3008.5
9,-996,109,3008,-995.5,110,3008.5
9,-995,109,3008,-994.5,110,3008.5
9,-994,109,3008,-993.5,110,3008.5
9,-993,109,3008,-992.5,110,3008.5
9,-992,109,3008,-991.5,110,3008.5
9,-991,109,3008,-990.5,110,3008.5
9,-990,109,3008,-989.5,110,3008.5
9,-989,109,3008,-988.5,110,3008.5
9,-988,109,3008,-987.5,110,3008.5
9,-987,109,3008,-986.5,110,3008.5
9,-986,109,3008,-985.5,110,3008.5
9,-1017,109,3009,-1016.5,110,3009.5
9,-1016,109,3009,-1015.5,110,3009.5
9,-1015,109,3009,-1014.5,110,3009.5
9,-1014,109,3009,-1013.5,110,3009.5
9,-1013,109,3009,-1012.5,110,3009.5
9,-1012,109,3009,-1011.5,110,3009.5
9,-1011,109,3009,-1010.5,110,3009.5
9,-1010,109,3009,-1009.5,110,3009.5
9,-1009,109,3009,-1008.5,110,3009.5
9,-1008,109,3009,-1007.5,110,3009.5
9,-1007,109,3009,-1006.5,110,3009.5
9,-1006,109,3009,-1005.5,110,3009.5
9,-1005,109,3009,-1004.5,110,3009.5
9,-1004,109,3009,-1003.5,110,3009.5
9,-1003,109,3009,-1002.5,110,3009.5
9,-1002,109,3009,-1001.5,110,3009.5
9,-1001,109,3009,-1000.5,110,3009.5
9,-1000,109,3009,-999.5,110,3009.5
9,-999,109,3009,-998.5,110,3009.5
9,-998,109,3009,-997.5,110,3009.5
9,-997,109,3009,-996.5,110,3009.5
9,-996,109,3009,-995.5,110,3009.5
9,-995,109,3009,-994.5,110,3009.5
9,-994,109,3009,-993.5,110,3009.5
9,-993,109,3009,-992.5,110,3009.5
9,-992,109,3009,-991.5,110,3009.5
9,-991,109,3009,-990.5,110,3009.5
9,-990,109,3009,-989.5,110,3009.5
9,-989,109,3009,-988.5,110,3009.5
9,-988,109,3009,-987.5,110,3009.5
9,-987,109,3009,-986.5,110,3009.5
9,-1017,109,3010,-1016.5,110,3010.5
9,-1016,109,3010,-1015.5,110,3010.5
9,-1015,109,3010,-1014.5,110,3010.5
9,-1014,109,3010,-1013.5,110,3010.5
9,-1013,109,3010,-1012.5,110,3010.5
9,-1012,109,3010,-1011.5,110,3010.5
9,-1011,109,3010,-1010.5,110,3010.5
9,-1010,109,3010,-1009.5,110,3010.5
9,-1009,109,3010,-1008.5,110,3010.5
9,-1008,109,3010,-1007.5,110,3010.5
9,-1007,109,3010,-1006.5,110,3010.5
9,-1006,109,3010,-1005.5,110,3010.5
9,-1005,109,3010,-1004.5,110,3010.5
9,-1004,109,3010,-1003.5,110,3010.5
9,-1003,109,3010,-1002.5,110,3010.5
9,-1002,109,3010,-1001.5,110,3010.5
9,-1001,109,3010,-1000.5,110,3010.5
9,-1000,109,3010,-999.5,110,3010.5
9,-999,109,3010,-998.5,110,3010.5
9,-998,109,3010,-997.5,110,3010.5
9,-997,109,3010,-996.5,110,3010.5
9,-996,109,3010,-995.5,110,3010.5
9,-995,109,3010,-994.5,110,3010.5
9,-994,109,3010,-993.5,110,3010.5
9,-993,109,3010,-992.5,110,3010.5
9,-992,109,3010,-991.5,110,3010.5
9,-991,109,3010,-990.5,110,3010.5
9,-990,109,3010,-989.5,110,3010.5
9,-989,109,3010,-988.5,110,3010.5
9,-988,109,3010,-987.5,110,3010.5
9,-987,109,3010,-986.5,110,3010.5
9,-1016,109,3011,-1015.5,110,3011.5
9,-1015,109,3011,-1014.5,110,3011.5
9,-1014,109,3011,-1013.5,110,3011.5
9,-1013,109,3011,-1012.5,110,3011.5
9,-1012,109,3011,-1011.5,110,3011.5
9,-1011,109,3011,-1010.5,110,3011.5
9,-1010,109,3011,-1009.5,110,3011.5
9,-1009,109,3011,-1008.5,110,3011.5
9,-1008,109,3011,-1007.5,110,3011.5
9,-1007,109,3011,-1006.5,110,3011.5
9,-1006,109,3011,-1005.5,110,3011.5
9,-1005,109,3011,-1004.5,110,3011.5
9,-1004,109,3011,-1003.5,110,3011.5
9,-1003,109,3011,-1002.5,110,3011.5
9,-1002,109,3011,-1001.5,110,3011.5
9,-1001,109,3011,-1000.5,110,3011.5
9,-1000,109,3011,-999.5,110,3011.5
9,-999,109,3011,-998.5,110,3011.5
9,-998,109,3011,-997.5,110,3011.5
9,-997,109,3011,-996.5,110,3011.5
9,-996,109,3011,-995.5,110,3011.5
9,-995,109,3011,-994.5,110,3011.5
9,-994,109,3011,-993.5,110,3011.5
9,-993,109,3011,-992.5,110,3011.5
9,-992,109,3011,-991.5,110,3011.5
9,-991,109,3011,-990.5,110,3011.5
9,-990,109,3011,-989.5,110,3011.5
9,-989,109,3011,-988.5,110,3011.5
9,-988,109,3011,-987.5,110,3011.5
9,-1016,109,3012,-1015.5,110,3012.5
9,-1015,109,3012,-1014.5,110,3012.5
9,-1014,109,3012,-1013.5,110,3012.5
9,-1013,109,3012,-1012.5,110,3012.5
9,-1012,109,3012,-1011.5,110,3012.5
9,-1011,109,3012,-1010.5,110,3012.5
9,-1010,109,3012,-1009.5,110,3012.5
9,-1009,109,3012,-1008.5,110,3012.5
9,-1008,109,3012,-1007.5,110,3012.5
9,-1007,109,3012,-1006.5,110,3012.5
9,-1006,109,3012,-1005.5,110,3012.5
9,-1005,109,3012,-1004.5,110,3012.5
9,-1004,109,3012,-1003.5,110,3012.5
9,-1003,109,3012,-1002.5,110,3012.5
9,-1002,109,3012,-1001.5,110,3012.5
9,-1001,109,3012,-1000.5,110,3012.5
9,-1000,109,3012,-999.5,110,3012.5
9,-999,109,3012,-998.5,110,3012.5
9,-998,109,3012,-997.5,110,3012.5
9,-997,109,3012,-996.5,110,3012.5
9,-996,109,3012,-995.5,110,3012.5
9,-995,109,3012,-994.5,110,3012.5
9,-994,109,3012,-993.5,110,3012.5
9,-993,109,3012,-992.5,110,3012.5
9,-992,109,3012,-991.5,110,3012.5
9,-991,109,3012,-990.5,110,3012.5
9,-990,109,3012,-989.5,110,3012.5
9,-989,109,3012,-988.5,110,3012.5
9,-988,109,3012,-987.5,110,3012.5
9,-1016,109,3013,-1015.5,110,3013.5
9,-1015,109,3013,-1014.5,110,3013.5
9,-1014,109,3013,-1013.5,110,3013.5
9,-1008,109,3013,-1007.5,110,3013.5
9,-1007,109,3013,-1006.5,110,3013.5
9,-1006,109,3013,-1005.5,110,3013.5
9,-1005,109,3013,-1004.5,110,3013.5
9,-1004,109,3013,-1003.5,110,3013.5
9,-1003,109,3013,-1002.5,110,3013.5
9,-1002,109,3013,-1001.5,110,3013.5
9,-1001,109,3013,-1000.5,110,3013.5
9,-1000,109,3013,-999.5,110,3013.5
9,-999,109,3013,-998.5,110,3013.5
9,-998,109,3013,-997.5,110,3013.5
9,-997,109,3013,-996.5,110,3013.5
9,-996,109,3013,-995.5,110,3013.5
9,-990,109,3013,-989.5,110,3013.5
9,-989,109,3013,-988.5,110,3013.5
9,-988,109,3013,-987.5,110,3013.5
9,-1015,109,3014,-1014.5,110,3014.5
9,-1014,109,3014,-1013.5,110,3014.5
9,-1008,109,3014,-1007.5,110,3014.5
9,-1007,109,3014,-1006.5,110,3014.5
9,-1006,109,3014,-1005.5,110,3014.5
9,-1005,109,3014,-1004.5,110,3014.5
9,-1004,109,3014,-1003.5,110,3014.5
9,-1003,109,3014,-1002.5,110,3014.5
9,-1002,109,3014,-1001.5,110,3014.5
9,-1001,109,3014,-1000.5,110,3014.5
9,-1000,109,3014,-999.5,110,3014.5
9,-999,109,3014,-998.5,110,3014.5
9,-998,109,3014,-997.5,110,3014.5
9,-997,109,3014,-996.5,110,3014.5
9,-996,109,3014,-995.5,110,3014.5
9,-990,109,3014,-989.5,110,3014.5
9,-989,109,3014,-988.5,110,3014.5
9,-1015,109,3015,-1014.5,110,3015.5
9,-1014,109,3015,-1013.5,110,3015.5
9,-1008,109,3015,-1007.5,110,3015.5
9,-1007,109,3015,-1006.5,110,3015.5
9,-1006,109,3015,-1005.5,110,3015.5
9,-1005,109,3015,-1004.5,110,3015.5
9,-1004,109,3015,-1003.5,110,3015.5
9,-1003,109,3015,-1002.5,110,3015.5
9,-1002,109,3015,-1001.5,110,3015.5
9,-1001,109,3015,-1000.5,110,3015.5
9,-1000,109,3015,-999.5,110,3015.5
9,-999,109,3015,-998.5,110,3015.5
9,-998,109,3015,-997.5,110,3015.5
9,-997,109,3015,-996.5,110,3015.5
9,-996,109,3015,-995.5,110,3015.5
9,-990,109,3015,-989.5,110,3015.5
9,-989,109,3015,-988.5,110,3015.5
9,-1014,109,3016,-1013.5,110,3016.5
9,-1008,109,3016,-1007.5,110,3016.5
9,-1007,109,3016,-1006.5,110,3016.5
9,-1006,109,3016,-1005.5,110,3016.5
9,-1005,109,3016,-1004.5,110,3016.5
9,-1004,109,3016,-1003.5,110,3016.5
9,-1003,109,3016,-1002.5,110,3016.5
9,-1002,109,3016,-1001.5,110,3016.5
9,-1001,109,3016,-1000.5,110,3016.5
9,-1000,109,3016,-999.5,110,3016.5
9,-999,109,3016,-998.5,110,3016.5
9,-998,109,3016,-997.5,110,3016.5
9,-997,109,3016,-996.5,110,3016.5
9,-996,109,3016,-995.5,110,3016.5
9,-990,109,3016,-989.5,110,3016.5
9,-1014,109,3017,-1013.5,110,3017.5
9,-1008,109,3017,-1007.5,110,3017.5
9,-1007,109,3017,-1006.5,110,3017.5
9,-1006,109,3017,-1005.5,110,3017.5
9,-1005,109,3017,-1004.5,110,3017.5
9,-1004,109,3017,-1003.5,110,3017.5
9,-1003,109,3017,-1002.5,110,3017.5
9,-1002,109,3017,-1001.5,110,3017.5
9,-1001,109,3017,-1000.5,110,3017.5
9,-1000,109,3017,-999.5,110,3017.5
9,-999,109,3017,-998.5,110,3017.5
9,-998,109,3017,-997.5,110,3017.5
9,-997,109,3017,-996.5,110,3017.5
9,-996,109,3017,-995.5,110,3017.5
9,-990,109,3017,-989.5,110,3017.5
9,-1014,109,3018,-1013.5,110,3018.5
9,-1013,109,3018,-1012.5,110,3018.5
9,-1012,109,3018,-1011.5,110,3018.5
9,-1011,109,3018,-1010.5,110,3018.5
9,-1010,109,3018,-1009.5,110,3018.5
9,-1009,109,3018,-1008.5,110,3018.5
9,-1008,109,3018,-1007.5,110,3018.5
9,-1007,109,3018,-1006.5,110,3018.5
9,-1006,109,3018,-1005.5,110,3018.5
9,-1005,109,3018,-1004.5,110,3018.5
9,-1004,109,3018,-1003.5,110,3018.5
9,-1003,109,3018,-1002.5,110,3018.5
9,-1002,109,3018,-1001.5,110,3018.5
9,-1001,109,3018,-1000.5,110,3018.5
9,-1000,109,3018,-999.5,110,3018.5
9,-999,109,3018,-998.5,110,3018.5
9,-998,109,3018,-997.5,110,3018.5
9,-997,109,3018,-996.5,110,3018.5
9,-996,109,3018,-995.5,110,3018.5
9,-995,109,3018,-994.5,110,3018.5
9,-994,109,3018,-993.5,110,3018.5
9,-993,109,3018,-992.5,110,3018.5
9,-992,109,3018,-991.5,110,3018.5
9,-991,109,3018,-990.5,110,3018.5
9,-990,109,3018,-989.5,110,3018.5
9,-1011,109,3019,-1010.5,110,3019.5
9,-1010,109,3019,-1009.5,110,3019.5
9,-1009,109,3019,-1008.5,110,3019.5
9,-1008,109,3019,-1007.5,110,3019.5
9,-1007,109,3019,-1006.5,110,3019.5
9,-1006,109,3019,-1005.5,110,3019.5
9,-1005,109,3019,-1004.5,110,3019.5
9,-1004,109,3019,-1003.5,110,3019.5
9,-1003,109,3019,-1002.5,110,3019.5
9,-1002,109,3019,-1001.5,110,3019.5
9,-1001,109,3019,-1000.5,110,3019.5
9,-1000,109,3019,-999.5,110,3019.5
9,-999,109,3019,-998.5,110,3019.5
9,-998,109,3019,-997.5,110,3019.5
9,-997,109,3019,-996.5,110,3019.5
9,-996,109,3019,-995.5,110,3019.5
9,-995,109,3019,-994.5,110,3019.5
9,-994,109,3019,-993.5,110,3019.5
9,-993,109,3019,-992.5,110,3019.5
9,-1009,109,3020,-1008.5,110,3020.5
9,-1008,109,3020,-1007.5,110,3020.5
9,-1007,109,3020,-1006.5,110,3020.5
9,-1006,109,3020,-1005.5,110,3020.5
9,-1005,109,3020,-1004.5,110,3020.5
9,-1004,109,3020,-1003.5,110,3020.5
9,-1003,109,3020,-1002.5,110,3020.5
9,-1002,109,3020,-1001.5,110,3020.5
9,-1001,109,3020,-1000.5,110,3020.5
9,-1000,109,3020,-999.5,110,3020.5
9,-999,109,3020,-998.5,110,3020.5
9,-998,109,3020,-997.5,110,3020.5
9,-997,109,3020,-996.5,110,3020.5
9,-996,109,3020,-995.5,110,3020.5
9,-995,109,3020,-994.5,110,3020.5
9,-1006,109,3021,-1005.5,110,3021.5
9,-1005,109,3021,-1004.5,110,3021.5
9,-1004,109,3021,-1003.5,110,3021.5
9,-1003,109,3021,-1002.5,110,3021.5
9,-1002,109,3021,-1001.5,110,3021.5
9,-1001,109,3021,-1000.5,110,3021.5
9,-1000,109,3021,-999.5,110,3021.5
9,-999,109,3021,-998.5,110,3021.5
9,-998,109,3021,-997.5,110,3021.5
9,-1004,109,3022,-1003.5,110,3022.5
9,-1003,109,3022,-1002.5,110,3022.5
9,-1002,109,3022,-1001.5,110,3022.5
9,-1001,109,3022,-1000.5,110,3022.5
9,-1000,109,3022,-999.5,110,3022.5
9,-1002,109,3023,-1001.5,110,3023.5
10,-1002,124,2990,-1001.5,125,2990.5
10,-1004,124,2991,-1003.5,125,2991.5
10,-1003,124,2991,-1002.5,125,2991.5
10,-1002,124,2991,-1001.5,125,2991.5
10,-1001,124,2991,-1000.5,125,2991.5
10,-1000,124,2991,-999.5,125,2991.5
10,-1006,124,2992,-1005.5,125,2992.5
10,-1005,124,2992,-1004.5,125,2992.5
10,-1004,124,2992,-1003.5,125,2992.5
10,-1003,124,2992,-1002.5,125,2992.5
10,-1002,124,2992,-1001.5,125,2992.5
10,-1001,124,2992,-1000.5,125,2992.5
10,-1000,124,2992,-999.5,125,2992.5
10,-999,124,2992,-998.5,125,2992.5
10,-998,124,2992,-997.5,125,2992.5
10,-1009,124,2993,-1008.5,125,2993.5
10,-1008,124,2993,-1007.5,125,2993.5
10,-1007,124,2993,-1006.5,125,2993.5
10,-1006,124,2993,-1005.5,125,2993.5
10,-1005,124,2993,-1004.5,125,2993.5
10,-1004,124,2993,-1003.5,125,2993.5
10,-1003,124,2993,-1002.5,125,2993.5
10,-1002,124,2993,-1001.5,125,2993.5
10,-1001,124,2993,-1000.5,125,2993.5
10,-1000,124,2993,-999.5,125,2993.5
10,-999,124,2993,-998.5,125,2993.5
10,-998,124,2993,-997.5,125,2993.5
10,-997,124,2993,-996.5,125,2993.5
10,-996,124,2993,-995.5,125,2993.5
10,-995,124,2993,-994.5,125,2993.5
10,-1011,124,2994,-1010.5,125,2994.5
10,-1010,124,2994,-1009.5,125,2994.5
10,-1009,124,2994,-1008.5,125,2994.5
10,-1008,124,2994,-1007.5,125,2994.5
10,-1007,124,2994,-1006.5,125,2994.5
10,-1006,124,2994,-1005.5,125,2994.5
10,-1005,124,2994,-1004.5,125,2994.5
10,-1004,124,2994,-1003.5,125,2994.5
10,-1003,124,2994,-1002.5,125,2994.5
10,-1002,124,2994,-1001.5,125,2994.5
10,-1001,124,2994,-1000.5,125,2994.5
10,-1000,124,2994,-999.5,125,2994.5
10,-999,124,2994,-998.5,125,2994.5
10,-998,124,2994,-997.5,125,2994.5
10,-997,124,2994,-996.5,125,2994.5
10,-996,124,2994,-995.5,125,2994.5
10,-995,124,2994,-994.5,125,2994.5
10,-994,124,2994,-993.5,125,2994.5
10,-993,124,2994,-992.5,125,2994.5
10,-1008,124,2995,-1007.5,125,2995.5
10,-1007,124,2995,-1006.5,125,2995.5
10,-1006,124,2995,-1005.5,125,2995.5
10,-1005,124,2995,-1004.5,125,2995.5
10,-1004,124,2995,-1003.5,125,2995.5
10,-1003,124,2995,-1002.5,125,2995.5
10,-1002,124,2995,-1001.5,125,2995.5
10,-1001,124,2995,-1000.5,125,2995.5
10,-1000,124,2995,-999.5,125,2995.5
10,-999,124,2995,-998.5,125,2995.5
10,-998,124,2995,-997.5,125,2995.5
10,-997,124,2995,-996.5,125,2995.5
10,-996,124,2995,-995.5,125,2995.5
10,-1008,124,2996,-1007.5,125,2996.5
10,-1007,124,2996,-1006.5,125,2996.5
10,-1006,124,2996,-1005.5,125,2996.5
10,-1005,124,2996,-1004.5,125,2996.5
10,-1004,124,2996,-1003.5,125,2996.5
10,-1003,124,2996,-1002.5,125,2996.5
10,-1002,124,2996,-1001.5,125,2996.5
10,-1001,124,2996,-1000.5,125,2996.5
10,-1000,124,2996,-999.5,125,2996.5
10,-999,124,2996,-998.5,125,2996.5
10,-998,124,2996,-997.5,125,2996.5
10,-997,124,2996,-996.5,125,2996.5
10,-996,124,2996,-995.5,125,2996.5
10,-1014,124,2997,-1013.5,125,2997.5
10,-1008,124,2997,-1007.5,125,2997.5
10,-1007,124,2997,-1006.5,125,2997.5
10,-1006,124,2997,-1005.5,125,2997.5
10,-1005,124,2997,-1004.5,125,2997.5
10,-1004,124,2997,-1003.5,125,2997.5
10,-1003,124,2997,-1002.5,125,2997.5
10,-1002,124,2997,-1001.5,125,2997.5
10,-1001,124,2997,-1000.5,125,2997.5
10,-1000,124,2997,-999.5,125,2997.5
10,-999,124,2997,-998.5,125,2997.5
10,-998,124,2997,-997.5,125,2997.5
10,-997,124,2997,-996.5,125,2997.5
10,-996,124,2997,-995.5,125,2997.5
10,-990,124,2997,-989.5,125,2997.5
10,-1014,124,2998,-1013.5,125,2998.5
10,-1008,124,2998,-1007.5,125,2998.5
10,-1007,124,2998,-1006.5,125,2998.5
10,-1006,124,2998,-1005.5,125,2998.5
10,-1005,124,2998,-1004.5,125,2998.5
10,-1004,124,2998,-1003.5,125,2998.5
10,-1003,124,2998,-1002.5,125,2998.5
10,-1002,124,2998,-1001.5,125,2998.5
10,-1001,124,2998,-1000.5,125,2998.5
10,-1000,124,2998,-999.5,125,2998.5
10,-999,124,2998,-998.5,125,2998.5
10,-998,124,2998,-997.5,125,2998.5
10,-997,124,2998,-996.5,125,2998.5
10,-996,124,2998,-995.5,125,2998.5
10,-990,124,2998,-989.5,125,2998.5
10,-1015,124,2999,-1014.5,125,2999.5
10,-1014,124,2999,-1013.5,125,2999.5
10,-1008,124,2999,-1007.5,125,2999.5
10,-1007,124,2999,-1006.5,125,2999.5
10,-1006,124,2999,-1005.5,125,2999.5
10,-1005,124,2999,-1004.5,125,2999.5
10,-1004,124,2999,-1003.5,125,2999.5
10,-1003,124,2999,-1002.5,125,2999.5
10,-1002,124,2999,-1001.5,125,2999.5
10,-1001,124,2999,-1000.5,125,2999.5
10,-1000,124,2999,-999.5,125,2999.5
10,-999,124,2999,-998.5,125,2999.5
10,-998,124,2999,-997.5,125,2999.5
10,-997,124,2999,-996.5,125,2999.5
10,-996,124,2999,-995.5,125,2999.5
10,-990,124,2999,-989.5,125,2999.5
10,-989,124,2999,-988.5,125,2999.5
10,-1015,124,3000,-1014.5,125,3000.5
10,-1014,124,3000,-1013.5,125,3000.5
10,-1013,124,3000,-1012.5,125,3000.5
10,-1012,124,3000,-1011.5,125,3000.5
10,-1011,124,3000,-1010.5,125,3000.5
10,-1010,124,3000,-1009.5,125,3000.5
10,-1009,124,3000,-1008.5,125,3000.5
10,-1008,124,3000,-1007.5,125,3000.5
10,-1007,124,3000,-1006.5,125,3000.5
10,-1006,124,3000,-1005.5,125,3000.5
10,-1005,124,3000,-1004.5,125,3000.5
10,-1004,124,3000,-1003.5,125,3000.5
10,-1003,124,3000,-1002.5,125,3000.5
10,-1002,124,3000,-1001.5,125,3000.5
10,-1001,124,3000,-1000.5,125,3000.5
10,-1000,124,3000,-999.5,125,3000.5
10,-999,124,3000,-998.5,125,3000.5
10,-998,124,3000,-997.5,125,3000.5
10,-997,124,3000,-996.5,125,3000.5
10,-996,124,3000,-995.5,125,3000.5
10,-995,124,3000,-994.5,125,3000.5
10,-994,124,3000,-993.5,125,3000.5
10,-993,124,3000,-992.5,125,3000.5
10,-992,124,3000,-991.5,125,3000.5
10,-991,124,3000,-990.5,125,3000.5
10,-990,124,3000,-989.5,125,3000.5
10,-989,124,3000,-988.5,125,3000.5
10,-1015,124,3001,-1014.5,125,3001.5
10,-1014,124,3001,-1013.5,125,3001.5
10,-1013,124,3001,-1012.5,125,3001.5
10,-1012,124,3001,-1011.5,125,3001.5
10,-1011,124,3001,-1010.5,125,3001.5
10,-1010,124,3001,-1009.5,125,3001.5
10,-1009,124,3001,-1008.5,125,3001.5
10,-1008,124,3001,-1007.5,125,3001.5
10,-1007,124,3001,-1006.5,125,3001.5
10,-1006,124,3001,-1005.5,125,3001.5
10,-1005,124,3001,-1004.5,125,3001.5
10,-1004,124,3001,-1003.5,125,3001.5
10,-1003,124,3001,-1002.5,125,3001.5
10,-1002,124,3001,-1001.5,125,3001.5
10,-1001,124,3001,-1000.5,125,3001.5
10,-1000,124,3001,-999.5,125,3001.5
10,-999,124,3001,-998.5,125,3001.5
10,-998,124,3001,-997.5,125,3001.5
10,-997,124,3001,-996.5,125,3001.5
10,-996,124,3001,-995.5,125,3001.5
10,-995,124,3001,-994.5,125,3001.5
10,-994,124,3001,-993.5,125,3001.5
10,-993,124,3001,-992.5,125,3001.5
10,-992,124,3001,-991.5,125,3001.5
10,-991,124,3001,-990.5,125,3001.5
10,-990,124,3001,-989.5,125,3001.5
10,-989,124,3001,-988.5,125,3001.5
10,-1016,124,3002,-1015.5,125,3002.5
10,-1015,124,3002,-1014.5,125,3002.5
10,-1014,124,3002,-1013.5,125,3002.5
10,-1013,124,3002,-1012.5,125,3002.5
10,-1012,124,3002,-1011.5,125,3002.5
10,-1011,124,3002,-1010.5,125,3002.5
10,-1010,124,3002,-1009.5,125,3002.5
10,-1009,124,3002,-1008.5,125,3002.5
10,-1008,124,3002,-1007.5,125,3002.5
10,-1007,124,3002,-1006.5,125,3002.5
10,-1006,124,3002,-1005.5,125,3002.5
10,-1005,124,3002,-1004.5,125,3002.5
10,-1004,124,3002,-1003.5,125,3002.5
10,-1003,124,3002,-1002.5,125,3002.5
10,-1002,124,3002,-1001.5,125,3002.5
10,-1001,124,3002,-1000.5,125,3002.5
10,-1000,124,3002,-999.5,125,3002.5
10,-999,124,3002,-998.5,125,3002.5
10,-998,124,3002,-997.5,125,3002.5
10,-997,124,3002,-996.5,125,3002.5
10,-996,124,3002,-995.5,125,3002.5
10,-995,124,3002,-994.5,125,3002.5
10,-994,124,3002,-993.5,125,3002.5
10,-993,124,3002,-992.5,125,3002.5
10,-992,124,3002,-991.5,125,3002.5
10,-991,124,3002,-990.5,125,3002.5
10,-990,124,3002,-989.5,125,3002.5
10,-989,124,3002,-988.5,125,3002.5
10,-988,124,3002,-987.5,125,3002.5
10,-1016,124,3003,-1015.5,125,3003.5
10,-1015,124,3003,-1014.5,125,3003.5
10,-1014,124,3003,-1013.5,125,3003.5
10,-1013,124,3003,-1012.5,125,3003.5
10,-1012,124,3003,-1011.5,125,3003.5
10,-1011,124,3003,-1010.5,125,3003.5
10,-1010,124,3003,-1009.5,125,3003.5
10,-1009,124,3003,-1008.5,125,3003.5
10,-1008,124,3003,-1007.5,125,3003.5
10,-1007,124,3003,-1006.5,125,3003.5
10,-1006,124,3003,-1005.5,125,3003.5
10,-1005,124,3003,-1004.5,125,3003.5
10,-1004,124,3003,-1003.5,125,3003.5
10,-1003,124,3003,-1002.5,125,3003.5
10,-1002,124,3003,-1001.5,125,3003.5
10,-1001,124,3003,-1000.5,125,3003.5
10,-1000,124,3003,-999.5,125,3003.5
10,-999,124,3003,-998.5,125,3003.5
10,-998,124,3003,-997.5,125,3003.5
10,-997,124,3003,-996.5,125,3003.5
10,-996,124,3003,-995.5,125,3003.5
10,-995,124,3003,-994.5,125,3003.5
10,-994,124,3003,-993.5,125,3003.5
10,-993,124,3003,-992.5,125,3003.5
10,-992,124,3003,-991.5,125,3003.5
10,-991,124,3003,-990.5,125,3003.5
10,-990,124,3003,-989.5,125,3003.5
10,-989,124,3003,-988.5,125,3003.5
10,-988,124,3003,-987.5,125,3003.5
10,-1017,124,3004,-1016.5,125,3004.5
10,-1016,124,3004,-1015.5,125,3004.5
10,-1015,124,3004,-1014.5,125,3004.5
10,-1014,124,3004,-1013.5,125,3004.5
10,-1013,124,3004,-1012.5,125,3004.5
10,-1012,124,3004,-1011.5,125,3004.5
10,-1011,124,3004,-1010.5,125,3004.5
10,-1010,124,3004,-1009.5,125,3004.5
10,-1009,124,3004,-1008.5,125,3004.5
10,-1008,124,3004,-1007.5,125,3004.5
10,-1007,124,3004,-1006.5,125,3004.5
10,-1006,124,3004,-1005.5,125,3004.5
10,-1005,124,3004,-1004.5,125,3004.5
10,-1004,124,3004,-1003.5,125,3004.5
10,-1003,124,3004,-1002.5,125,3004.5
10,-1002,124,3004,-1001.5,125,3004.5
10,-1001,124,3004,-1000.5,125,3004.5
10,-1000,124,3004,-999.5,125,3004.5
10,-999,124,3004,-998.5,125,3004.5
10,-998,124,3004,-997.5,125,3004.5
10,-997,124,3004,-996.5,125,3004.5
10,-996,124,3004,-995.5,125,3004.5
10,-995,124,3004,-994.5,125,3004.5
10,-994,124,3004,-993.5,125,3004.5
10,-993,124,3004,-992.5,125,3004.5
10,-992,124,3004,-991.5,125,3004.5
10,-991,124,3004,-990.5,125,3004.5
10,-990,124,3004,-989.5,125,3004.5
10,-989,124,3004,-988.5,125,3004.5
10,-988,124,3004,-987.5,125,3004.5
10,-987,124,3004,-986.5,125,3004.5
10,-1017,124,3005,-1016.5,125,3005.5
10,-1016,124,3005,-1015.5,125,3005.5
10,-1015,124,3005,-1014.5,125,3005.5
10,-1014,124,3005,-1013.5,125,3005.5
10,-1013,124,3005,-1012.5,125,3005.5
10,-1012,124,3005,-1011.5,125,3005.5
10,-1011,124,3005,-1010.5,125,3005.5
10,-1010,124,3005,-1009.5,125,3005.5
10,-1009,124,3005,-1008.5,125,3005.5
10,-1008,124,3005,-1007.5,125,3005.5
10,-1007,124,3005,-1006.5,125,3005.5
10,-1006,124,3005,-1005.5,125,3005.5
10,-1005,124,3005,-1004.5,125,3005.5
10,-1004,124,3005,-1003.5,125,3005.5
10,-1003,124,3005,-1002.5,125,3005.5
10,-1002,124,3005,-1001.5,125,3005.5
10,-1001,124,3005,-1000.5,125,3005.5
10,-1000,124,3005,-999.5,125,3005.5
10,-999,124,3005,-998.5,125,3005.5
10,-998,124,3005,-997.5,125,3005.5
10,-997,124,3005,-996.5,125,3005.5
10,-996,124,3005,-995.5,125,3005.5
10,-995,124,3005,-994.5,125,3005.5
10,-994,124,3005,-993.5,125,3005.5
10,-993,124,3005,-992.5,125,3005.5
10,-992,124,3005,-991.5,125,3005.5
10,-991,124,3005,-990.5,125,3005.5
10,-990,124,3005,-989.5,125,3005.5
10,-989,124,3005,-988.5,125,3005.5
10,-988,124,3005,-987.5,125,3005.5
10,-987,124,3005,-986.5,125,3005.5
10,-1018,124,3006,-1017.5,125,3006.5
10,-1017,124,3006,-1016.5,125,3006.5
10,-1016,124,3006,-1015.5,125,3006.5
10,-1015,124,3006,-1014.5,125,3006.5
10,-1014,124,3006,-1013.5,125,3006.5
10,-1013,124,3006,-1012.5,125,3006.5
10,-1012,124,3006,-1011.5,125,3006.5
10,-1011,124,3006,-1010.5,125,3006.5
10,-1010,124,3006,-1009.5,125,3006.5
10,-1009,124,3006,-1008.5,125,3006.5
10,-1008,124,3006,-1007.5,125,3006.5
10,-1007,124,3006,-1006.5,125,3006.5
10,-1006,124,3006,-1005.5,125,3006.5
10,-1005,124,3006,-1004.5,125,3006.5
10,-1004,124,3006,-1003.5,125,3006.5
10,-1003,124,3006,-1002.5,125,3006.5
10,-1002,124,3006,-1001.5,125,3006.5
10,-1001,124,3006,-1000.5,125,3006.5
10,-1000,124,3006,-999.5,125,3006.5
10,-999,124,3006,-998.5,125,3006.5
10,-998,124,3006,-997.5,125,3006.5
10,-997,124,3006,-996.5,125,3006.5
10,-996,124,3006,-995.5,125,3006.5
10,-995,124,3006,-994.5,125,3006.5
10,-994,124,3006,-993.5,125,3006.5
10,-993,124,3006,-992.5,125,3006.5
10,-992,124,3006,-991.5,125,3006.5
10,-991,124,3006,-990.5,125,3006.5
10,-990,124,3006,-989.5,125,3006.5
10,-989,124,3006,-988.5,125,3006.5
10,-988,124,3006,-987.5,125,3006.5
10,-987,124,3006,-986.5,125,3006.5
10,-986,124,3006,-985.5,125,3006.5
10,-1017,124,3007,-1016.5,125,3007.5
10,-1016,124,3007,-1015.5,125,3007.5
10,-1015,124,3007,-1014.5,125,3007.5
10,-1014,124,3007,-1013.5,125,3007.5
10,-1013,124,3007,-1012.5,125,3007.5
10,-1012,124,3007,-1011.5,125,3007.5
10,-1011,124,3007,-1010.5,125,3007.5
10,-1010,124,3007,-1009.5,125,3007.5
10,-1009,124,3007,-1008.5,125,3007.5
10,-1008,124,3007,-1007.5,125,3007.5
10,-1007,124,3007,-1006.5,125,3007.5
10,-1006,124,3007,-1005.5,125,3007.5
10,-1005,124,3007,-1004.5,125,3007.5
10,-1004,124,3007,-1003.5,125,3007.5
10,-1003,124,3007,-1002.5,125,3007.5
10,-1002,124,3007,-1001.5,125,3007.5
10,-1001,124,3007,-1000.5,125,3007.5
10,-1000,124,3007,-999.5,125,3007.5
10,-999,124,3007,-998.5,125,3007.5
10,-998,124,3007,-997.5,125,3007.5
10,-997,124,3007,-996.5,125,3007.5
10,-996,124,3007,-995.5,125,3007.5
10,-995,124,3007,-994.5,125,3007.5
10,-994,124,3007,-993.5,125,3007.5
10,-993,124,3007,-992.5,125,3007.5
10,-992,124,3007,-991.5,125,3007.5
10,-991,124,3007,-990.5,125,3007.5
10,-990,124,3007,-989.5,125,3007.5
10,-989,124,3007,-988.5,125,3007.5
10,-988,124,3007,-987.5,125,3007.5
10,-987,124,3007,-986.5,125,3007.5
10,-1017,124,3008,-1016.5,125,3008.5
10,-1016,124,3008,-1015.5,125,3008.5
10,-1015,124,3008,-1014.5,125,3008.5
10,-1014,124,3008,-1013.5,125,3008.5
10,-1013,124,3008,-1012.5,125,3008.5
10,-1012,124,3008,-1011.5,125,3008.5
10,-1011,124,3008,-1010.5,125,3008.5
10,-1010,124,3008,-1009.5,125,3008.5
10,-1009,124,3008,-1008.5,125,3008.5
10,-1008,124,3008,-1007.5,125,3008.5
10,-1007,124,3008,-1006.5,125,3008.5
10,-1006,124,3008,-1005.5,125,3008.5
10,-1005,124,3008,-1004.5,125,3008.5
10,-1004,124,3008,-1003.5,125,3008.5
10,-1003,124,3008,-1002.5,125,3008.5
10,-1002,124,3008,-1001.5,125,3008.5
10,-1001,124,3008,-1000.5,125,3008.5
10,-1000,124,3008,-999.5,125,3008.5
10,-999,124,3008,-998.5,125,3008.5
10,-998,124,3008,-997.5,125,3008.5
10,-997,124,3008,-996.5,125,3008.5
10,-996,124,3008,-995.5,125,3008.5
10,-995,124,3008,-994.5,125,3008.5
10,-994,124,3008,-993.5,125,3008.5
10,-993,124,3008,-992.5,125,3008.5
10,-992,124,3008,-991.5,125,3008.5
10,-991,124,3008,-990.5,125,3008.5
10,-990,124,3008,-989.5,125,3008.5
10,-989,124,3008,-988.5,125,3008.5
10,-988,124,3008,-987.5,125,3008.5
10,-987,124,3008,-986.5,125,3008.5
10,-1016,124,3009,-1015.5,125,3009.5
10,-1015,124,3009,-1014.5,125,3009.5
10,-1014,124,3009,-1013.5,125,3009.5
10,-1013,124,3009,-1012.5,125,3009.5
10,-1012,124,3009,-1011.5,125,3009.5
10,-1011,124,3009,-1010.5,125,3009.5
10,-1010,124,3009,-1009.5,125,3009.5
10,-1009,124,3009,-1008.5,125,3009.5
10,-1008,124,3009,-1007.5,125,3009.5
10,-1007,124,3009,-1006.5,125,3009.5
10,-1006,124,3009,-1005.5,125,3009.5
10,-1005,124,3009,-1004.5,125,3009.5
10,-1004,124,3009,-1003.5,125,3009.5
10,-1003,124,3009,-1002.5,125,3009.5
10,-1002,124,3009,-1001.5,125,3009.5
10,-1001,124,3009,-1000.5,125,3009.5
10,-1000,124,3009,-999.5,125,3009.5
10,-999,124,3009,-998.5,125,3009.5
10,-998,124,3009,-997.5,125,3009.5
10,-997,124,3009,-996.5,125,3009.5
10,-996,124,3009,-995.5,125,3009.5
10,-995,124,3009,-994.5,125,3009.5
10,-994,124,3009,-993.5,125,3009.5
10,-993,124,3009,-992.5,125,3009.5
10,-992,124,3009,-991.5,125,3009.5
10,-991,124,3009,-990.5,125,3009.5
10,-990,124,3009,-989.5,125,3009.5
10,-989,124,3009,-988.5,125,3009.5
10,-988,124,3009,-987.5,125,3009.5
10,-1016,124,3010,-1015.5,125,3010.5
10,-1015,124,3010,-1014.5,125,3010.5
10,-1014,124,3010,-1013.5,125,3010.5
10,-1013,124,3010,-1012.5,125,3010.5
10,-1012,124,3010,-1011.5,125,3010.5
10,-1011,124,3010,-1010.5,125,3010.5
10,-1010,124,3010,-1009.5,125,3010.5
10,-1009,124,3010,-1008.5,125,3010.5
10,-1008,124,3010,-1007.5,125,3010.5
10,-1007,124,3010,-1006.5,125,3010.5
10,-1006,124,3010,-1005.5,125,3010.5
10,-1005,124,3010,-1004.5,125,3010.5
10,-1004,124,3010,-1003.5,125,3010.5
10,-1003,124,3010,-1002.5,125,3010.5
10,-1002,124,3010,-1001.5,125,3010.5
10,-1001,124,3010,-1000.5,125,3010.5
10,-1000,124,3010,-999.5,125,3010.5
10,-999,124,3010,-998.5,125,3010.5
10,-998,124,3010,-997.5,125,3010.5
10,-997,124,3010,-996.5,125,3010.5
10,-996,124,3010,-995.5,125,3010.5
10,-995,124,3010,-994.5,125,3010.5
10,-994,124,3010,-993.5,125,3010.5
10,-993,124,3010,-992.5,125,3010.5
10,-992,124,3010,-991.5,125,3010.5
10,-991,124,3010,-990.5,125,3010.5
10,-990,124,3010,-989.5,125,3010.5
10,-989,124,3010,-988.5,125,3010.5
10,-988,124,3010,-987.5,125,3010.5
10,-1015,124,3011,-1014.5,125,3011.5
10,-1014,124,3011,-1013.5,125,3011.5
10,-1013,124,3011,-1012.5,125,3011.5
10,-1012,124,3011,-1011.5,125,3011.5
10,-1011,124,3011,-1010.5,125,3011.5
10,-1010,124,3011,-1009.5,125,3011.5
10,-1009,124,3011,-1008.5,125,3011.5
10,-1008,124,3011,-1007.5,125,3011.5
10,-1007,124,3011,-1006.5,125,3011.5
10,-1006,124,3011,-1005.5,125,3011.5
10,-1005,124,3011,-1004.5,125,3011.5
10,-1004,124,3011,-1003.5,125,3011.5
10,-1003,124,3011,-1002.5,125,3011.5
10,-1002,124,3011,-1001.5,125,3011.5
10,-1001,124,3011,-1000.5,125,3011.5
10,-1000,124,3011,-999.5,125,3011.5
10,-999,124,3011,-998.5,125,3011.5
10,-998,124,3011,-997.5,125,3011.5
10,-997,124,3011,-996.5,125,3011.5
10,-996,124,3011,-995.5,125,3011.5
10,-995,124,3011,-994.5,125,3011.5
10,-994,124,3011,-993.5,125,3011.5
10,-993,124,3011,-992.5,125,3011.5
10,-992,124,3011,-991.5,125,3011.5
10,-991,124,3011,-990.5,125,3011.5
10,-990,124,3011,-989.5,125,3011.5
10,-989,124,3011,-988.5,125,3011.5
10,-1015,124,3012,-1014.5,125,3012.5
10,-1014,124,3012,-1013.5,125,3012.5
10,-1013,124,3012,-1012.5,125,3012.5
10,-1012,124,3012,-1011.5,125,3012.5
10,-1011,124,3012,-1010.5,125,3012.5
10,-1010,124,3012,-1009.5,125,3012.5
10,-1009,124,3012,-1008.5,125,3012.5
10,-1008,124,3012,-1007.5,125,3012.5
10,-1007,124,3012,-1006.5,125,3012.5
10,-1006,124,3012,-1005.5,125,3012.5
10,-1005,124,3012,-1004.5,125,3012.5
10,-1004,124,3012,-1003.5,125,3012.5
10,-1003,124,3012,-1002.5,125,3012.5
10,-1002,124,3012,-1001.5,125,3012.5
10,-1001,124,3012,-1000.5,125,3012.5
10,-1000,124,3012,-999.5,125,3012.5
10,-999,124,3012,-998.5,125,3012.5
10,-998,124,3012,-997.5,125,3012.5
10,-997,124,3012,-996.5,125,3012.5
10,-996,124,3012,-995.5,125,3012.5
10,-995,124,3012,-994.5,125,3012.5
10,-994,124,3012,-993.5,125,3012.5
10,-993,124,3012,-992.5,125,3012.5
10,-992,124,3012,-991.5,125,3012.5
10,-991,124,3012,-990.5,125,3012.5
10,-990,124,3012,-989.5,125,3012.5
10,-989,124,3012,-988.5,125,3012.5
10,-1015,124,3013,-1014.5,125,3013.5
10,-1014,124,3013,-1013.5,125,3013.5
10,-1008,124,3013,-1007.5,125,3013.5
10,-1007,124,3013,-1006.5,125,3013.5
10,-1006,124,3013,-1005.5,125,3013.5
10,-1005,124,3013,-1004.5,125,3013.5
10,-1004,124,3013,-1003.5,125,3013.5
10,-1003,124,3013,-1002.5,125,3013.5
10,-1002,124,3013,-1001.5,125,3013.5
10,-1001,124,3013,-1000.5,125,3013.5
10,-1000,124,3013,-999.5,125,3013.5
10,-999,124,3013,-998.5,125,3013.5
10,-998,124,3013,-997.5,125,3013.5
10,-997,124,3013,-996.5,125,3013.5
10,-996,124,3013,-995.5,125,3013.5
10,-990,124,3013,-989.5,125,3013.5
10,-989,124,3013,-988.5,125,3013.5
10,-1014,124,3014,-1013.5,125,3014.5
10,-1008,124,3014,-1007.5,125,3014.5
10,-1007,124,3014,-1006.5,125,3014.5
10,-1006,124,3014,-1005.5,125,3014.5
10,-1005,124,3014,-1004.5,125,3014.5
10,-1004,124,3014,-1003.5,125,3014.5
10,-1003,124,3014,-1002.5,125,3014.5
10,-1002,124,3014,-1001.5,125,3014.5
10,-1001,124,3014,-1000.5,125,3014.5
10,-1000,124,3014,-999.5,125,3014.5
10,-999,124,3014,-998.5,125,3014.5
10,-998,124,3014,-997.5,125,3014.5
10,-997,124,3014,-996.5,125,3014.5
10,-996,124,3014,-995.5,125,3014.5
10,-990,124,3014,-989.5,125,3014.5
10,-1014,124,3015,-1013.5,125,3015.5
10,-1008,124,3015,-1007.5,125,3015.5
10,-1007,124,3015,-1006.5,125,3015.5
10,-1006,124,3015,-1005.5,125,3015.5
10,-1005,124,3015,-1004.5,125,3015.5
10,-1004,124,3015,-1003.5,125,3015.5
10,-1003,124,3015,-1002.5,125,3015.5
10,-1002,124,3015,-1001.5,125,3015.5
10,-1001,124,3015,-1000.5,125,3015.5
10,-1000,124,3015,-999.5,125,3015.5
10,-999,124,3015,-998.5,125,3015.5
10,-998,124,3015,-997.5,125,3015.5
10,-997,124,3015,-996.5,125,3015.5
10,-996,124,3015,-995.5,125,3015.5
10,-990,124,3015,-989.5,125,3015.5
10,-1008,124,3016,-1007.5,125,3016.5
10,-1007,124,3016,-1006.5,125,3016.5
10,-1006,124,3016,-1005.5,125,3016.5
10,-1005,124,3016,-1004.5,125,3016.5
10,-1004,124,3016,-1003.5,125,3016.5
10,-1003,124,3016,-1002.5,125,3016.5
10,-1002,124,3016,-1001.5,125,3016.5
10,-1001,124,3016,-1000.5,125,3016.5
10,-1000,124,3016,-999.5,125,3016.5
10,-999,124,3016,-998.5,125,3016.5
10,-998,124,3016,-997.5,125,3016.5
10,-997,124,3016,-996.5,125,3016.5
10,-996,124,3016,-995.5,125,3016.5
10,-1008,124,3017,-1007.5,125,3017.5
10,-1007,124,3017,-1006.5,125,3017.5
10,-1006,124,3017,-1005.5,125,3017.5
10,-1005,124,3017,-1004.5,125,3017.5
10,-1004,124,3017,-1003.5,125,3017.5
10,-1003,124,3017,-1002.5,125,3017.5
10,-1002,124,3017,-1001.5,125,3017.5
10,-1001,124,3017,-1000.5,125,3017.5
10,-1000,124,3017,-999.5,125,3017.5
10,-999,124,3017,-998.5,125,3017.5
10,-998,124,3017,-997.5,125,3017.5
10,-997,124,3017,-996.5,125,3017.5
10,-996,124,3017,-995.5,125,3017.5
10,-1011,124,3018,-1010.5,125,3018.5
10,-1010,124,3018,-1009.5,125,3018.5
10,-1009,124,3018,-1008.5,125,3018.5
10,-1008,124,3018,-1007.5,125,3018.5
10,-1007,124,3018,-1006.5,125,3018.5
10,-1006,124,3018,-1005.5,125,3018.5
10,-1005,124,3018,-1004.5,125,3018.5
10,-1004,124,3018,-1003.5,125,3018.5
10,-1003,124,3018,-1002.5,125,3018.5
10,-1002,124,3018,-1001.5,125,3018.5
10,-1001,124,3018,-1000.5,125,3018.5
10,-1000,124,3018,-999.5,125,3018.5
10,-999,124,3018,-998.5,125,3018.5
10,-998,124,3018,-997.5,125,3018.5
10,-997,124,3018,-996.5,125,3018.5
10,-996,124,3018,-995.5,125,3018.5
10,-995,124,3018,-994.5,125,3018.5
10,-994,124,3018,-993.5,125,3018.5
10,-993,124,3018,-992.5,125,3018.5
10,-1009,124,3019,-1008.5,125,3019.5
10,-1008,124,3019,-1007.5,125,3019.5
10,-1007,124,3019,-1006.5,125,3019.5
10,-1006,124,3019,-1005.5,125,3019.5
10,-1005,124,3019,-1004.5,125,3019.5
10,-1004,124,3019,-1003.5,125,3019.5
10,-1003,124,3019,-1002.5,125,3019.5
10,-1002,124,3019,-1001.5,125,3019.5
10,-1001,124,3019,-1000.5,125,3019.5
10,-1000,124,3019,-999.5,125,3019.5
10,-999,124,3019,-998.5,125,3019.5
10,-998,124,3019,-997.5,125,3019.5
10,-997,124,3019,-996.5,125,3019.5
10,-996,124,3019,-995.5,125,3019.5
10,-995,124,3019,-994.5,125,3019.5
10,-1006,124,3020,-1005.5,125,3020.5
10,-1005,124,3020,-1004.5,125,3020.5
10,-1004,124,3020,-1003.5,125,3020.5
10,-1003,124,3020,-1002.5,125,3020.5
10,-1002,124,3020,-1001.5,125,3020.5
10,-1001,124,3020,-1000.5,125,3020.5
10,-1000,124,3020,-999.5,125,3020.5
10,-999,124,3020,-998.5,125,3020.5
10,-998,124,3020,-997.5,125,3020.5
10,-1004,124,3021,-1003.5,125,3021.5
10,-1003,124,3021,-1002.5,125,3021.5
10,-1002,124,3021,-1001.5,125,3021.5
10,-1001,124,3021,-1000.5,125,3021.5
10,-1000,124,3021,-999.5,125,3021.5
10,-1002,124,3022,-1001.5,125,3022.5
